ISO-10303-21;
HEADER;
FILE_DESCRIPTION (( 'STEP AP203' ),
    '1' );
FILE_NAME ('91294A238_Black-Oxide Alloy Steel Hex Drive Flat Head Screw.STEP',
    '2022-09-01T18:42:39',
    ( 'Administrator' ),
    ( 'Managed by Terraform' ),
    'SwSTEP 2.0',
    'SolidWorks 2017',
    '' );
FILE_SCHEMA (( 'CONFIG_CONTROL_DESIGN' ));
ENDSEC;

DATA;
#1 = DIRECTION ( 'NONE',  ( 0.0000000000000000000, 1.000000000000000000, 0.0000000000000000000 ) ) ;
#2 = ORIENTED_EDGE ( 'NONE', *, *, #2901, .F. ) ;
#3 = CARTESIAN_POINT ( 'NONE',  ( -3.054126587736528900, -1.880429512020387300E-015, -7.656250000000004400 ) ) ;
#4 = ADVANCED_FACE ( 'NONE', ( #2878 ), #533, .F. ) ;
#5 = CARTESIAN_POINT ( 'NONE',  ( -1.662041016787797700, -1.662041016787801500, -1.000000000000000000 ) ) ;
#6 = CARTESIAN_POINT ( 'NONE',  ( -2.159593620790630600, 2.159593620790627900, -3.843750000000000000 ) ) ;
#7 = CARTESIAN_POINT ( 'NONE',  ( 0.0000000000000000000, 3.054126587736524900, 0.03125000000000002800 ) ) ;
#8 = CARTESIAN_POINT ( 'NONE',  ( 2.121320343559644600, -2.121320343559650400, 2.625000000000001300 ) ) ;
#9 = CARTESIAN_POINT ( 'NONE',  ( -1.773009579550263200, 1.889127873462837200, -7.515177342574879100 ) ) ;
#10 = CARTESIAN_POINT ( 'NONE',  ( -1.662041016787797700, -1.662041016787801300, -1.125000000000000200 ) ) ;
#11 = CARTESIAN_POINT ( 'NONE',  ( -2.878508968398380700E-016, -2.350480947161676300, 0.0000000000000000000 ) ) ;
#12 = CARTESIAN_POINT ( 'NONE',  ( 1.999999999999999600, 8.127580809286917900E-015, 7.690598923241499700 ) ) ;
#13 = CARTESIAN_POINT ( 'NONE',  ( -1.242640687114706900, -3.000000000004937800, -3.437499999999816100 ) ) ;
#14 = CARTESIAN_POINT ( 'NONE',  ( 3.054126587736528900, -3.329036185752725200E-015, -5.156250000000004400 ) ) ;
#15 = CARTESIAN_POINT ( 'NONE',  ( -1.342526258967442000, -1.534293179749509200, 7.720701438624397300 ) ) ;
#16 = ORIENTED_EDGE ( 'NONE', *, *, #47, .T. ) ;
#17 = CARTESIAN_POINT ( 'NONE',  ( -1.662041016787797500, 1.662041016787794100, -3.250000000000000400 ) ) ;
#18 = CARTESIAN_POINT ( 'NONE',  ( 3.054126587736528500, 1.265060653844731500, -7.156250000000000000 ) ) ;
#19 = CARTESIAN_POINT ( 'NONE',  ( 3.054126587736528000, -1.265060653844738900, 0.7187500000000005600 ) ) ;
#20 = CARTESIAN_POINT ( 'NONE',  ( -2.121320343559644600, -2.121320343559647300, -5.624999999999999100 ) ) ;
#21 = VERTEX_POINT ( 'NONE', #813 ) ;
#22 = CARTESIAN_POINT ( 'NONE',  ( -0.3510456543867354600, 2.503848962072155800, -7.577707364992779300 ) ) ;
#23 = CARTESIAN_POINT ( 'NONE',  ( -2.350480947161672300, -3.998928539732185600E-015, -0.2500000000000002200 ) ) ;
#24 = CARTESIAN_POINT ( 'NONE',  ( 0.9736010864139245100, 2.350480947161667900, -0.5625000000000004400 ) ) ;
#25 = ADVANCED_FACE ( 'NONE', ( #791 ), #402, .F. ) ;
#26 = PERSON_AND_ORGANIZATION_ROLE ( 'creator' ) ;
#27 = CARTESIAN_POINT ( 'NONE',  ( 0.0000000000000000000, 3.000000000000000400, -8.000000000000000000 ) ) ;
#28 = CARTESIAN_POINT ( 'NONE',  ( 1.265060653844732400, -3.054126587736532900, -4.343750000000005300 ) ) ;
#29 = DIRECTION ( 'NONE',  ( 0.0000000000000000000, 1.000000000000000000, 0.0000000000000000000 ) ) ;
#30 = EDGE_CURVE ( 'NONE', #632, #1562, #2612, .T. ) ;
#31 = CARTESIAN_POINT ( 'NONE',  ( 1.662041016787797500, -1.662041016787801300, -2.750000000000000900 ) ) ;
#32 = LINE ( 'NONE', #2575, #3673 ) ;
#33 = CARTESIAN_POINT ( 'NONE',  ( -2.159593620790630600, 2.159593620790628300, -4.843750000000000000 ) ) ;
#34 = CARTESIAN_POINT ( 'NONE',  ( -3.054126587736528900, 1.265060653844728000, 3.218749999999999600 ) ) ;
#35 = DIRECTION ( 'NONE',  ( 0.0000000000000000000, 1.000000000000000000, 1.445602896647339200E-016 ) ) ;
#36 = VECTOR ( 'NONE', #1912, 1000.000000000000000 ) ;
#37 = CARTESIAN_POINT ( 'NONE',  ( 1.662041016787797500, -1.662041016787801900, 0.1250000000000001100 ) ) ;
#38 =( BOUNDED_CURVE ( )  B_SPLINE_CURVE ( 2, ( #3375, #1676, #3395, #1666, #811, #1949, #473, #201, #1054 ),
 .UNSPECIFIED., .F., .F. ) 
 B_SPLINE_CURVE_WITH_KNOTS ( ( 3, 2, 2, 2, 3 ),
 ( 0.02026132199744921600, 0.02261840857319962600, 0.02497549514895000500, 0.02733258172470038800, 0.02968966830045079900 ),
 .UNSPECIFIED. ) 
 CURVE ( )  GEOMETRIC_REPRESENTATION_ITEM ( )  RATIONAL_B_SPLINE_CURVE ( ( 1.000000000000824500, 0.9238795325104622900, 1.000000000000000000, 0.9238795325112867400, 1.000000000000000000, 0.9238795325112867400, 1.000000000000000000, 0.9238795325112867400, 1.000000000000000000 ) ) 
 REPRESENTATION_ITEM ( '' )  );
#39 = LINE ( 'NONE', #1738, #3205 ) ;
#40 = CARTESIAN_POINT ( 'NONE',  ( 0.0000000000000000000, 2.350480947161667900, 0.5000000000000004400 ) ) ;
#41 = CARTESIAN_POINT ( 'NONE',  ( 0.0000000000000000000, 8.127580809560354500E-015, 8.000000000000000000 ) ) ;
#42 = LOCAL_TIME ( 13, 42, 39.00000000000000000, #1585 ) ;
#43 = CARTESIAN_POINT ( 'NONE',  ( -3.054126587736528900, -2.440878635028278900E-015, -5.656250000000004400 ) ) ;
#44 = ADVANCED_FACE ( 'NONE', ( #1536 ), #1428, .T. ) ;
#45 = CARTESIAN_POINT ( 'NONE',  ( 0.9736010864139224000, -2.350480947161677700, 2.187500000000000400 ) ) ;
#46 = CARTESIAN_POINT ( 'NONE',  ( 0.0000000000000000000, 3.054126587736526200, -5.968750000000000000 ) ) ;
#47 = EDGE_CURVE ( 'NONE', #1609, #2542, #1377, .T. ) ;
#48 = CARTESIAN_POINT ( 'NONE',  ( 0.0000000000000000000, 2.350480947161670600, -8.375000000000000000 ) ) ;
#49 = CARTESIAN_POINT ( 'NONE',  ( -2.234035534160415400, 0.7306475997898107500, 4.700000000000003700 ) ) ;
#50 = VERTEX_POINT ( 'NONE', #1986 ) ;
#51 = CARTESIAN_POINT ( 'NONE',  ( -2.524561124978147200, -0.9859596760141684500, -7.395310167438390500 ) ) ;
#52 = CARTESIAN_POINT ( 'NONE',  ( -1.662041016787797500, 1.662041016787793700, -0.3750000000000003300 ) ) ;
#53 = VERTEX_POINT ( 'NONE', #575 ) ;
#54 = CARTESIAN_POINT ( 'NONE',  ( 1.999999999999999600, -0.7874566122254265100, 7.832064074946182500 ) ) ;
#55 = CARTESIAN_POINT ( 'NONE',  ( -3.000000000000002700, -1.242640687119291200, 2.312500000000001800 ) ) ;
#56 = CARTESIAN_POINT ( 'NONE',  ( -2.159593620790630600, 2.159593620790628800, -7.781250000000002700 ) ) ;
#57 = CARTESIAN_POINT ( 'NONE',  ( -1.170912023301354400, -1.633374704908096900, 7.690174752043265700 ) ) ;
#58 = CARTESIAN_POINT ( 'NONE',  ( 0.9736010864139245100, 2.350480947161667900, -0.4375000000000003300 ) ) ;
#59 = CARTESIAN_POINT ( 'NONE',  ( 3.054126587736528900, -3.311522150658729100E-015, -5.218750000000000000 ) ) ;
#60 = CARTESIAN_POINT ( 'NONE',  ( 3.054126587736528500, 1.265060653844727800, 4.843750000000000900 ) ) ;
#61 = CARTESIAN_POINT ( 'NONE',  ( 2.350480947161671900, -0.9692181433974707000, -7.687218638421474500 ) ) ;
#62 = CARTESIAN_POINT ( 'NONE',  ( -1.662041016787797500, 1.662041016787792400, 3.624999999999999600 ) ) ;
#63 = CARTESIAN_POINT ( 'NONE',  ( 1.662041016787797500, -1.662041016787801900, -0.7500000000000006700 ) ) ;
#64 = ORIENTED_EDGE ( 'NONE', *, *, #3287, .T. ) ;
#65 = ORIENTED_EDGE ( 'NONE', *, *, #2075, .T. ) ;
#66 = CARTESIAN_POINT ( 'NONE',  ( 0.0000000000000000000, 2.999999999999998700, 5.996993266560446400E-016 ) ) ;
#67 = ORIENTED_EDGE ( 'NONE', *, *, #2381, .T. ) ;
#68 = CARTESIAN_POINT ( 'NONE',  ( 1.897627117103893900, 2.300214676021894400, -7.124435306297918700 ) ) ;
#69 = CARTESIAN_POINT ( 'NONE',  ( 0.0000000000000000000, 3.054126587736525300, -0.9062500000000025500 ) ) ;
#70 = DIRECTION ( 'NONE',  ( -0.0000000000000000000, 1.224646799147353200E-016, -1.000000000000000000 ) ) ;
#71 = CARTESIAN_POINT ( 'NONE',  ( 0.9736010864139224000, -2.350480947161677200, 0.1875000000000001700 ) ) ;
#72 = CARTESIAN_POINT ( 'NONE',  ( 3.054126587736528000, -1.265060653844738200, -3.281250000000000400 ) ) ;
#73 = CARTESIAN_POINT ( 'NONE',  ( 0.0000000000000000000, 3.054126587736524000, 3.031249999999999100 ) ) ;
#74 = CARTESIAN_POINT ( 'NONE',  ( 1.662041016787797500, -1.662041016787801300, -2.750000000000000900 ) ) ;
#75 = APPLICATION_CONTEXT ( 'configuration controlled 3d designs of mechanical parts and assemblies' ) ;
#76 = CARTESIAN_POINT ( 'NONE',  ( -3.000000000000002700, -3.538820126024082800E-015, -1.749999999999999100 ) ) ;
#77 = CARTESIAN_POINT ( 'NONE',  ( -2.121320343559644600, -2.121320343559649900, 2.375000000000001300 ) ) ;
#78 = CARTESIAN_POINT ( 'NONE',  ( 2.159593620790630600, -2.159593620790634500, -3.281250000000006200 ) ) ;
#79 = LINE ( 'NONE', #3438, #3068 ) ;
#80 = CARTESIAN_POINT ( 'NONE',  ( -0.9736010864139230700, 2.350480947161669200, -3.437500000000000400 ) ) ;
#81 = CARTESIAN_POINT ( 'NONE',  ( 2.350480947161671900, 0.9736010864139187400, 2.437500000000000400 ) ) ;
#82 = CYLINDRICAL_SURFACE ( 'NONE', #842, 3.000000000000000000 ) ;
#83 = CARTESIAN_POINT ( 'NONE',  ( -1.265060653844733100, -3.054126587736532900, -1.531249999999999600 ) ) ;
#84 = CARTESIAN_POINT ( 'NONE',  ( -2.159593620790631000, -2.159593620790636300, 4.406250000000000000 ) ) ;
#85 = CARTESIAN_POINT ( 'NONE',  ( 0.0000000000000000000, 8.127580809560354500E-015, 8.000000000000000000 ) ) ;
#86 = CARTESIAN_POINT ( 'NONE',  ( -1.662041016787797500, 1.662041016787792100, 4.624999999999999100 ) ) ;
#87 = CARTESIAN_POINT ( 'NONE',  ( 2.350480947161671900, -0.9736010864139282800, -0.6875000000000005600 ) ) ;
#88 = CYLINDRICAL_SURFACE ( 'NONE', #2208, 3.000000000000000000 ) ;
#89 = CARTESIAN_POINT ( 'NONE',  ( -1.662041016787797500, 1.662041016787795900, -8.375000000000000000 ) ) ;
#90 = CARTESIAN_POINT ( 'NONE',  ( 3.054126587736528900, -4.169709870264562300E-015, -2.156250000000004400 ) ) ;
#91 = CARTESIAN_POINT ( 'NONE',  ( 0.0000000000000000000, 2.350480947161669700, -5.500000000000000900 ) ) ;
#92 = ORIENTED_EDGE ( 'NONE', *, *, #1589, .T. ) ;
#93 = CARTESIAN_POINT ( 'NONE',  ( -1.662041016787797700, -1.662041016787802100, 2.000000000000000000 ) ) ;
#94 = CARTESIAN_POINT ( 'NONE',  ( 2.159593620790630600, -2.159593620790634500, -3.343750000000000400 ) ) ;
#95 = CARTESIAN_POINT ( 'NONE',  ( 0.9736010864139245100, 2.350480947161669200, -5.437500000000001800 ) ) ;
#96 = CARTESIAN_POINT ( 'NONE',  ( 0.9650911289472426900, 2.402417127202529200, 4.700000000000002000 ) ) ;
#97 = CARTESIAN_POINT ( 'NONE',  ( 2.350480947161671900, 0.9736010864139180700, 4.312500000000000900 ) ) ;
#98 = CARTESIAN_POINT ( 'NONE',  ( 1.662041016787797500, -1.662041016787801000, -3.750000000000000900 ) ) ;
#99 = CARTESIAN_POINT ( 'NONE',  ( -3.673940397442062800E-016, -3.000000000000006700, -1.499999999999999100 ) ) ;
#100 = DIRECTION ( 'NONE',  ( 0.0000000000000000000, 1.000000000000000000, 0.0000000000000000000 ) ) ;
#101 = CARTESIAN_POINT ( 'NONE',  ( 2.350480947161671900, -0.9736010864139262900, -7.812500000000000000 ) ) ;
#102 = EDGE_CURVE ( 'NONE', #140, #731, #1499, .T. ) ;
#103 = CARTESIAN_POINT ( 'NONE',  ( -1.265060653844732700, 3.054126587736526200, -2.843750000000002700 ) ) ;
#104 =( BOUNDED_CURVE ( )  B_SPLINE_CURVE ( 2, ( #3611, #3056, #3033, #2205, #1002, #3634, #466, #1591, #3598 ),
 .UNSPECIFIED., .F., .F. ) 
 B_SPLINE_CURVE_WITH_KNOTS ( ( 3, 2, 2, 2, 3 ),
 ( 0.06740220825767073700, 0.06975919833850596800, 0.07211618841934124000, 0.07447317850017648500, 0.07683016858101171500 ),
 .UNSPECIFIED. ) 
 CURVE ( )  GEOMETRIC_REPRESENTATION_ITEM ( )  RATIONAL_B_SPLINE_CURVE ( ( 0.9999999999999895600, 0.9238795325112971700, 1.000000000000000000, 0.9238795325112867400, 1.000000000000000000, 0.9238795325112867400, 1.000000000000000000, 0.9238795325117013000, 0.9999999999995854400 ) ) 
 REPRESENTATION_ITEM ( '' )  );
#105 = CARTESIAN_POINT ( 'NONE',  ( 0.0000000000000000000, 3.000000000000000400, -8.000000000000000000 ) ) ;
#106 = CARTESIAN_POINT ( 'NONE',  ( -0.9736010864139230700, 2.350480947161669700, -5.437500000000001800 ) ) ;
#107 = VERTEX_POINT ( 'NONE', #228 ) ;
#108 = CARTESIAN_POINT ( 'NONE',  ( -0.9736010864139230700, 2.350480947161669700, -5.312500000000001800 ) ) ;
#109 = CARTESIAN_POINT ( 'NONE',  ( 0.9736010864139224000, -2.350480947161675400, -5.812500000000000000 ) ) ;
#110 = ORIENTED_EDGE ( 'NONE', *, *, #2192, .T. ) ;
#111 = CARTESIAN_POINT ( 'NONE',  ( 2.667261794794735300E-016, -2.309401076758503800, 5.690000000000000400 ) ) ;
#112 = CARTESIAN_POINT ( 'NONE',  ( 2.350480947161671900, 0.9736010864139197400, -1.562500000000000900 ) ) ;
#113 = VERTEX_POINT ( 'NONE', #2042 ) ;
#114 = CARTESIAN_POINT ( 'NONE',  ( -2.398308808133581600E-011, -3.000000000000001300, 4.624999999998791200 ) ) ;
#115 = CARTESIAN_POINT ( 'NONE',  ( -1.662041016787797700, -1.662041016787801900, 0.9999999999999991100 ) ) ;
#116 = CARTESIAN_POINT ( 'NONE',  ( -3.054126587736528900, -1.265060653844735800, -3.593750000000004000 ) ) ;
#117 = CARTESIAN_POINT ( 'NONE',  ( 1.753773599790809500, 2.433984009946816900, -7.099999999999998800 ) ) ;
#118 = CARTESIAN_POINT ( 'NONE',  ( -2.350480947161672300, 0.9736010864139202900, -5.312500000000001800 ) ) ;
#119 = EDGE_CURVE ( 'NONE', #1078, #494, #2064, .T. ) ;
#120 = CARTESIAN_POINT ( 'NONE',  ( 1.662041016787797900, 1.662041016787794800, -6.500000000000000900 ) ) ;
#121 = CARTESIAN_POINT ( 'NONE',  ( -2.350480947161672300, -0.9736010864139257300, -5.062500000000000900 ) ) ;
#122 = CARTESIAN_POINT ( 'NONE',  ( 0.9736010864139245100, 2.350480947161667900, 0.5625000000000004400 ) ) ;
#123 = CYLINDRICAL_SURFACE ( 'NONE', #3064, 3.000000000000000000 ) ;
#124 = CARTESIAN_POINT ( 'NONE',  ( 1.351493277329141500, -1.529116069284555100, 7.729005241798633500 ) ) ;
#125 = FACE_OUTER_BOUND ( 'NONE', #2266, .T. ) ;
#126 = CARTESIAN_POINT ( 'NONE',  ( 2.350480947161671900, -0.9736010864139268400, -5.812500000000000000 ) ) ;
#127 = CARTESIAN_POINT ( 'NONE',  ( -2.350480947161672300, -2.037356609204565000E-015, -7.250000000000000000 ) ) ;
#128 = FACE_OUTER_BOUND ( 'NONE', #262, .T. ) ;
#129 = CARTESIAN_POINT ( 'NONE',  ( 3.054126587736528500, 1.265060653844729100, 0.9062499999999956700 ) ) ;
#130 = CARTESIAN_POINT ( 'NONE',  ( -3.000000000000002700, 1.242640687119283700, -4.812500000000000000 ) ) ;
#131 = CARTESIAN_POINT ( 'NONE',  ( -0.9736010864139230700, 2.350480947161668800, -2.437500000000000400 ) ) ;
#132 = CALENDAR_DATE ( 2022, 1, 9 ) ;
#133 = CARTESIAN_POINT ( 'NONE',  ( 1.999999999999999600, 1.154700538379252400, 5.690000000000000400 ) ) ;
#134 = CARTESIAN_POINT ( 'NONE',  ( -0.9736010864139231800, 2.350480947161669200, -4.312500000000000900 ) ) ;
#135 = CARTESIAN_POINT ( 'NONE',  ( 1.662041016787797900, 1.662041016787792800, 0.5000000000000004400 ) ) ;
#136 = ORIENTED_EDGE ( 'NONE', *, *, #3036, .F. ) ;
#137 = CARTESIAN_POINT ( 'NONE',  ( -3.000000000000002700, -1.242640687119290800, 1.312500000000000200 ) ) ;
#138 = CARTESIAN_POINT ( 'NONE',  ( 2.159593620790631000, 2.159593620790626600, -1.093750000000000000 ) ) ;
#139 = CARTESIAN_POINT ( 'NONE',  ( 0.0000000000000000000, 3.000000000000000000, -6.999999999999999100 ) ) ;
#140 = VERTEX_POINT ( 'NONE', #602 ) ;
#141 = CARTESIAN_POINT ( 'NONE',  ( 0.0000000000000000000, 3.054126587736524000, 3.093749999999997300 ) ) ;
#142 = CARTESIAN_POINT ( 'NONE',  ( -3.000000000000000900, -2.452949950196292400E-015, -5.625000000000003600 ) ) ;
#143 = CARTESIAN_POINT ( 'NONE',  ( -2.350480947161672300, 0.9736010864139190700, -1.312500000000000400 ) ) ;
#144 = CARTESIAN_POINT ( 'NONE',  ( 0.0000000000000000000, 2.350480947161667000, 4.625000000000000900 ) ) ;
#145 = CARTESIAN_POINT ( 'NONE',  ( -0.9736010864139231800, 2.350480947161670100, -6.312500000000000000 ) ) ;
#146 = AXIS2_PLACEMENT_3D ( 'NONE', #1168, #531, #3184 ) ;
#147 = CARTESIAN_POINT ( 'NONE',  ( -0.9736010864139230700, 2.350480947161667900, 1.687499999999999800 ) ) ;
#148 = CARTESIAN_POINT ( 'NONE',  ( 1.242640687128955900, -2.999999999990334000, -6.312499999999317000 ) ) ;
#149 = CARTESIAN_POINT ( 'NONE',  ( -3.000000000000002700, 1.242640687119281900, 1.187500000000000000 ) ) ;
#150 = DIRECTION ( 'NONE',  ( 0.0000000000000000000, 0.0000000000000000000, 1.000000000000000000 ) ) ;
#151 =( BOUNDED_CURVE ( )  B_SPLINE_CURVE ( 2, ( #312, #2344, #1786, #2912, #1174, #1218, #606, #3500, #323 ),
 .UNSPECIFIED., .F., .F. ) 
 B_SPLINE_CURVE_WITH_KNOTS ( ( 3, 2, 2, 2, 3 ),
 ( 0.3571428571428572100, 0.3660714285714286000, 0.3750000000000001100, 0.3839285714285715600, 0.3928571428571429600 ),
 .UNSPECIFIED. ) 
 CURVE ( )  GEOMETRIC_REPRESENTATION_ITEM ( )  RATIONAL_B_SPLINE_CURVE ( ( 0.9999999999999995600, 0.9238795325112871800, 1.000000000000000000, 0.9238795325112867400, 1.000000000000000000, 0.9238795325112867400, 1.000000000000000000, 0.9238795325112857400, 1.000000000000000900 ) ) 
 REPRESENTATION_ITEM ( '' )  );
#152 = VERTEX_POINT ( 'NONE', #2617 ) ;
#153 = CARTESIAN_POINT ( 'NONE',  ( 0.9736010864139245100, 2.350480947161669700, -6.562500000000000900 ) ) ;
#154 = ORIENTED_EDGE ( 'NONE', *, *, #3206, .F. ) ;
#155 = CARTESIAN_POINT ( 'NONE',  ( 3.054126587736528000, -1.265060653844739800, 3.781249999999996900 ) ) ;
#156 = CARTESIAN_POINT ( 'NONE',  ( -0.9736010864139230700, 2.350480947161667900, -1.437500000000000700 ) ) ;
#157 = EDGE_LOOP ( 'NONE', ( #2723, #922, #819, #1776 ) ) ;
#158 = CARTESIAN_POINT ( 'NONE',  ( 2.350480947161671900, 0.9736010864139180700, 4.437500000000000900 ) ) ;
#159 = CARTESIAN_POINT ( 'NONE',  ( -1.662041016787797700, -1.662041016787800400, -5.000000000000000900 ) ) ;
#160 = CARTESIAN_POINT ( 'NONE',  ( 2.350480947161671900, 0.9736010864139187400, 2.437500000000000400 ) ) ;
#161 = CARTESIAN_POINT ( 'NONE',  ( 2.121320343559643700, 2.121320343559639700, -6.000000000000001800 ) ) ;
#162 = PERSON ( 'UNSPECIFIED', 'UNSPECIFIED', 'UNSPECIFIED', ('UNSPECIFIED'), ('UNSPECIFIED'), ('UNSPECIFIED') ) ;
#163 = CARTESIAN_POINT ( 'NONE',  ( -2.350480947161672300, -2.317581170708511000E-015, -6.250000000000000000 ) ) ;
#164 = CARTESIAN_POINT ( 'NONE',  ( -2.159593620790631000, -2.159593620790635400, 2.468749999999993300 ) ) ;
#165 = CARTESIAN_POINT ( 'NONE',  ( -2.121320343559643300, 2.121320343559641500, -5.750000000000002700 ) ) ;
#166 = EDGE_CURVE ( 'NONE', #494, #3039, #39, .T. ) ;
#167 = CARTESIAN_POINT ( 'NONE',  ( 5.710171592217876900E-014, 3.000000000000000400, -6.875000000000006200 ) ) ;
#168 = SECURITY_CLASSIFICATION ( '', '', #723 ) ;
#169 = CARTESIAN_POINT ( 'NONE',  ( -2.350480947161672300, -0.9736010864139267300, -1.062500000000000200 ) ) ;
#170 = FACE_OUTER_BOUND ( 'NONE', #3692, .T. ) ;
#171 = CARTESIAN_POINT ( 'NONE',  ( 0.9736010864139224000, -2.350480947161677700, 3.187499999999999600 ) ) ;
#172 = CARTESIAN_POINT ( 'NONE',  ( 2.121320343559642800, 2.121320343559638800, -4.000000000000001800 ) ) ;
#173 = COORDINATED_UNIVERSAL_TIME_OFFSET ( 6, 0, .BEHIND. ) ;
#174 = EDGE_CURVE ( 'NONE', #3520, #1748, #3307, .T. ) ;
#175 = CARTESIAN_POINT ( 'NONE',  ( -1.332880934774670200, 1.942092858460487300, 4.699999999999999300 ) ) ;
#176 = LINE ( 'NONE', #2197, #2711 ) ;
#177 = CARTESIAN_POINT ( 'NONE',  ( -3.054126587736528900, -1.265060653844737800, 2.406249999999995100 ) ) ;
#178 = CARTESIAN_POINT ( 'NONE',  ( 2.667261794794735300E-016, -2.309401076758503800, 5.690000000000000400 ) ) ;
#179 = DIRECTION ( 'NONE',  ( -0.0000000000000000000, 1.224646799147353200E-016, -1.000000000000000000 ) ) ;
#180 = CARTESIAN_POINT ( 'NONE',  ( 2.350480947161671900, 0.9736010864139191800, 0.4375000000000003900 ) ) ;
#181 = EDGE_LOOP ( 'NONE', ( #1448, #2359, #646, #1073 ) ) ;
#182 = CARTESIAN_POINT ( 'NONE',  ( 0.9736010864139245100, 2.350480947161666600, 3.562500000000000000 ) ) ;
#183 = CARTESIAN_POINT ( 'NONE',  ( 0.0000000000000000000, 3.000000000000000000, -5.875000000000002700 ) ) ;
#184 = EDGE_CURVE ( 'NONE', #632, #152, #3676, .T. ) ;
#185 = DIRECTION ( 'NONE',  ( 0.0000000000000000000, 0.0000000000000000000, 1.000000000000000000 ) ) ;
#186 = CARTESIAN_POINT ( 'NONE',  ( -3.000000000000014200, -1.242640687119295400, 0.4374999999999880700 ) ) ;
#187 = CARTESIAN_POINT ( 'NONE',  ( -2.350480947161672300, -3.193282925408341600E-015, -3.125000000000000000 ) ) ;
#188 = EDGE_LOOP ( 'NONE', ( #1192, #582 ) ) ;
#189 = CARTESIAN_POINT ( 'NONE',  ( 0.0000000000000000000, 2.350480947161670100, -6.500000000000000900 ) ) ;
#190 = ORIENTED_EDGE ( 'NONE', *, *, #2229, .T. ) ;
#191 = VERTEX_POINT ( 'NONE', #2924 ) ;
#192 = CARTESIAN_POINT ( 'NONE',  ( 0.0000000000000000000, 3.000000000000000000, -6.000000000000000000 ) ) ;
#193 = AXIS2_PLACEMENT_3D ( 'NONE', #2041, #2354, #2655 ) ;
#194 = CARTESIAN_POINT ( 'NONE',  ( -2.999999999999999600, 1.242640687119282800, -6.687500000000003600 ) ) ;
#195 = CARTESIAN_POINT ( 'NONE',  ( -0.9736010864139232900, -2.350480947161675900, -1.937500000000000000 ) ) ;
#196 = CARTESIAN_POINT ( 'NONE',  ( 1.662041016787797900, 1.662041016787791900, 3.499999999999999600 ) ) ;
#197 = CARTESIAN_POINT ( 'NONE',  ( -2.350480947161672300, 0.9736010864139212900, -8.187500000000000000 ) ) ;
#198 = CARTESIAN_POINT ( 'NONE',  ( -2.234035534160415400, 0.7306475997898107500, 4.700000000000003700 ) ) ;
#199 = LINE ( 'NONE', #3144, #2439 ) ;
#200 = CARTESIAN_POINT ( 'NONE',  ( -3.054126587736528900, 1.265060653844727500, 4.281249999999994700 ) ) ;
#201 = CARTESIAN_POINT ( 'NONE',  ( -1.242640687119284800, 2.999999999999993800, 3.187499999999999100 ) ) ;
#202 = LINE ( 'NONE', #1864, #1762 ) ;
#203 = VECTOR ( 'NONE', #2182, 1000.000000000000000 ) ;
#204 = CARTESIAN_POINT ( 'NONE',  ( -2.878508968398380700E-016, -2.350480947161677200, 2.000000000000000000 ) ) ;
#205 = CARTESIAN_POINT ( 'NONE',  ( 2.350480947161671900, 0.9736010864139195100, -0.5625000000000004400 ) ) ;
#206 = CARTESIAN_POINT ( 'NONE',  ( -2.350480947161672300, -0.9736010864139281700, 3.937500000000000000 ) ) ;
#207 = CARTESIAN_POINT ( 'NONE',  ( 2.350480947161671900, -0.9736010864139272900, -4.687500000000000900 ) ) ;
#208 = EDGE_CURVE ( 'NONE', #1871, #2428, #1731, .T. ) ;
#209 = CARTESIAN_POINT ( 'NONE',  ( 3.000000000000002200, 1.242640687119283200, -1.187499999999999600 ) ) ;
#210 = AXIS2_PLACEMENT_3D ( 'NONE', #2503, #2025, #3075 ) ;
#211 = CARTESIAN_POINT ( 'NONE',  ( -2.350480947161672300, -3.438479416724294100E-015, -2.250000000000000400 ) ) ;
#212 = ORIENTED_EDGE ( 'NONE', *, *, #283, .F. ) ;
#213 = CARTESIAN_POINT ( 'NONE',  ( 0.9736010864139224000, -2.350480947161676300, -2.937500000000001800 ) ) ;
#214 = DIRECTION ( 'NONE',  ( -0.0000000000000000000, 1.224646799147353200E-016, -1.000000000000000000 ) ) ;
#215 = CARTESIAN_POINT ( 'NONE',  ( -0.3190291860744125500, 2.125209490299093700, 7.831434952634118900 ) ) ;
#216 = CARTESIAN_POINT ( 'NONE',  ( 1.662041016787797900, 1.662041016787793500, -1.625000000000000700 ) ) ;
#217 = EDGE_LOOP ( 'NONE', ( #2325, #452, #1237, #879 ) ) ;
#218 = CARTESIAN_POINT ( 'NONE',  ( 0.0000000000000000000, 3.054126587736527100, -8.906250000000003600 ) ) ;
#219 = CARTESIAN_POINT ( 'NONE',  ( -2.350480947161672300, -0.9736010864139249500, -7.187500000000000000 ) ) ;
#220 = CARTESIAN_POINT ( 'NONE',  ( 1.662041016787797500, -1.662041016787800100, -7.750000000000000900 ) ) ;
#221 = CARTESIAN_POINT ( 'NONE',  ( -2.350480947161672300, -4.839602224244022400E-015, 2.749999999999999100 ) ) ;
#222 = DIRECTION ( 'NONE',  ( 0.0000000000000000000, 0.0000000000000000000, 1.000000000000000000 ) ) ;
#223 = EDGE_CURVE ( 'NONE', #1320, #2527, #1048, .T. ) ;
#224 = CARTESIAN_POINT ( 'NONE',  ( -2.350480947161672300, -0.9736010864139258400, -5.187500000000001800 ) ) ;
#225 = CARTESIAN_POINT ( 'NONE',  ( -2.878508968398380700E-016, -2.350480947161675400, -4.000000000000000000 ) ) ;
#226 = CARTESIAN_POINT ( 'NONE',  ( 0.0000000000000000000, 2.999999999999998200, 1.000000000000001600 ) ) ;
#227 = VERTEX_POINT ( 'NONE', #1768 ) ;
#228 = CARTESIAN_POINT ( 'NONE',  ( 0.0000000000000000000, 2.999999999999998200, 2.124999999999996000 ) ) ;
#229 = ORIENTED_EDGE ( 'NONE', *, *, #1803, .F. ) ;
#230 = CARTESIAN_POINT ( 'NONE',  ( 1.662041016787797900, 1.662041016787793000, 0.3750000000000003300 ) ) ;
#231 = CARTESIAN_POINT ( 'NONE',  ( 0.0000000000000000000, 2.350480947161667000, 3.499999999999999600 ) ) ;
#232 = CARTESIAN_POINT ( 'NONE',  ( 2.350480947161671900, -0.9736010864139292800, 3.312499999999999600 ) ) ;
#233 = ORIENTED_EDGE ( 'NONE', *, *, #2566, .T. ) ;
#234 = CARTESIAN_POINT ( 'NONE',  ( -0.9736010864139231800, -2.350480947161675000, -6.062500000000000000 ) ) ;
#235 = CARTESIAN_POINT ( 'NONE',  ( 0.9736010864139245100, 2.350480947161669700, -6.437500000000000900 ) ) ;
#236 = CARTESIAN_POINT ( 'NONE',  ( 1.753773599790809500, 2.433984009946816900, -7.099999999999997900 ) ) ;
#237 = CARTESIAN_POINT ( 'NONE',  ( 1.662041016787797900, 1.662041016787793500, -1.625000000000000700 ) ) ;
#238 = CARTESIAN_POINT ( 'NONE',  ( 2.350480947161671900, 0.9736010864139202900, -3.687500000000000900 ) ) ;
#239 = ADVANCED_FACE ( 'NONE', ( #571 ), #893, .T. ) ;
#240 = CARTESIAN_POINT ( 'NONE',  ( 3.000000000000311800, 1.242640687119410700, 1.937499999999817700 ) ) ;
#241 = CARTESIAN_POINT ( 'NONE',  ( -2.121320343559820000, 2.121320343559817800, -3.750000000000147000 ) ) ;
#242 = CARTESIAN_POINT ( 'NONE',  ( -1.662041016787797500, 1.662041016787792100, 4.624999999999999100 ) ) ;
#243 = CARTESIAN_POINT ( 'NONE',  ( 1.662041016787797500, -1.662041016787803200, 4.250000000000000000 ) ) ;
#244 = CARTESIAN_POINT ( 'NONE',  ( 0.0000000000000000000, 2.350480947161670100, -6.375000000000000900 ) ) ;
#245 = CARTESIAN_POINT ( 'NONE',  ( -1.662041016787797500, 1.662041016787792400, 3.624999999999999600 ) ) ;
#246 = CARTESIAN_POINT ( 'NONE',  ( -1.265060653844732700, 3.054126587736524500, 1.093749999999999100 ) ) ;
#247 = FACE_OUTER_BOUND ( 'NONE', #2315, .T. ) ;
#248 = CARTESIAN_POINT ( 'NONE',  ( -1.662041016787797700, -1.662041016787801000, -2.125000000000000000 ) ) ;
#249 = CARTESIAN_POINT ( 'NONE',  ( -2.350480947161672300, -3.158254855220348100E-015, -3.250000000000000400 ) ) ;
#250 = CARTESIAN_POINT ( 'NONE',  ( 2.121320343559644600, -2.121320343559647300, -6.375000000000000900 ) ) ;
#251 =( BOUNDED_CURVE ( )  B_SPLINE_CURVE ( 2, ( #1805, #61, #650, #941, #2980, #3268, #970, #1233, #1832, #958, #2189, #3012, #3603, #3325, #1881, #3318, #1005, #2742, #3581, #1312, #1019, #2730, #1275, #145, #450, #2465, #414, #3047, #3336, #1856, #2177, #109, #707, #1323, #3593, #2445, #3024, #1607, #2145, #1595, #1557, #1904, #739, #121, #159, #1026, #1287, #426, #693, #3615, #2430, #730, #2477, #3306, #981, #134, #1570, #2762, #2165, #3058, #401, #1893, #2458, #1868, #440, #720, #2751, #3571, #994, #3037, #1581, #2716, #2154, #1300, #187, #3348, #2774, #1943, #1933, #486, #2225, #469, #3656, #1046, #497, #3377, #768, #787, #1065, #2217, #3637, #1351, #3370, #195, #3386, #3095, #2811, #3078, #1340, #1057, #3067, #779, #1646, #2516, #2802, #1334, #2206, #169, #2200, #3664, #3627, #1362, #1657, #1079, #2523, #205, #1037, #460, #1628, #3085, #1953, #2235, #3104, #1619, #3361, #1916, #1639, #2489, #1925, #751, #474, #180, #2497, #758, #2783, #2506, #2792, #3646, #1477, #3274, #115, #1419, #2272, #3687, #3434, #3419, #1976, #845, #2877, #3161, #1105, #3727, #269, #2536, #2863, #799, #1405, #2030, #537, #3132, #3700, #817, #2249, #2296, #1680, #2590, #1443, #2836, #861, #1742, #1990, #1117, #1391, #563, #3119, #1431, #2016, #232, #2260, #829, #523, #2823, #2565, #510, #1696, #549, #2850, #2550, #1129, #3146, #3445, #1723, #243, #1708, #3713, #1144, #3174, #2003, #256, #1092, #2283 ),
 .UNSPECIFIED., .F., .F. ) 
 B_SPLINE_CURVE_WITH_KNOTS ( ( 3, 2, 2, 2, 2, 2, 2, 2, 2, 2, 2, 2, 2, 2, 2, 2, 2, 2, 2, 2, 2, 2, 2, 2, 2, 2, 2, 2, 2, 2, 2, 2, 2, 2, 2, 2, 2, 2, 2, 2, 2, 2, 2, 2, 2, 2, 2, 2, 2, 2, 2, 2, 2, 2, 2, 2, 2, 2, 2, 2, 2, 2, 2, 2, 2, 2, 2, 2, 2, 2, 2, 2, 2, 2, 2, 2, 2, 2, 2, 2, 2, 2, 2, 2, 2, 2, 2, 2, 2, 2, 2, 2, 2, 2, 2, 2, 2, 2, 2, 2, 3 ),
 ( 0.04565891677311185300, 0.05474514633035968600, 0.06386933738541963900, 0.07299352844047958500, 0.08211771949553954600, 0.09124191055059949200, 0.1003661016056594400, 0.1094902926607193800, 0.1186144837157793500, 0.1277386747708393100, 0.1368628658258992400, 0.1459870568809591700, 0.1551112479360191300, 0.1642354389910790900, 0.1733596300461390500, 0.1824838211011989800, 0.1916080121562589400, 0.2007322032113188800, 0.2098563942663788400, 0.2189805853214387400, 0.2281047763764987600, 0.2372289674315586900, 0.2463531584866186200, 0.2554773495416786100, 0.2646015405967385700, 0.2737257316517984800, 0.2828499227068584900, 0.2919741137619184000, 0.3010983048169783600, 0.3102224958720382600, 0.3193466869270982800, 0.3284708779821581800, 0.3375950690372180900, 0.3467192600922781600, 0.3558434511473380100, 0.3649676422023979700, 0.3740918332574578700, 0.3832160243125178900, 0.3923402153675777900, 0.4014644064226377500, 0.4105885974776977700, 0.4197127885327576700, 0.4288369795878176300, 0.4379611706428775400, 0.4470853616979375600, 0.4562095527529975200, 0.4653337438080574200, 0.4744579348631174400, 0.4835821259181773400, 0.4927063169732372500, 0.5018305080282972100, 0.5109546990833572200, 0.5200788901384171300, 0.5292030811934771400, 0.5383272722485370500, 0.5474514633035970600, 0.5565756543586569700, 0.5656998454137169800, 0.5748240364687767800, 0.5839482275238367900, 0.5930724185788968100, 0.6021966096339567100, 0.6113208006890166200, 0.6204449917440765200, 0.6295691827991365400, 0.6386933738541964400, 0.6478175649092563500, 0.6569417559643164800, 0.6660659470193763800, 0.6751901380744362900, 0.6843143291294961900, 0.6934385201845562100, 0.7025627112396161100, 0.7116869022946761300, 0.7208110933497361400, 0.7299352844047960500, 0.7390594754598559500, 0.7481836665149158600, 0.7573078575699758700, 0.7664320486250357800, 0.7755562396800957900, 0.7846804307351558100, 0.7938046217902157100, 0.8029288128452756200, 0.8120530039003355200, 0.8211771949553955400, 0.8303013860104554400, 0.8394255770655154600, 0.8485497681205754800, 0.8576739591756353800, 0.8667981502306952900, 0.8759223412857550800, 0.8850465323408151000, 0.8941707233958752200, 0.9032949144509350200, 0.9124191055059950300, 0.9215432965610549400, 0.9306674876161148400, 0.9397916786711747500, 0.9489158697262347600, 0.9543569466038855900 ),
 .UNSPECIFIED. ) 
 CURVE ( )  GEOMETRIC_REPRESENTATION_ITEM ( )  RATIONAL_B_SPLINE_CURVE ( ( 0.9993692318647904300, 0.9241962342268242900, 1.000000000000000000, 0.9238795325112867400, 1.000000000000000000, 0.9238795325112867400, 1.000000000000000000, 0.9238795325112867400, 1.000000000000000000, 0.9238795325112867400, 1.000000000000000000, 0.9238795325112867400, 1.000000000000000000, 0.9238795325112867400, 1.000000000000000000, 0.9238795325112867400, 1.000000000000000000, 0.9238795325112867400, 1.000000000000000000, 0.9238795325112867400, 1.000000000000000000, 0.9238795325112867400, 1.000000000000000000, 0.9238795325112867400, 1.000000000000000000, 0.9238795325112867400, 1.000000000000000000, 0.9238795325112867400, 1.000000000000000000, 0.9238795325112867400, 1.000000000000000000, 0.9238795325112867400, 1.000000000000000000, 0.9238795325112867400, 1.000000000000000000, 0.9238795325112867400, 1.000000000000000000, 0.9238795325112867400, 1.000000000000000000, 0.9238795325112867400, 1.000000000000000000, 0.9238795325112867400, 1.000000000000000000, 0.9238795325112867400, 1.000000000000000000, 0.9238795325112867400, 1.000000000000000000, 0.9238795325112867400, 1.000000000000000000, 0.9238795325112867400, 1.000000000000000000, 0.9238795325112867400, 1.000000000000000000, 0.9238795325112867400, 1.000000000000000000, 0.9238795325112867400, 1.000000000000000000, 0.9238795325112867400, 1.000000000000000000, 0.9238795325112867400, 1.000000000000000000, 0.9238795325112867400, 1.000000000000000000, 0.9238795325112867400, 1.000000000000000000, 0.9238795325112867400, 1.000000000000000000, 0.9238795325112867400, 1.000000000000000000, 0.9238795325112867400, 1.000000000000000000, 0.9238795325112867400, 1.000000000000000000, 0.9238795325112867400, 1.000000000000000000, 0.9238795325112867400, 1.000000000000000000, 0.9238795325112867400, 1.000000000000000000, 0.9238795325112867400, 1.000000000000000000, 0.9238795325112867400, 1.000000000000000000, 0.9238795325112867400, 1.000000000000000000, 0.9238795325112867400, 1.000000000000000000, 0.9238795325112867400, 1.000000000000000000, 0.9238795325112867400, 1.000000000000000000, 0.9238795325112867400, 1.000000000000000000, 0.9238795325112867400, 1.000000000000000000, 0.9238795325112867400, 1.000000000000000000, 0.9238795325112867400, 1.000000000000000000, 0.9238795325112867400, 1.000000000000000000, 0.9238795325112867400, 1.000000000000000000, 0.9238795325112867400, 1.000000000000000000, 0.9238795325112867400, 1.000000000000000000, 0.9238795325112867400, 1.000000000000000000, 0.9238795325112867400, 1.000000000000000000, 0.9238795325112867400, 1.000000000000000000, 0.9238795325112867400, 1.000000000000000000, 0.9238795325112867400, 1.000000000000000000, 0.9238795325112867400, 1.000000000000000000, 0.9238795325112867400, 1.000000000000000000, 0.9238795325112867400, 1.000000000000000000, 0.9238795325112867400, 1.000000000000000000, 0.9238795325112867400, 1.000000000000000000, 0.9238795325112867400, 1.000000000000000000, 0.9238795325112867400, 1.000000000000000000, 0.9238795325112867400, 1.000000000000000000, 0.9238795325112867400, 1.000000000000000000, 0.9238795325112867400, 1.000000000000000000, 0.9238795325112867400, 1.000000000000000000, 0.9238795325112867400, 1.000000000000000000, 0.9238795325112867400, 1.000000000000000000, 0.9238795325112867400, 1.000000000000000000, 0.9238795325112867400, 1.000000000000000000, 0.9238795325112867400, 1.000000000000000000, 0.9238795325112867400, 1.000000000000000000, 0.9238795325112867400, 1.000000000000000000, 0.9238795325112867400, 1.000000000000000000, 0.9238795325112867400, 1.000000000000000000, 0.9238795325112867400, 1.000000000000000000, 0.9238795325112867400, 1.000000000000000000, 0.9238795325112867400, 1.000000000000000000, 0.9238795325112867400, 1.000000000000000000, 0.9238795325112867400, 1.000000000000000000, 0.9238795325112867400, 1.000000000000000000, 0.9238795325112867400, 1.000000000000000000, 0.9238795325112867400, 1.000000000000000000, 0.9238795325112867400, 1.000000000000000000, 0.9238795325112867400, 1.000000000000000000, 0.9238795325112867400, 1.000000000000000000, 0.9238795325112867400, 1.000000000000000000, 0.9238795325112867400, 1.000000000000000000, 0.9238795325112867400, 1.000000000000000000, 0.9238795325112867400, 1.000000000000000000, 0.9238795325112867400, 1.000000000000000000, 0.9238795325112867400, 1.000000000000000000, 0.9238795325112867400, 1.000000000000000000, 0.9238795325112867400, 1.000000000000000000, 0.9238795325112867400, 1.000000000000000000, 0.9238795325112867400, 1.000000000000000000, 0.9546066809573089400, 0.9633526356655854900 ) ) 
 REPRESENTATION_ITEM ( '' )  );
#252 = PERSON_AND_ORGANIZATION ( #162, #2568 ) ;
#253 = DIRECTION ( 'NONE',  ( -0.0000000000000000000, 1.224646799147353200E-016, -1.000000000000000000 ) ) ;
#254 = DIRECTION ( 'NONE',  ( 0.0000000000000000000, 1.000000000000000000, 0.0000000000000000000 ) ) ;
#255 = CARTESIAN_POINT ( 'NONE',  ( -0.9736010864139231800, -2.350480947161677700, 3.937500000000000000 ) ) ;
#256 = CARTESIAN_POINT ( 'NONE',  ( 0.0000000000000000000, 2.350480947161667000, 4.625000000000000900 ) ) ;
#257 = ADVANCED_FACE ( 'NONE', ( #2395 ), #1764, .T. ) ;
#258 = CARTESIAN_POINT ( 'NONE',  ( 0.9736010864139245100, 2.350480947161667900, -1.437500000000000700 ) ) ;
#259 = CARTESIAN_POINT ( 'NONE',  ( 0.9736010864139224000, -2.350480947161678100, 4.062500000000000000 ) ) ;
#260 = CARTESIAN_POINT ( 'NONE',  ( -1.265060653844733100, -3.054126587736533300, 0.4687500000000003900 ) ) ;
#261 = CARTESIAN_POINT ( 'NONE',  ( -3.673940397442062800E-016, -3.000000000000005800, -5.500000000000000000 ) ) ;
#262 = EDGE_LOOP ( 'NONE', ( #1560, #2507, #3387, #1962 ) ) ;
#263 = DIRECTION ( 'NONE',  ( -0.0000000000000000000, -0.0000000000000000000, 1.000000000000000000 ) ) ;
#264 = CARTESIAN_POINT ( 'NONE',  ( 2.350480947161671900, 0.9736010864139197400, -1.687500000000000900 ) ) ;
#265 = CARTESIAN_POINT ( 'NONE',  ( 0.0000000000000000000, 2.350480947161668300, -1.500000000000000400 ) ) ;
#266 = CARTESIAN_POINT ( 'NONE',  ( 0.0000000000000000000, 2.999999999999999100, -1.875000000000003300 ) ) ;
#267 = CARTESIAN_POINT ( 'NONE',  ( 9.974659986866640800E-015, 2.309401076758509100, 8.000000000000000000 ) ) ;
#268 = CARTESIAN_POINT ( 'NONE',  ( -1.662041016787797500, 1.662041016787792800, 2.624999999999998700 ) ) ;
#269 = CARTESIAN_POINT ( 'NONE',  ( -1.662041016787797500, 1.662041016787792800, 1.749999999999999800 ) ) ;
#270 = CARTESIAN_POINT ( 'NONE',  ( 2.350480947161671900, 0.9736010864139201800, -2.562500000000000400 ) ) ;
#271 = CARTESIAN_POINT ( 'NONE',  ( -2.159593620790630600, 2.159593620790628800, -7.843750000000000000 ) ) ;
#272 = VERTEX_POINT ( 'NONE', #3636 ) ;
#273 = CARTESIAN_POINT ( 'NONE',  ( 2.159593620790631000, 2.159593620790625700, 1.906250000000000000 ) ) ;
#274 = CARTESIAN_POINT ( 'NONE',  ( 0.0000000000000000000, 3.000000000000000000, -6.000000000000000000 ) ) ;
#275 = CARTESIAN_POINT ( 'NONE',  ( 1.242640687119288500, 2.999999999999996000, 3.937500000000000900 ) ) ;
#276 = CARTESIAN_POINT ( 'NONE',  ( 1.662041016787797500, -1.662041016787801700, -0.8750000000000007800 ) ) ;
#277 = VERTEX_POINT ( 'NONE', #1638 ) ;
#278 = CARTESIAN_POINT ( 'NONE',  ( -2.350480947161672300, 0.9736010864139189600, -0.3125000000000002800 ) ) ;
#279 = CARTESIAN_POINT ( 'NONE',  ( 0.0000000000000000000, 2.999999999999998700, -0.9999999999999993300 ) ) ;
#280 = CARTESIAN_POINT ( 'NONE',  ( 1.204360574520875000, 2.147280014627392900, -7.643198071761984700 ) ) ;
#281 = CARTESIAN_POINT ( 'NONE',  ( -1.242640687121140000, 2.999999999998499000, -3.812500000000022600 ) ) ;
#282 = CARTESIAN_POINT ( 'NONE',  ( 3.054126587736528500, 1.265060653844731500, -7.093750000000004400 ) ) ;
#283 = EDGE_CURVE ( 'NONE', #2007, #50, #2329, .T. ) ;
#284 = CARTESIAN_POINT ( 'NONE',  ( -0.9736010864139231800, -2.350480947161676300, -0.9374999999999998900 ) ) ;
#285 = CARTESIAN_POINT ( 'NONE',  ( -3.740226349862368200E-016, -3.054126587736532000, -5.468750000000000000 ) ) ;
#286 = AXIS2_PLACEMENT_3D ( 'NONE', #1339, #179, #1667 ) ;
#287 = CARTESIAN_POINT ( 'NONE',  ( 1.265060653844732400, -3.054126587736534700, 2.593750000000000900 ) ) ;
#288 = DIRECTION ( 'NONE',  ( -0.0000000000000000000, 1.224646799147353200E-016, -1.000000000000000000 ) ) ;
#289 = CARTESIAN_POINT ( 'NONE',  ( -0.6958616809231390500, 2.445283951917400300, -7.563643450782207900 ) ) ;
#290 = CARTESIAN_POINT ( 'NONE',  ( 1.662041016787797500, -1.662041016787802600, 2.125000000000000000 ) ) ;
#291 = CARTESIAN_POINT ( 'NONE',  ( 0.0000000000000000000, 2.350480947161668300, -0.5000000000000004400 ) ) ;
#292 = CARTESIAN_POINT ( 'NONE',  ( 2.115714287806358800, -1.035487149467050600, -7.749519052838330400 ) ) ;
#293 = FACE_OUTER_BOUND ( 'NONE', #358, .T. ) ;
#294 = CARTESIAN_POINT ( 'NONE',  ( 0.0000000000000000000, 2.999999999999999100, 3.124999999999996400 ) ) ;
#295 = PLANE ( 'NONE',  #340 ) ;
#296 = CARTESIAN_POINT ( 'NONE',  ( 0.0000000000000000000, 3.054126587736525800, -4.906250000000002700 ) ) ;
#297 = CIRCLE ( 'NONE', #1842, 3.000000000000000000 ) ;
#298 = CARTESIAN_POINT ( 'NONE',  ( 0.0000000000000000000, 6.279894725374701700E-016, -8.000000000000000000 ) ) ;
#299 = LINE ( 'NONE', #1622, #203 ) ;
#300 = CARTESIAN_POINT ( 'NONE',  ( 0.0000000000000000000, 2.350480947161669200, -3.375000000000000400 ) ) ;
#301 = CARTESIAN_POINT ( 'NONE',  ( 1.265060653844732400, -3.054126587736532900, -6.406250000000000000 ) ) ;
#302 = EDGE_CURVE ( 'NONE', #21, #3493, #815, .T. ) ;
#303 = CARTESIAN_POINT ( 'NONE',  ( 2.159593620790630600, -2.159593620790635900, 1.656249999999999800 ) ) ;
#304 = CARTESIAN_POINT ( 'NONE',  ( -2.878508968398380700E-016, -2.350480947161676800, 0.9999999999999991100 ) ) ;
#305 = CARTESIAN_POINT ( 'NONE',  ( 1.662041016787797500, -1.662041016787802100, 1.124999999999999300 ) ) ;
#306 = CARTESIAN_POINT ( 'NONE',  ( 0.0000000000000000000, 6.279894725374701700E-016, -8.000000000000000000 ) ) ;
#307 = CARTESIAN_POINT ( 'NONE',  ( 0.0000000000000000000, 6.279894725374701700E-016, -8.000000000000000000 ) ) ;
#308 = CARTESIAN_POINT ( 'NONE',  ( 2.999999999999999100, 1.242640687119280600, 3.937499999999998200 ) ) ;
#309 = CARTESIAN_POINT ( 'NONE',  ( -3.000000000000002700, 1.242640687119281400, 3.187500000000000000 ) ) ;
#310 = EDGE_LOOP ( 'NONE', ( #1549, #821 ) ) ;
#311 = CARTESIAN_POINT ( 'NONE',  ( 3.054126587736528000, -1.265060653844737800, -4.218750000000004400 ) ) ;
#312 = CARTESIAN_POINT ( 'NONE',  ( 0.0000000000000000000, 2.999999999999999100, -2.999999999999999600 ) ) ;
#313 = ORIENTED_EDGE ( 'NONE', *, *, #1746, .F. ) ;
#314 = CARTESIAN_POINT ( 'NONE',  ( 2.350480947161671900, 0.9736010864139202900, -3.562500000000000900 ) ) ;
#315 = CARTESIAN_POINT ( 'NONE',  ( -1.265060653844732700, 3.054126587736527100, -6.906250000000000000 ) ) ;
#316 = CARTESIAN_POINT ( 'NONE',  ( -2.350480947161672300, 0.9736010864139212900, -8.187500000000000000 ) ) ;
#317 = DIRECTION ( 'NONE',  ( -0.0000000000000000000, 1.224646799147353200E-016, -1.000000000000000000 ) ) ;
#318 = CARTESIAN_POINT ( 'NONE',  ( -2.350480947161672300, -0.9736010864139272900, 0.8124999999999990000 ) ) ;
#319 = CARTESIAN_POINT ( 'NONE',  ( 1.662041016787797500, -1.662041016787801700, -0.8750000000000007800 ) ) ;
#320 = CARTESIAN_POINT ( 'NONE',  ( -3.673940397442062800E-016, -3.000000000000008400, 4.500000000000001800 ) ) ;
#321 = CARTESIAN_POINT ( 'NONE',  ( 1.965628179065299600, -1.407067931555452000, -7.690242691118223600 ) ) ;
#322 = CARTESIAN_POINT ( 'NONE',  ( -2.159593620790631000, -2.159593620790633200, -5.531250000000006200 ) ) ;
#323 = CARTESIAN_POINT ( 'NONE',  ( -3.673940397442062800E-016, -3.000000000000006700, -2.499999999999999600 ) ) ;
#324 = VERTEX_POINT ( 'NONE', #2552 ) ;
#325 = VERTEX_POINT ( 'NONE', #3065 ) ;
#326 = CARTESIAN_POINT ( 'NONE',  ( 2.350480947161672300, -5.310219807359719400E-015, 2.375000000000000400 ) ) ;
#327 = CARTESIAN_POINT ( 'NONE',  ( -3.054126587736528900, 1.265060653844730000, -3.781250000000000000 ) ) ;
#328 = CARTESIAN_POINT ( 'NONE',  ( 3.054126587736528900, -6.113767765698186400E-015, 4.781250000000000900 ) ) ;
#329 = CARTESIAN_POINT ( 'NONE',  ( -1.968023028448587800, -1.781239693259105700, 4.700000000000002000 ) ) ;
#330 = ORIENTED_EDGE ( 'NONE', *, *, #2192, .F. ) ;
#331 = CARTESIAN_POINT ( 'NONE',  ( -1.175470609412476300, -2.527050356940274200, -7.318378480015231200 ) ) ;
#332 = CARTESIAN_POINT ( 'NONE',  ( 0.9736010864139224000, -2.350480947161677700, 2.062500000000000000 ) ) ;
#333 = APPLICATION_CONTEXT ( 'configuration controlled 3d designs of mechanical parts and assemblies' ) ;
#334 = CARTESIAN_POINT ( 'NONE',  ( -2.121320343559667300, 2.121320343559662800, 2.249999999999977800 ) ) ;
#335 = CARTESIAN_POINT ( 'NONE',  ( -3.000000000000002700, -4.659718372039865900E-015, 2.250000000000000900 ) ) ;
#336 = CARTESIAN_POINT ( 'NONE',  ( -3.054126587736528900, -1.265060653844735300, -5.593750000000004400 ) ) ;
#337 = CARTESIAN_POINT ( 'NONE',  ( -3.673940397442062800E-016, -3.000000000000006700, -2.499999999999999600 ) ) ;
#338 = CARTESIAN_POINT ( 'NONE',  ( 2.350480947161672300, -5.029995245855773000E-015, 1.374999999999999600 ) ) ;
#339 = CARTESIAN_POINT ( 'NONE',  ( 2.159593620790631000, 2.159593620790627000, -4.093750000000000000 ) ) ;
#340 = AXIS2_PLACEMENT_3D ( 'NONE', #2326, #3130, #547 ) ;
#341 = CARTESIAN_POINT ( 'NONE',  ( -1.662041016787797700, -1.662041016787799500, -8.000000000000000000 ) ) ;
#342 = CARTESIAN_POINT ( 'NONE',  ( 0.5772125428610734900, 2.479544771798020800, 4.699999999999994800 ) ) ;
#343 = CARTESIAN_POINT ( 'NONE',  ( -2.350480947161672300, -0.9736010864139281700, 3.812500000000000000 ) ) ;
#344 = CARTESIAN_POINT ( 'NONE',  ( 0.9736010864139245100, 2.350480947161668800, -4.437500000000000900 ) ) ;
#345 = VECTOR ( 'NONE', #1873, 1000.000000000000000 ) ;
#346 =( NAMED_UNIT ( * ) SI_UNIT ( $, .STERADIAN. ) SOLID_ANGLE_UNIT ( ) );
#347 = CARTESIAN_POINT ( 'NONE',  ( -3.673940397442062800E-016, -3.000000000000008400, 4.500000000000001800 ) ) ;
#348 = LINE ( 'NONE', #1848, #1213 ) ;
#349 = CARTESIAN_POINT ( 'NONE',  ( 3.673940397442059900E-016, -2.999999999999999600, -8.000000000000000000 ) ) ;
#350 = CARTESIAN_POINT ( 'NONE',  ( 2.159593620790630600, -2.159593620790635400, -0.2812500000000054400 ) ) ;
#351 = CARTESIAN_POINT ( 'NONE',  ( -2.121320343559643700, -2.121320343559647300, -0.5000000000000051100 ) ) ;
#352 = FACE_OUTER_BOUND ( 'NONE', #1466, .T. ) ;
#353 = CARTESIAN_POINT ( 'NONE',  ( 1.662041016787797900, 1.662041016787793000, -0.5000000000000004400 ) ) ;
#354 = CARTESIAN_POINT ( 'NONE',  ( -2.159593620790631000, -2.159593620790634100, -2.593749999999999600 ) ) ;
#355 = EDGE_CURVE ( 'NONE', #1917, #1670, #3644, .T. ) ;
#356 = CARTESIAN_POINT ( 'NONE',  ( 0.0000000000000000000, 3.054126587736523600, 4.031250000000000000 ) ) ;
#357 = CARTESIAN_POINT ( 'NONE',  ( 0.8512026396195480100, -2.836489682228802200, 4.700000000000000200 ) ) ;
#358 = EDGE_LOOP ( 'NONE', ( #2737, #3243, #3129, #467 ) ) ;
#359 = CARTESIAN_POINT ( 'NONE',  ( -0.9736010864139230700, 2.350480947161667400, 4.562500000000000000 ) ) ;
#360 = CARTESIAN_POINT ( 'NONE',  ( 2.350480947161671900, 0.9736010864139195100, -0.5625000000000004400 ) ) ;
#361 = EDGE_LOOP ( 'NONE', ( #2313, #550, #1012, #427 ) ) ;
#362 = APPROVAL_STATUS ( 'not_yet_approved' ) ;
#363 = CARTESIAN_POINT ( 'NONE',  ( -2.121320343559644600, 2.121320343559641100, -3.874999999999999600 ) ) ;
#364 = CARTESIAN_POINT ( 'NONE',  ( 2.256896542743638300, 1.837894821257953600, -7.195820211837373700 ) ) ;
#365 = EDGE_CURVE ( 'NONE', #3391, #1609, #3728, .T. ) ;
#366 = CARTESIAN_POINT ( 'NONE',  ( -2.159593620790630600, 2.159593620790627900, -2.781250000000002700 ) ) ;
#367 = CARTESIAN_POINT ( 'NONE',  ( -2.000000000000000400, 0.2034641785594633300, 7.690611726846077200 ) ) ;
#368 = CARTESIAN_POINT ( 'NONE',  ( 2.350480947161671900, 0.9736010864139201800, -2.687500000000000900 ) ) ;
#369 = AXIS2_PLACEMENT_3D ( 'NONE', #1936, #1633, #1317 ) ;
#370 = CARTESIAN_POINT ( 'NONE',  ( -0.9736010864139231800, -2.350480947161677200, 3.062499999999999100 ) ) ;
#371 = CARTESIAN_POINT ( 'NONE',  ( 1.265060653844735100, 3.054126587736524500, -2.031250000000000000 ) ) ;
#372 = CARTESIAN_POINT ( 'NONE',  ( -1.265060653844732700, 3.054126587736523100, 5.093749999999999100 ) ) ;
#373 = CARTESIAN_POINT ( 'NONE',  ( 2.581279711708176700, 1.118565073586123400, 4.699999999999998400 ) ) ;
#374 = CARTESIAN_POINT ( 'NONE',  ( 0.9736010864139224000, -2.350480947161678500, 5.062500000000000900 ) ) ;
#375 = ORIENTED_EDGE ( 'NONE', *, *, #2901, .T. ) ;
#376 = CARTESIAN_POINT ( 'NONE',  ( 1.662041016787797900, 1.662041016787794100, -4.500000000000000900 ) ) ;
#377 = ORIENTED_EDGE ( 'NONE', *, *, #3081, .T. ) ;
#378 = CARTESIAN_POINT ( 'NONE',  ( -2.121320343559644600, -2.121320343559648600, -1.624999999999999100 ) ) ;
#379 = ORIENTED_EDGE ( 'NONE', *, *, #1992, .F. ) ;
#380 = CARTESIAN_POINT ( 'NONE',  ( -3.054126587736528900, 1.265060653844729800, -3.718750000000004400 ) ) ;
#381 =( BOUNDED_CURVE ( )  B_SPLINE_CURVE ( 2, ( #3098, #2855, #3678, #3392, #1379, #209, #2543, #1699, #1099 ),
 .UNSPECIFIED., .F., .T. ) 
 B_SPLINE_CURVE_WITH_KNOTS ( ( 3, 2, 2, 2, 3 ),
 ( 0.4642857142857144100, 0.4732142857142858100, 0.4821428571428572100, 0.4910714285714286000, 0.5000000000000000000 ),
 .UNSPECIFIED. ) 
 CURVE ( )  GEOMETRIC_REPRESENTATION_ITEM ( )  RATIONAL_B_SPLINE_CURVE ( ( 0.9999999999999990000, 0.9238795325112877400, 1.000000000000000000, 0.9238795325112867400, 1.000000000000000000, 0.9238795325112867400, 1.000000000000000000, 0.9238795325112867400, 1.000000000000000000 ) ) 
 REPRESENTATION_ITEM ( '' )  );
#382 = DIRECTION ( 'NONE',  ( 0.0000000000000000000, 1.000000000000000000, 0.0000000000000000000 ) ) ;
#383 = CARTESIAN_POINT ( 'NONE',  ( -1.662041016787797500, 1.662041016787794800, -4.375000000000000000 ) ) ;
#384 = EDGE_CURVE ( 'NONE', #1670, #2542, #3155, .T. ) ;
#385 = CARTESIAN_POINT ( 'NONE',  ( -2.878508968398380700E-016, -2.350480947161676800, 1.124999999999999300 ) ) ;
#386 = CARTESIAN_POINT ( 'NONE',  ( 3.054126587736528000, -1.265060653844738200, -2.281250000000000400 ) ) ;
#387 = CARTESIAN_POINT ( 'NONE',  ( 0.0000000000000000000, 2.350480947161670100, -6.375000000000000900 ) ) ;
#388 = CARTESIAN_POINT ( 'NONE',  ( 2.903675029546486400, 0.1162435404922584600, 4.700000000000003700 ) ) ;
#389 = CARTESIAN_POINT ( 'NONE',  ( 0.0000000000000000000, 2.350480947161667000, 4.500000000000000900 ) ) ;
#390 = CARTESIAN_POINT ( 'NONE',  ( -2.350480947161672300, -0.9736010864139259500, -4.062500000000000000 ) ) ;
#391 = CARTESIAN_POINT ( 'NONE',  ( -3.000000000000002700, -1.242640687119289400, -3.687499999999999600 ) ) ;
#392 = CARTESIAN_POINT ( 'NONE',  ( -3.673940397442062800E-016, -3.000000000000005800, -5.500000000000000000 ) ) ;
#393 = CARTESIAN_POINT ( 'NONE',  ( -3.673940397442062800E-016, -3.000000000000007100, 0.5000000000000010000 ) ) ;
#394 = CARTESIAN_POINT ( 'NONE',  ( 3.054126587736528500, 1.265060653844729800, -2.093750000000004400 ) ) ;
#395 = CARTESIAN_POINT ( 'NONE',  ( -2.000000000000000400, 0.7881531954031751900, 7.832278560259394100 ) ) ;
#396 = CYLINDRICAL_SURFACE ( 'NONE', #554, 3.000000000000000000 ) ;
#397 = CARTESIAN_POINT ( 'NONE',  ( -2.350480947161672300, -2.878030293716402500E-015, -4.250000000000000000 ) ) ;
#398 = CARTESIAN_POINT ( 'NONE',  ( -2.350480947161672300, -0.9736010864139285100, 4.937500000000000900 ) ) ;
#399 = CIRCLE ( 'NONE', #193, 2.309401076758501100 ) ;
#400 = CARTESIAN_POINT ( 'NONE',  ( -2.350480947161672300, 0.9736010864139209600, -7.187500000000000000 ) ) ;
#401 = CARTESIAN_POINT ( 'NONE',  ( -1.662041016787797700, -1.662041016787800800, -4.000000000000000000 ) ) ;
#402 = CONICAL_SURFACE ( 'NONE', #2713, 2.309401076758501100, 0.7853981633974500600 ) ;
#403 = CARTESIAN_POINT ( 'NONE',  ( -1.063055803147456000, 2.096347548085604600, 4.700000000000000200 ) ) ;
#404 = CARTESIAN_POINT ( 'NONE',  ( -2.878508968398380700E-016, -2.350480947161676300, -0.8750000000000007800 ) ) ;
#405 = PERSON_AND_ORGANIZATION ( #162, #2568 ) ;
#406 = CARTESIAN_POINT ( 'NONE',  ( 0.1571849286460612300, -2.218650315892148200, 7.909249239133219000 ) ) ;
#407 = CARTESIAN_POINT ( 'NONE',  ( -2.350480947161672300, -2.037356609204565000E-015, -7.250000000000000000 ) ) ;
#408 = CARTESIAN_POINT ( 'NONE',  ( -1.662041016787797500, 1.662041016787795700, -7.375000000000000900 ) ) ;
#409 = CARTESIAN_POINT ( 'NONE',  ( 3.054126587736528900, -4.449934431768507100E-015, -1.156250000000004400 ) ) ;
#410 = CARTESIAN_POINT ( 'NONE',  ( 1.662041016787797500, -1.662041016787800800, -4.875000000000000900 ) ) ;
#411 = ORIENTED_EDGE ( 'NONE', *, *, #999, .F. ) ;
#412 = CARTESIAN_POINT ( 'NONE',  ( 0.9736010864139224000, -2.350480947161678100, 4.187500000000000000 ) ) ;
#413 = CARTESIAN_POINT ( 'NONE',  ( 1.662041016787797500, -1.662041016787801000, -4.750000000000000900 ) ) ;
#414 = CARTESIAN_POINT ( 'NONE',  ( -2.350480947161672300, -2.352609240896504100E-015, -6.125000000000000000 ) ) ;
#415 = ORIENTED_EDGE ( 'NONE', *, *, #2816, .T. ) ;
#416 = CARTESIAN_POINT ( 'NONE',  ( -1.662041016787797500, 1.662041016787792800, 1.749999999999999800 ) ) ;
#417 = APPROVAL_ROLE ( '' ) ;
#418 = CARTESIAN_POINT ( 'NONE',  ( 1.999999999999988700, -1.154700538379259000, 8.000000000000000000 ) ) ;
#419 = CARTESIAN_POINT ( 'NONE',  ( 1.662041016787797900, 1.662041016787794600, -5.625000000000000900 ) ) ;
#420 = CARTESIAN_POINT ( 'NONE',  ( -3.000000000000002700, -4.099269249031974800E-015, 0.2500000000000008300 ) ) ;
#421 = EDGE_CURVE ( 'NONE', #1069, #325, #3380, .T. ) ;
#422 = CARTESIAN_POINT ( 'NONE',  ( 1.265060653844735100, 3.054126587736524000, 1.031249999999997600 ) ) ;
#423 = CARTESIAN_POINT ( 'NONE',  ( 5.510910596163089600E-016, 2.999999999999999100, 4.700000000000001100 ) ) ;
#424 = CARTESIAN_POINT ( 'NONE',  ( 1.662041016787797900, 1.662041016787794100, -3.625000000000000400 ) ) ;
#425 = CARTESIAN_POINT ( 'NONE',  ( -2.350480947161672300, 0.9736010864139174000, 4.812500000000000000 ) ) ;
#426 = CARTESIAN_POINT ( 'NONE',  ( 0.9736010864139224000, -2.350480947161675400, -4.812500000000000900 ) ) ;
#427 = ORIENTED_EDGE ( 'NONE', *, *, #1938, .T. ) ;
#428 = ORIENTED_EDGE ( 'NONE', *, *, #1016, .T. ) ;
#429 = CARTESIAN_POINT ( 'NONE',  ( 2.350480947161671900, -0.9736010864139287300, 1.312499999999999600 ) ) ;
#430 = VERTEX_POINT ( 'NONE', #997 ) ;
#431 = CARTESIAN_POINT ( 'NONE',  ( 2.121320343559644600, 2.121320343559640600, -5.124999999999999100 ) ) ;
#432 = CARTESIAN_POINT ( 'NONE',  ( -2.000000000000000000, 1.154700538379252400, 5.690000000000000400 ) ) ;
#433 =( BOUNDED_CURVE ( )  B_SPLINE_CURVE ( 2, ( #2562, #2861, #534, #2910, #2602, #2281, #1402, #1705, #1142 ),
 .UNSPECIFIED., .F., .T. ) 
 B_SPLINE_CURVE_WITH_KNOTS ( ( 3, 2, 2, 2, 3 ),
 ( 0.001406399746480719300, 0.003763573757944757800, 0.006120747769408825900, 0.008477921780872865700, 0.01083509579618141500 ),
 .UNSPECIFIED. ) 
 CURVE ( )  GEOMETRIC_REPRESENTATION_ITEM ( )  RATIONAL_B_SPLINE_CURVE ( ( 0.9999999999992049700, 0.9238795325120817700, 1.000000000000000000, 0.9238795325112867400, 1.000000000000000000, 0.9238795325112867400, 1.000000000000000000, 0.9238795325112867400, 1.000000000000000000 ) ) 
 REPRESENTATION_ITEM ( '' )  );
#434 = CARTESIAN_POINT ( 'NONE',  ( -0.9736010864139231800, -2.350480947161674500, -7.062500000000000900 ) ) ;
#435 = CARTESIAN_POINT ( 'NONE',  ( -2.159593620790630600, 2.159593620790626600, 2.218749999999996900 ) ) ;
#436 = CARTESIAN_POINT ( 'NONE',  ( -3.000000000000001800, 1.242640687119283200, -5.687500000000004400 ) ) ;
#437 = CARTESIAN_POINT ( 'NONE',  ( -0.9736010864139230700, 2.350480947161667900, -0.4375000000000003300 ) ) ;
#438 = EDGE_CURVE ( 'NONE', #3286, #3573, #299, .T. ) ;
#439 = DIRECTION ( 'NONE',  ( -0.8660254037844386000, 0.5000000000000001100, 0.0000000000000000000 ) ) ;
#440 = CARTESIAN_POINT ( 'NONE',  ( 1.662041016787797500, -1.662041016787801000, -3.750000000000000900 ) ) ;
#441 = CARTESIAN_POINT ( 'NONE',  ( 0.9736010864139224000, -2.350480947161677700, 2.187500000000000400 ) ) ;
#442 = CARTESIAN_POINT ( 'NONE',  ( 1.242640687114022100, -3.000000000005266000, -4.312500000000378400 ) ) ;
#443 = CARTESIAN_POINT ( 'NONE',  ( -1.662041016787797700, -1.662041016787799700, -7.125000000000000900 ) ) ;
#444 = CARTESIAN_POINT ( 'NONE',  ( -2.350480947161672300, -0.9736010864139254000, -6.187500000000000900 ) ) ;
#445 = VECTOR ( 'NONE', #2001, 1000.000000000000000 ) ;
#446 = CARTESIAN_POINT ( 'NONE',  ( -1.265060653844732700, 3.054126587736524500, 2.156249999999996900 ) ) ;
#447 = LINE ( 'NONE', #1497, #757 ) ;
#448 = PERSON_AND_ORGANIZATION ( #162, #2568 ) ;
#449 = CARTESIAN_POINT ( 'NONE',  ( -3.673940397442062800E-016, -3.000000000000006200, -3.499999999999999100 ) ) ;
#450 = CARTESIAN_POINT ( 'NONE',  ( -1.662041016787797500, 1.662041016787795000, -6.250000000000000000 ) ) ;
#451 = CARTESIAN_POINT ( 'NONE',  ( -1.662041016787797700, -1.662041016787802100, 2.000000000000000000 ) ) ;
#452 = ORIENTED_EDGE ( 'NONE', *, *, #2759, .F. ) ;
#453 = CARTESIAN_POINT ( 'NONE',  ( 5.710171592217876900E-014, 3.000000000000000400, -6.875000000000006200 ) ) ;
#454 = CARTESIAN_POINT ( 'NONE',  ( 1.999999999999999600, 1.154700538379252400, 5.690000000000000400 ) ) ;
#455 = ORIENTED_EDGE ( 'NONE', *, *, #2766, .T. ) ;
#456 = CARTESIAN_POINT ( 'NONE',  ( -2.159593620790631000, -2.159593620790635900, 3.468749999999994200 ) ) ;
#457 = DIRECTION ( 'NONE',  ( 0.8660254037844386000, -0.5000000000000001100, 0.0000000000000000000 ) ) ;
#458 = CARTESIAN_POINT ( 'NONE',  ( -3.673940397442055400E-016, -3.000000000000000900, 0.6249999999999971100 ) ) ;
#459 = CARTESIAN_POINT ( 'NONE',  ( 0.0000000000000000000, 6.279894725374701700E-016, -8.000000000000000000 ) ) ;
#460 = CARTESIAN_POINT ( 'NONE',  ( 0.9736010864139245100, 2.350480947161667900, -0.4375000000000003900 ) ) ;
#461 = CARTESIAN_POINT ( 'NONE',  ( 1.662041016787797500, -1.662041016787803000, 3.249999999999999600 ) ) ;
#462 = CARTESIAN_POINT ( 'NONE',  ( 0.0000000000000000000, 2.350480947161667400, 2.499999999999998700 ) ) ;
#463 = DIRECTION ( 'NONE',  ( 0.0000000000000000000, -1.000000000000000000, -1.224646799147353200E-016 ) ) ;
#464 = ORIENTED_EDGE ( 'NONE', *, *, #2512, .F. ) ;
#465 = CARTESIAN_POINT ( 'NONE',  ( 0.0000000000000000000, 3.054126587736524000, 4.093749999999998200 ) ) ;
#466 = CARTESIAN_POINT ( 'NONE',  ( 2.121320343559641500, -2.121320343559646400, 0.7499999999999957800 ) ) ;
#467 = ORIENTED_EDGE ( 'NONE', *, *, #1537, .T. ) ;
#468 = CARTESIAN_POINT ( 'NONE',  ( -1.662041016787797500, 1.662041016787793000, 1.624999999999999800 ) ) ;
#469 = CARTESIAN_POINT ( 'NONE',  ( 2.350480947161671900, -0.9736010864139277300, -2.687500000000000400 ) ) ;
#470 = CARTESIAN_POINT ( 'NONE',  ( -2.350480947161672300, 0.9736010864139174000, 4.812500000000000000 ) ) ;
#471 = CARTESIAN_POINT ( 'NONE',  ( 2.999999999999999600, -1.242640687119289900, -6.187500000000002700 ) ) ;
#472 = CARTESIAN_POINT ( 'NONE',  ( -2.398308808133581600E-011, -3.000000000000001300, 4.624999999998791200 ) ) ;
#473 = CARTESIAN_POINT ( 'NONE',  ( -2.121320343559641900, 2.121320343559637500, 3.249999999999999100 ) ) ;
#474 = CARTESIAN_POINT ( 'NONE',  ( 2.350480947161672300, -4.749770684351827500E-015, 0.3750000000000003300 ) ) ;
#475 = FACE_OUTER_BOUND ( 'NONE', #1625, .T. ) ;
#476 = CARTESIAN_POINT ( 'NONE',  ( 1.662041016787797900, 1.662041016787795300, -7.625000000000000900 ) ) ;
#477 = DATE_AND_TIME ( #1712, #2490 ) ;
#478 = CARTESIAN_POINT ( 'NONE',  ( 2.121320343559675700, -2.121320343559680100, -2.250000000000032000 ) ) ;
#479 = EDGE_LOOP ( 'NONE', ( #2220, #2502, #2643, #3043 ) ) ;
#480 = EDGE_CURVE ( 'NONE', #1118, #3491, #1090, .T. ) ;
#481 = DIRECTION ( 'NONE',  ( 0.0000000000000000000, -1.224646799147353200E-016, 1.000000000000000000 ) ) ;
#482 = AXIS2_PLACEMENT_3D ( 'NONE', #2442, #3000, #719 ) ;
#483 = CARTESIAN_POINT ( 'NONE',  ( -3.000000000000045700, 1.242640687119301000, -2.687500000000029300 ) ) ;
#484 = CARTESIAN_POINT ( 'NONE',  ( -2.999999999999999600, -1.242640687119287700, -6.562500000000003600 ) ) ;
#485 = CARTESIAN_POINT ( 'NONE',  ( 1.662041016787797500, -1.662041016787802100, 1.124999999999999300 ) ) ;
#486 = CARTESIAN_POINT ( 'NONE',  ( 0.9736010864139224000, -2.350480947161676300, -2.812500000000001800 ) ) ;
#487 = EDGE_LOOP ( 'NONE', ( #3330, #597, #1794, #2155 ) ) ;
#488 = CARTESIAN_POINT ( 'NONE',  ( 1.662041016787797900, 1.662041016787791700, 4.500000000000000900 ) ) ;
#489 = CARTESIAN_POINT ( 'NONE',  ( 0.0000000000000000000, 2.350480947161670100, -7.375000000000000900 ) ) ;
#490 = ORIENTED_EDGE ( 'NONE', *, *, #2455, .F. ) ;
#491 = CARTESIAN_POINT ( 'NONE',  ( 0.0000000000000000000, -1.331445406098294800E-015, 8.000000000000000000 ) ) ;
#492 = EDGE_CURVE ( 'NONE', #2007, #2091, #1662, .T. ) ;
#493 = CARTESIAN_POINT ( 'NONE',  ( 1.464574061285629700, 1.962496219371663700, -7.656447575361986500 ) ) ;
#494 = VERTEX_POINT ( 'NONE', #2841 ) ;
#495 = CARTESIAN_POINT ( 'NONE',  ( -1.242640687109614900, -3.000000000009673200, -6.437499999999317000 ) ) ;
#496 = CARTESIAN_POINT ( 'NONE',  ( 2.350480947161671900, -0.9736010864139290600, 2.187500000000000400 ) ) ;
#497 = CARTESIAN_POINT ( 'NONE',  ( 1.662041016787797900, 1.662041016787793500, -2.500000000000000400 ) ) ;
#498 = CARTESIAN_POINT ( 'NONE',  ( -0.9736010864139230700, 2.350480947161670100, -7.437500000000000900 ) ) ;
#499 = CARTESIAN_POINT ( 'NONE',  ( 0.9736010864139245100, 2.350480947161669700, -7.437500000000000900 ) ) ;
#500 = ORIENTED_EDGE ( 'NONE', *, *, #3588, .T. ) ;
#501 = ORIENTED_EDGE ( 'NONE', *, *, #2297, .T. ) ;
#502 = DIRECTION ( 'NONE',  ( -0.4999999999999998900, 0.8660254037844387100, 0.0000000000000000000 ) ) ;
#503 = CARTESIAN_POINT ( 'NONE',  ( -2.350480947161672300, 0.9736010864139201800, -4.312500000000000900 ) ) ;
#504 = VERTEX_POINT ( 'NONE', #1410 ) ;
#505 = CARTESIAN_POINT ( 'NONE',  ( -0.9736010864139232900, -2.350480947161675900, -2.062500000000000000 ) ) ;
#506 = CARTESIAN_POINT ( 'NONE',  ( -3.000000000000010700, 1.242640687119287000, -4.687500000000009800 ) ) ;
#507 = CARTESIAN_POINT ( 'NONE',  ( -1.683947387850582600, 1.337173599081802800, 7.833072410079394000 ) ) ;
#508 = CARTESIAN_POINT ( 'NONE',  ( -2.350480947161672300, -0.9736010864139272900, 0.8124999999999990000 ) ) ;
#509 = CARTESIAN_POINT ( 'NONE',  ( 2.159593620790630600, -2.159593620790632800, -8.281250000000005300 ) ) ;
#510 = CARTESIAN_POINT ( 'NONE',  ( -0.9736010864139231800, 2.350480947161667400, 3.687500000000000400 ) ) ;
#511 = CARTESIAN_POINT ( 'NONE',  ( -2.350480947161672300, -2.317581170708511000E-015, -6.250000000000000000 ) ) ;
#512 = CARTESIAN_POINT ( 'NONE',  ( 1.662041016787797900, 1.662041016787795000, -7.500000000000000900 ) ) ;
#513 = CARTESIAN_POINT ( 'NONE',  ( -2.878508968398380700E-016, -2.350480947161677200, 2.000000000000000000 ) ) ;
#514 = CARTESIAN_POINT ( 'NONE',  ( 3.000000000000002700, -3.853271363256576500E-015, -3.250000000000000000 ) ) ;
#515 = CARTESIAN_POINT ( 'NONE',  ( -0.9736010864139231800, -2.350480947161675900, -3.062500000000000000 ) ) ;
#516 = CARTESIAN_POINT ( 'NONE',  ( -0.9736010864139231800, 2.350480947161668800, -2.437500000000000400 ) ) ;
#517 = DIRECTION ( 'NONE',  ( 0.0000000000000000000, 1.000000000000000000, 0.0000000000000000000 ) ) ;
#518 = FACE_OUTER_BOUND ( 'NONE', #2423, .T. ) ;
#519 = DIRECTION ( 'NONE',  ( 0.0000000000000000000, 0.0000000000000000000, 1.000000000000000000 ) ) ;
#520 = CARTESIAN_POINT ( 'NONE',  ( 2.350480947161672300, -4.994967175667779100E-015, 1.249999999999999300 ) ) ;
#521 = CARTESIAN_POINT ( 'NONE',  ( -2.878508968398380700E-016, -2.350480947161677700, 4.000000000000000000 ) ) ;
#522 = CONICAL_SURFACE ( 'NONE', #2994, 2.309401076758501100, 0.7853981633974500600 ) ;
#523 = CARTESIAN_POINT ( 'NONE',  ( 1.662041016787797900, 1.662041016787791900, 3.499999999999999600 ) ) ;
#524 = ADVANCED_FACE ( 'NONE', ( #2936 ), #1373, .T. ) ;
#525 = CARTESIAN_POINT ( 'NONE',  ( -2.350480947161672300, 0.9736010864139205100, -6.312500000000000900 ) ) ;
#526 = CARTESIAN_POINT ( 'NONE',  ( 1.907874343847030100E-011, -3.000000000000000000, -6.374999999999042500 ) ) ;
#527 = CARTESIAN_POINT ( 'NONE',  ( -2.878508968398380700E-016, -2.350480947161677200, 2.999999999999999100 ) ) ;
#528 = CARTESIAN_POINT ( 'NONE',  ( -2.350480947161672300, 0.9736010864139198500, -3.312500000000000400 ) ) ;
#529 = ORIENTED_EDGE ( 'NONE', *, *, #999, .T. ) ;
#530 = CARTESIAN_POINT ( 'NONE',  ( 2.350480947161671900, -0.9736010864139279500, -1.812500000000000900 ) ) ;
#531 = DIRECTION ( 'NONE',  ( -0.0000000000000000000, 1.224646799147353200E-016, -1.000000000000000000 ) ) ;
#532 =( BOUNDED_CURVE ( )  B_SPLINE_CURVE ( 2, ( #1889, #2748, #716, #1297, #142, #436, #165, #2462, #1014 ),
 .UNSPECIFIED., .F., .F. ) 
 B_SPLINE_CURVE_WITH_KNOTS ( ( 3, 2, 2, 2, 3 ),
 ( 0.1899645841614451300, 0.1923217821821945600, 0.1946789802029439700, 0.1970361782236934000, 0.1993933762444428400 ),
 .UNSPECIFIED. ) 
 CURVE ( )  GEOMETRIC_REPRESENTATION_ITEM ( )  RATIONAL_B_SPLINE_CURVE ( ( 0.9999999999992115200, 0.9238795325120752200, 1.000000000000000000, 0.9238795325112867400, 1.000000000000000000, 0.9238795325112867400, 1.000000000000000000, 0.9238795325108698500, 1.000000000000417000 ) ) 
 REPRESENTATION_ITEM ( '' )  );
#533 = PLANE ( 'NONE',  #3091 ) ;
#534 = CARTESIAN_POINT ( 'NONE',  ( -2.121320343559642800, -2.121320343559648200, 4.499999999999995600 ) ) ;
#535 = ORIENTED_EDGE ( 'NONE', *, *, #1862, .F. ) ;
#536 = CARTESIAN_POINT ( 'NONE',  ( 0.9736010864139224000, -2.350480947161677700, 3.062499999999999100 ) ) ;
#537 = CARTESIAN_POINT ( 'NONE',  ( -2.878508968398380700E-016, -2.350480947161677200, 2.125000000000000000 ) ) ;
#538 = CARTESIAN_POINT ( 'NONE',  ( -1.662041016787797500, 1.662041016787794800, -5.250000000000000000 ) ) ;
#539 = CARTESIAN_POINT ( 'NONE',  ( -1.662041016787797700, -1.662041016787802600, 3.875000000000000000 ) ) ;
#540 = CARTESIAN_POINT ( 'NONE',  ( -1.265060653844732700, 3.054126587736524900, -0.9062500000000000000 ) ) ;
#541 = B_SPLINE_CURVE_WITH_KNOTS ( 'NONE', 3,
 ( #1140, #2294, #1414, #3697, #826, #292, #3441, #2614, #867, #838 ),
 .UNSPECIFIED., .F., .F.,
 ( 4, 2, 2, 2, 4 ),
 ( 0.0000000000000000000, 0.0004647892841659271800, 0.0009295785683318543700, 0.001394367852497782100, 0.001859157136663709600 ),
 .UNSPECIFIED. ) ;
#542 = CARTESIAN_POINT ( 'NONE',  ( 1.662041016787797900, 1.662041016787794100, -3.625000000000000400 ) ) ;
#543 = CARTESIAN_POINT ( 'NONE',  ( 0.9736010864139245100, 2.350480947161667900, -1.562500000000000700 ) ) ;
#544 = ADVANCED_FACE ( 'NONE', ( #128 ), #2211, .T. ) ;
#545 = CC_DESIGN_SECURITY_CLASSIFICATION ( #168, ( #2496 ) ) ;
#546 = EDGE_LOOP ( 'NONE', ( #3128, #2771, #1781, #375 ) ) ;
#547 = DIRECTION ( 'NONE',  ( -0.8660254037844386000, 0.5000000000000001100, 0.0000000000000000000 ) ) ;
#548 = CARTESIAN_POINT ( 'NONE',  ( -2.350480947161672300, 0.9736010864139174000, 4.687500000000000000 ) ) ;
#549 = CARTESIAN_POINT ( 'NONE',  ( -2.350480947161672300, 0.9736010864139177400, 3.812500000000000000 ) ) ;
#550 = ORIENTED_EDGE ( 'NONE', *, *, #3457, .T. ) ;
#551 = EDGE_CURVE ( 'NONE', #2428, #2494, #714, .T. ) ;
#552 = CARTESIAN_POINT ( 'NONE',  ( -2.350480947161672300, -0.9736010864139261800, -3.062500000000000000 ) ) ;
#553 = CARTESIAN_POINT ( 'NONE',  ( 1.662041016787797900, 1.662041016787792400, 2.375000000000000400 ) ) ;
#554 = AXIS2_PLACEMENT_3D ( 'NONE', #1920, #1357, #3090 ) ;
#555 = CARTESIAN_POINT ( 'NONE',  ( -3.054126587736528900, -1.265060653844737300, 1.343749999999999600 ) ) ;
#556 = CARTESIAN_POINT ( 'NONE',  ( 2.121320343559644600, 2.121320343559638800, 2.875000000000001800 ) ) ;
#557 = CARTESIAN_POINT ( 'NONE',  ( 0.0000000000000000000, 3.000000000000000400, -8.000000000000000000 ) ) ;
#558 = CARTESIAN_POINT ( 'NONE',  ( -2.878508968398380700E-016, -2.350480947161675000, -5.000000000000000900 ) ) ;
#559 = CARTESIAN_POINT ( 'NONE',  ( -2.350480947161672300, -0.9736010864139258400, -4.187500000000000000 ) ) ;
#560 = CARTESIAN_POINT ( 'NONE',  ( 1.802411336351221500, 1.629395239493139200, -7.675421709700102300 ) ) ;
#561 = CARTESIAN_POINT ( 'NONE',  ( -0.8290879766986500900, 1.830726910229655900, 7.690174752043251500 ) ) ;
#562 = CARTESIAN_POINT ( 'NONE',  ( 2.350480947161672300, -5.835640860179616700E-015, 4.250000000000000000 ) ) ;
#563 = CARTESIAN_POINT ( 'NONE',  ( -0.9736010864139232900, -2.350480947161677200, 3.062499999999999100 ) ) ;
#564 = CARTESIAN_POINT ( 'NONE',  ( 0.9736010864139224000, -2.350480947161675900, -3.812500000000000900 ) ) ;
#565 = CARTESIAN_POINT ( 'NONE',  ( 2.350480947161672300, -5.555416298675671100E-015, 3.249999999999999600 ) ) ;
#566 = EDGE_CURVE ( 'NONE', #1917, #2047, #1345, .T. ) ;
#567 = CARTESIAN_POINT ( 'NONE',  ( -1.265060653844733100, -3.054126587736533300, -0.5312499999999996700 ) ) ;
#568 = DIRECTION ( 'NONE',  ( -0.0000000000000000000, 1.224646799147353200E-016, -1.000000000000000000 ) ) ;
#569 = CARTESIAN_POINT ( 'NONE',  ( -2.022680440925410200, 1.639980638043689200, -7.501978880353848700 ) ) ;
#570 = CARTESIAN_POINT ( 'NONE',  ( 2.350480947161671900, -0.9736010864139290600, 2.187500000000000400 ) ) ;
#571 = FACE_OUTER_BOUND ( 'NONE', #2837, .T. ) ;
#572 = CARTESIAN_POINT ( 'NONE',  ( -2.350480947161672300, 0.9736010864139187400, 0.6874999999999987800 ) ) ;
#573 = CARTESIAN_POINT ( 'NONE',  ( 3.673940397442059900E-016, -2.999999999999999600, -8.000000000000000000 ) ) ;
#574 = CIRCLE ( 'NONE', #1353, 2.309401076758501100 ) ;
#575 = CARTESIAN_POINT ( 'NONE',  ( 0.0000000000000000000, 2.999999999999996900, 4.000000000000000900 ) ) ;
#576 = CARTESIAN_POINT ( 'NONE',  ( -3.673940397442062800E-016, -3.000000000000005800, -5.500000000000000000 ) ) ;
#577 = CARTESIAN_POINT ( 'NONE',  ( 1.265060653844735100, 3.054126587736526700, -6.968750000000002700 ) ) ;
#578 = CARTESIAN_POINT ( 'NONE',  ( 2.961191803811029200, 0.4809813936550799100, -7.099999999999998800 ) ) ;
#579 = CARTESIAN_POINT ( 'NONE',  ( -2.350480947161672300, 0.9736010864139198500, -3.187500000000000000 ) ) ;
#580 = CARTESIAN_POINT ( 'NONE',  ( 1.265060653844735100, 3.054126587736526200, -7.031249999999999100 ) ) ;
#581 = CARTESIAN_POINT ( 'NONE',  ( -2.159593620790630600, 2.159593620790627000, 0.1562500000000001400 ) ) ;
#582 = ORIENTED_EDGE ( 'NONE', *, *, #2239, .T. ) ;
#583 = CARTESIAN_POINT ( 'NONE',  ( -2.408934698587628500, 1.058335494061951600, -7.474647327579369900 ) ) ;
#584 = CARTESIAN_POINT ( 'NONE',  ( 1.662041016787797900, 1.662041016787793000, 0.3750000000000003300 ) ) ;
#585 = CARTESIAN_POINT ( 'NONE',  ( 2.350480947161672300, -4.994967175667779100E-015, 1.249999999999999300 ) ) ;
#586 = ADVANCED_FACE ( 'NONE', ( #3604 ), #2345, .T. ) ;
#587 = VERTEX_POINT ( 'NONE', #449 ) ;
#588 = CARTESIAN_POINT ( 'NONE',  ( -2.234035534160415400, 0.7306475997898107500, 4.700000000000003700 ) ) ;
#589 = CARTESIAN_POINT ( 'NONE',  ( 2.121320343559667700, 2.121320343559661500, 2.999999999999978200 ) ) ;
#590 = CARTESIAN_POINT ( 'NONE',  ( -2.159593620790630600, 2.159593620790628800, -5.781250000000002700 ) ) ;
#591 = CARTESIAN_POINT ( 'NONE',  ( -2.350480947161672300, -3.473507486912287200E-015, -2.125000000000000000 ) ) ;
#592 = CARTESIAN_POINT ( 'NONE',  ( -2.159593620790630600, 2.159593620790628800, -5.843750000000000000 ) ) ;
#593 = CARTESIAN_POINT ( 'NONE',  ( 2.159593620790630600, -2.159593620790635400, -0.3437500000000003300 ) ) ;
#594 = CARTESIAN_POINT ( 'NONE',  ( 3.000000000000002700, -5.534618732280250800E-015, 2.750000000000001800 ) ) ;
#595 = CARTESIAN_POINT ( 'NONE',  ( 2.121320343559644600, 2.121320343559638400, 3.875000000000000900 ) ) ;
#596 = CARTESIAN_POINT ( 'NONE',  ( 0.9736010864139224000, -2.350480947161677200, 1.062499999999999300 ) ) ;
#597 = ORIENTED_EDGE ( 'NONE', *, *, #686, .T. ) ;
#598 = CARTESIAN_POINT ( 'NONE',  ( -2.350480947161672300, -4.279153101236131200E-015, 0.7499999999999988900 ) ) ;
#599 = AXIS2_PLACEMENT_3D ( 'NONE', #2035, #568, #1180 ) ;
#600 = APPROVAL_STATUS ( 'not_yet_approved' ) ;
#601 = CARTESIAN_POINT ( 'NONE',  ( -3.000000000000002700, -3.819044687528029200E-015, -0.7499999999999991100 ) ) ;
#602 = CARTESIAN_POINT ( 'NONE',  ( 0.0000000000000000000, 2.999999999999998200, 4.124999999999997300 ) ) ;
#603 = VERTEX_POINT ( 'NONE', #1332 ) ;
#604 = CARTESIAN_POINT ( 'NONE',  ( 2.560787946185835800, -0.4139147855234650000, -7.513226229545706400 ) ) ;
#605 = CARTESIAN_POINT ( 'NONE',  ( -1.265060653844732700, 3.054126587736527100, -5.843750000000002700 ) ) ;
#606 = CARTESIAN_POINT ( 'NONE',  ( -2.121320343559644600, -2.121320343559648200, -2.624999999999998700 ) ) ;
#607 = EDGE_CURVE ( 'NONE', #3286, #2138, #2291, .T. ) ;
#608 = ADVANCED_FACE ( 'NONE', ( #2244 ), #670, .T. ) ;
#609 = CARTESIAN_POINT ( 'NONE',  ( 2.350480947161671900, 0.9736010864139197400, -1.562500000000000900 ) ) ;
#610 = CARTESIAN_POINT ( 'NONE',  ( -3.054126587736528900, -1.265060653844735300, -6.656250000000000000 ) ) ;
#611 = CARTESIAN_POINT ( 'NONE',  ( -2.350480947161672300, -0.9736010864139247300, -8.062500000000000000 ) ) ;
#612 = CARTESIAN_POINT ( 'NONE',  ( 2.851376698277145600, -0.9325507624371722800, 4.700000000000001100 ) ) ;
#613 = CARTESIAN_POINT ( 'NONE',  ( -1.346777255275780200, 2.189557844014880000, -7.535283787756133800 ) ) ;
#614 = CARTESIAN_POINT ( 'NONE',  ( -2.350480947161672300, 0.9736010864139185200, 1.687499999999999800 ) ) ;
#615 = CARTESIAN_POINT ( 'NONE',  ( -2.081357545364863000E-011, 2.999999999999999600, 0.1250000000010441400 ) ) ;
#616 = VECTOR ( 'NONE', #1824, 1000.000000000000000 ) ;
#617 = CARTESIAN_POINT ( 'NONE',  ( -1.242640687119275000, -3.000000000000018700, 3.437500000000001300 ) ) ;
#618 = CARTESIAN_POINT ( 'NONE',  ( -2.159593620790631000, -2.159593620790633700, -4.531250000000005300 ) ) ;
#619 = DIRECTION ( 'NONE',  ( -0.0000000000000000000, 1.224646799147353200E-016, -1.000000000000000000 ) ) ;
#620 = VECTOR ( 'NONE', #1025, 1000.000000000000000 ) ;
#621 = CARTESIAN_POINT ( 'NONE',  ( 0.9736010864139245100, 2.350480947161667900, 1.562499999999999600 ) ) ;
#622 = LINE ( 'NONE', #1212, #2876 ) ;
#623 = CARTESIAN_POINT ( 'NONE',  ( 3.054126587736528500, 1.265060653844731300, -6.156250000000000000 ) ) ;
#624 = EDGE_CURVE ( 'NONE', #1739, #1316, #3109, .T. ) ;
#625 = CARTESIAN_POINT ( 'NONE',  ( 2.159593620790631000, 2.159593620790624800, 4.906250000000000900 ) ) ;
#626 = CARTESIAN_POINT ( 'NONE',  ( -1.408307644503487000, -2.341899138925841700, 4.700000000000000200 ) ) ;
#627 = CARTESIAN_POINT ( 'NONE',  ( 0.5643101117206733600, 1.983596481850145000, 7.750871006163249500 ) ) ;
#628 = CARTESIAN_POINT ( 'NONE',  ( 2.350480947161672300, -4.434518052659888800E-015, -0.7500000000000006700 ) ) ;
#629 = DIRECTION ( 'NONE',  ( -0.0000000000000000000, -0.0000000000000000000, 1.000000000000000000 ) ) ;
#630 = CARTESIAN_POINT ( 'NONE',  ( -2.078502459568736500E-011, 3.000000000000000000, -4.874999999998958200 ) ) ;
#631 = CARTESIAN_POINT ( 'NONE',  ( 0.0000000000000000000, 2.999999999999998700, 5.996993266560446400E-016 ) ) ;
#632 = VERTEX_POINT ( 'NONE', #2480 ) ;
#633 = CARTESIAN_POINT ( 'NONE',  ( 0.0000000000000000000, 3.054126587736525800, -3.906250000000002700 ) ) ;
#634 = AXIS2_PLACEMENT_3D ( 'NONE', #1655, #3359, #1626 ) ;
#635 = ORIENTED_EDGE ( 'NONE', *, *, #2120, .F. ) ;
#636 = CARTESIAN_POINT ( 'NONE',  ( -2.350480947161672300, -0.9736010864139275100, 1.937500000000000000 ) ) ;
#637 = CARTESIAN_POINT ( 'NONE',  ( 1.265060653844735100, 3.054126587736524900, -4.031250000000000000 ) ) ;
#638 = CARTESIAN_POINT ( 'NONE',  ( 0.0000000000000000000, 2.350480947161670100, -7.375000000000000900 ) ) ;
#639 = CARTESIAN_POINT ( 'NONE',  ( -2.333611105088693600, -1.078413396434042300, 4.700000000000002000 ) ) ;
#640 = CARTESIAN_POINT ( 'NONE',  ( -0.9736010864139231800, -2.350480947161678100, 4.937500000000000900 ) ) ;
#641 = CARTESIAN_POINT ( 'NONE',  ( -2.350480947161672300, 0.9736010864139198500, -3.187500000000000000 ) ) ;
#642 = CARTESIAN_POINT ( 'NONE',  ( 0.0000000000000000000, 3.000000000000000000, 1.124999999999996400 ) ) ;
#643 = CARTESIAN_POINT ( 'NONE',  ( 2.159593620790630600, -2.159593620790634500, -2.281250000000006200 ) ) ;
#644 = CARTESIAN_POINT ( 'NONE',  ( -1.999999999999999100, 0.9760601099266502700, 7.910679785773695000 ) ) ;
#645 = ORIENTED_EDGE ( 'NONE', *, *, #1883, .T. ) ;
#646 = ORIENTED_EDGE ( 'NONE', *, *, #3660, .T. ) ;
#647 = CARTESIAN_POINT ( 'NONE',  ( 2.350480947161671900, 0.9736010864139195100, -0.5625000000000004400 ) ) ;
#648 = CARTESIAN_POINT ( 'NONE',  ( 3.054126587736528500, 1.265060653844729800, -2.156250000000000400 ) ) ;
#649 = CARTESIAN_POINT ( 'NONE',  ( 2.159593620790631000, 2.159593620790624800, 3.906250000000000000 ) ) ;
#650 = CARTESIAN_POINT ( 'NONE',  ( 2.350480947161672300, -2.507974192320261600E-015, -7.625000000000000900 ) ) ;
#651 = ORIENTED_EDGE ( 'NONE', *, *, #30, .T. ) ;
#652 = CARTESIAN_POINT ( 'NONE',  ( 1.662041016787797500, -1.662041016787803000, 4.125000000000000000 ) ) ;
#653 = CARTESIAN_POINT ( 'NONE',  ( -1.662041016787797500, 1.662041016787793700, -1.250000000000000200 ) ) ;
#654 = AXIS2_PLACEMENT_3D ( 'NONE', #3231, #629, #896 ) ;
#655 = APPROVAL_ROLE ( '' ) ;
#656 = CARTESIAN_POINT ( 'NONE',  ( 2.671000592847287100, 0.5500438542812045000, -7.379776838948383300 ) ) ;
#657 = CARTESIAN_POINT ( 'NONE',  ( -3.054126587736528900, -3.281552319540115600E-015, -2.656250000000004000 ) ) ;
#658 =( BOUNDED_CURVE ( )  B_SPLINE_CURVE ( 2, ( #139, #2424, #2451, #2171, #998, #685, #3563, #3018, #1550 ),
 .UNSPECIFIED., .F., .T. ) 
 B_SPLINE_CURVE_WITH_KNOTS ( ( 3, 2, 2, 2, 3 ),
 ( 0.07142857142857149400, 0.08035714285714296000, 0.08928571428571439900, 0.09821428571428583700, 0.1071428571428572900 ),
 .UNSPECIFIED. ) 
 CURVE ( )  GEOMETRIC_REPRESENTATION_ITEM ( )  RATIONAL_B_SPLINE_CURVE ( ( 0.9999999999999994400, 0.9238795325112872900, 1.000000000000000000, 0.9238795325112867400, 1.000000000000000000, 0.9238795325112867400, 1.000000000000000000, 0.9238795325112854100, 1.000000000000001300 ) ) 
 REPRESENTATION_ITEM ( '' )  );
#659 = DIRECTION ( 'NONE',  ( 0.0000000000000000000, 1.000000000000000000, 1.224646799147353200E-016 ) ) ;
#660 = CARTESIAN_POINT ( 'NONE',  ( -2.878508968398380700E-016, -2.350480947161675900, -2.000000000000000000 ) ) ;
#661 = MANIFOLD_SOLID_BREP ( 'Split1[1]', #3052 ) ;
#662 = CARTESIAN_POINT ( 'NONE',  ( -2.878508968398380700E-016, -2.350480947161677200, 2.125000000000000000 ) ) ;
#663 = CARTESIAN_POINT ( 'NONE',  ( -3.740226349862368200E-016, -3.054126587736532900, -1.468749999999999600 ) ) ;
#664 = CARTESIAN_POINT ( 'NONE',  ( 1.265060653844735100, 3.054126587736522200, 4.968750000000000900 ) ) ;
#665 = CARTESIAN_POINT ( 'NONE',  ( 0.05989484049713417200, -2.887421899207178700, 4.699999999999939800 ) ) ;
#666 = CARTESIAN_POINT ( 'NONE',  ( 0.0000000000000000000, 3.000000000000000400, -8.000000000000000000 ) ) ;
#667 = CARTESIAN_POINT ( 'NONE',  ( 1.662041016787797900, 1.662041016787793900, -3.500000000000000400 ) ) ;
#668 = CARTESIAN_POINT ( 'NONE',  ( -1.242640687119275000, -3.000000000000017800, -1.562499999999998400 ) ) ;
#669 = CYLINDRICAL_SURFACE ( 'NONE', #3558, 3.000000000000000000 ) ;
#670 = CYLINDRICAL_SURFACE ( 'NONE', #2648, 3.000000000000000000 ) ;
#671 = CARTESIAN_POINT ( 'NONE',  ( -3.054126587736528900, 1.265060653844729800, -2.718750000000004000 ) ) ;
#672 = CARTESIAN_POINT ( 'NONE',  ( -3.000000000000000900, -3.854072757716020700E-015, -0.6250000000000035500 ) ) ;
#673 = CIRCLE ( 'NONE', #1039, 2.309401076758501100 ) ;
#674 = CARTESIAN_POINT ( 'NONE',  ( 1.662041016787797900, 1.662041016787794400, -4.625000000000000900 ) ) ;
#675 = CARTESIAN_POINT ( 'NONE',  ( -2.350480947161672300, 0.9736010864139185200, 1.812500000000000000 ) ) ;
#676 = CARTESIAN_POINT ( 'NONE',  ( -3.054126587736528900, 1.265060653844729800, -2.781250000000000000 ) ) ;
#677 = CARTESIAN_POINT ( 'NONE',  ( 2.350480947161671900, 0.9736010864139209600, -5.562500000000002700 ) ) ;
#678 = CARTESIAN_POINT ( 'NONE',  ( 2.856687730939496500, 0.3768335065685639600, 4.700000000000004600 ) ) ;
#679 = CARTESIAN_POINT ( 'NONE',  ( 1.662041016787797900, 1.662041016787792100, 3.374999999999999600 ) ) ;
#680 = PRODUCT_DEFINITION ( 'UNKNOWN', '', #2496, #2777 ) ;
#681 = CARTESIAN_POINT ( 'NONE',  ( -2.350480947161672300, -0.9736010864139267300, -1.062500000000000200 ) ) ;
#682 = ORIENTED_EDGE ( 'NONE', *, *, #3401, .T. ) ;
#683 = CARTESIAN_POINT ( 'NONE',  ( -1.242640687119275000, -3.000000000000017800, -3.562499999999998200 ) ) ;
#684 = CARTESIAN_POINT ( 'NONE',  ( -1.242640687119274300, 3.000000000000009800, 1.062499999999998900 ) ) ;
#685 = CARTESIAN_POINT ( 'NONE',  ( -3.000000000000002700, -1.242640687119288800, -6.687499999999999100 ) ) ;
#686 = EDGE_CURVE ( 'NONE', #152, #2408, #2031, .T. ) ;
#687 = ORIENTED_EDGE ( 'NONE', *, *, #421, .F. ) ;
#688 = CARTESIAN_POINT ( 'NONE',  ( 2.159593620790631000, 2.159593620790627000, -2.031250000000002700 ) ) ;
#689 = CARTESIAN_POINT ( 'NONE',  ( -3.000000000000001800, -1.242640687119289700, -0.5625000000000035500 ) ) ;
#690 = CARTESIAN_POINT ( 'NONE',  ( -2.350480947161672300, -3.158254855220348100E-015, -3.250000000000000400 ) ) ;
#691 = DIRECTION ( 'NONE',  ( -0.0000000000000000000, 1.224646799147353200E-016, -1.000000000000000000 ) ) ;
#692 = CARTESIAN_POINT ( 'NONE',  ( -2.350480947161672300, -2.632833802400449600E-015, -5.125000000000000000 ) ) ;
#693 = CARTESIAN_POINT ( 'NONE',  ( 1.662041016787797500, -1.662041016787801000, -4.750000000000000900 ) ) ;
#694 = CARTESIAN_POINT ( 'NONE',  ( -2.000000000000000000, -1.154700538379239700, 8.000000000000000000 ) ) ;
#695 = CARTESIAN_POINT ( 'NONE',  ( -2.350480947161672300, 0.9736010864139187400, 0.8124999999999990000 ) ) ;
#696 = CARTESIAN_POINT ( 'NONE',  ( 0.0000000000000000000, 2.999999999999999600, -5.000000000000000000 ) ) ;
#697 = CARTESIAN_POINT ( 'NONE',  ( -1.662041016787797500, 1.662041016787795300, -6.375000000000000900 ) ) ;
#698 = ORIENTED_EDGE ( 'NONE', *, *, #551, .T. ) ;
#699 = CARTESIAN_POINT ( 'NONE',  ( -2.878508968398380700E-016, -2.350480947161674100, -8.000000000000000000 ) ) ;
#700 = CARTESIAN_POINT ( 'NONE',  ( -1.265060653844733100, -3.054126587736532900, -0.4687500000000056100 ) ) ;
#701 = DIRECTION ( 'NONE',  ( 1.000000000000000000, 0.0000000000000000000, 0.0000000000000000000 ) ) ;
#702 = CARTESIAN_POINT ( 'NONE',  ( -2.878508968398380700E-016, -2.350480947161675400, -4.000000000000000000 ) ) ;
#703 = EDGE_CURVE ( 'NONE', #2408, #1562, #2709, .T. ) ;
#704 = ORIENTED_EDGE ( 'NONE', *, *, #3302, .T. ) ;
#705 = CARTESIAN_POINT ( 'NONE',  ( 1.242640687111133500, 3.000000000008169900, 0.06250000000057101500 ) ) ;
#706 = CARTESIAN_POINT ( 'NONE',  ( -0.9736010864139231800, -2.350480947161675000, -4.937500000000001800 ) ) ;
#707 = CARTESIAN_POINT ( 'NONE',  ( 1.662041016787797500, -1.662041016787800600, -5.750000000000000000 ) ) ;
#708 = DIRECTION ( 'NONE',  ( 0.0000000000000000000, -1.000000000000000000, 0.0000000000000000000 ) ) ;
#709 = CARTESIAN_POINT ( 'NONE',  ( -0.9736010864139230700, 2.350480947161667900, -0.3125000000000002800 ) ) ;
#710 = CARTESIAN_POINT ( 'NONE',  ( 3.000000000000252200, -3.888299433444574400E-015, -3.125000000000148800 ) ) ;
#711 = CARTESIAN_POINT ( 'NONE',  ( 0.0000000000000000000, 2.350480947161669700, -5.500000000000000900 ) ) ;
#712 =( BOUNDED_CURVE ( )  B_SPLINE_CURVE ( 2, ( #935, #2426, #351, #689, #672, #2683, #2975, #3262, #1826 ),
 .UNSPECIFIED., .F., .F. ) 
 B_SPLINE_CURVE_WITH_KNOTS ( ( 3, 2, 2, 2, 3 ),
 ( 0.09568549208906473900, 0.09804267841730691900, 0.1003998647455491000, 0.1027570510737912700, 0.1051142374020334800 ),
 .UNSPECIFIED. ) 
 CURVE ( )  GEOMETRIC_REPRESENTATION_ITEM ( )  RATIONAL_B_SPLINE_CURVE ( ( 1.000000000000000000, 0.9238795325112867400, 1.000000000000000000, 0.9238795325112867400, 1.000000000000000000, 0.9238795325112867400, 1.000000000000000000, 0.9238795325112896300, 0.9999999999999971100 ) ) 
 REPRESENTATION_ITEM ( '' )  );
#713 = CARTESIAN_POINT ( 'NONE',  ( -2.350480947161672300, 0.9736010864139212900, -8.312500000000000000 ) ) ;
#714 =( BOUNDED_CURVE ( )  B_SPLINE_CURVE ( 2, ( #2741, #705, #1902, #3568, #2727, #2476, #3317, #1580, #2188 ),
 .UNSPECIFIED., .F., .T. ) 
 B_SPLINE_CURVE_WITH_KNOTS ( ( 3, 2, 2, 2, 3 ),
 ( 0.08625656043028992500, 0.08861379334498364900, 0.09097102625967733200, 0.09332825917437101400, 0.09568549208906473900 ),
 .UNSPECIFIED. ) 
 CURVE ( )  GEOMETRIC_REPRESENTATION_ITEM ( )  RATIONAL_B_SPLINE_CURVE ( ( 1.000000000000653000, 0.9238795325106335900, 1.000000000000000000, 0.9238795325112867400, 1.000000000000000000, 0.9238795325112867400, 1.000000000000000000, 0.9238795325112867400, 1.000000000000000000 ) ) 
 REPRESENTATION_ITEM ( '' )  );
#715 = CARTESIAN_POINT ( 'NONE',  ( -1.265060653844733100, -3.054126587736533800, 1.531249999999994900 ) ) ;
#716 = CARTESIAN_POINT ( 'NONE',  ( -2.121320343559643700, -2.121320343559645900, -5.500000000000006200 ) ) ;
#717 = VECTOR ( 'NONE', #1754, 1000.000000000000000 ) ;
#718 = CARTESIAN_POINT ( 'NONE',  ( -2.878508968398380700E-016, -2.350480947161675000, -5.000000000000000900 ) ) ;
#719 = DIRECTION ( 'NONE',  ( 0.0000000000000000000, -1.000000000000000000, 0.0000000000000000000 ) ) ;
#720 = CARTESIAN_POINT ( 'NONE',  ( 2.350480947161671900, -0.9736010864139272900, -3.687500000000000900 ) ) ;
#721 = CARTESIAN_POINT ( 'NONE',  ( -1.662041016787797700, -1.662041016787802600, 2.999999999999999100 ) ) ;
#722 = CIRCLE ( 'NONE', #1313, 2.100000000000001400 ) ;
#723 = SECURITY_CLASSIFICATION_LEVEL ( 'unclassified' ) ;
#724 = CARTESIAN_POINT ( 'NONE',  ( -0.9736010864139232900, -2.350480947161674500, -7.062500000000000900 ) ) ;
#725 = CARTESIAN_POINT ( 'NONE',  ( -2.878508968398380700E-016, -2.350480947161674500, -7.000000000000000900 ) ) ;
#726 = CARTESIAN_POINT ( 'NONE',  ( -1.265060653844732700, 3.054126587736524000, 3.156249999999997300 ) ) ;
#727 = CARTESIAN_POINT ( 'NONE',  ( 2.350480947161671900, -0.9736010864139282800, -0.8125000000000007800 ) ) ;
#728 = ORIENTED_EDGE ( 'NONE', *, *, #2120, .T. ) ;
#729 = CARTESIAN_POINT ( 'NONE',  ( -2.350480947161672300, -0.9736010864139281700, 3.937500000000000000 ) ) ;
#730 = CARTESIAN_POINT ( 'NONE',  ( 2.350480947161671900, 0.9736010864139205100, -4.562500000000001800 ) ) ;
#731 = VERTEX_POINT ( 'NONE', #1315 ) ;
#732 = CARTESIAN_POINT ( 'NONE',  ( 1.662041016787797500, -1.662041016787802100, 0.2500000000000002200 ) ) ;
#733 = CARTESIAN_POINT ( 'NONE',  ( 0.0000000000000000000, 2.999999999999999100, -1.875000000000003300 ) ) ;
#734 = CARTESIAN_POINT ( 'NONE',  ( 3.000000000000002200, 1.242640687119283000, -0.1874999999999995800 ) ) ;
#735 = CARTESIAN_POINT ( 'NONE',  ( -2.350480947161672300, -2.597805732212456900E-015, -5.250000000000000000 ) ) ;
#736 = CARTESIAN_POINT ( 'NONE',  ( -2.878508968398380700E-016, -2.350480947161675000, -6.000000000000000000 ) ) ;
#737 = CARTESIAN_POINT ( 'NONE',  ( -2.159593620790631000, -2.159593620790635000, 0.4687499999999934500 ) ) ;
#738 = CARTESIAN_POINT ( 'NONE',  ( -2.121320343559644600, 2.121320343559641500, -4.874999999999999100 ) ) ;
#739 = CARTESIAN_POINT ( 'NONE',  ( -2.350480947161672300, -2.632833802400449600E-015, -5.125000000000000000 ) ) ;
#740 = ORIENTED_EDGE ( 'NONE', *, *, #3302, .F. ) ;
#741 = ORIENTED_EDGE ( 'NONE', *, *, #166, .F. ) ;
#742 = CARTESIAN_POINT ( 'NONE',  ( -2.878508968398380700E-016, -2.350480947161677200, 3.124999999999999100 ) ) ;
#743 = CARTESIAN_POINT ( 'NONE',  ( 1.606752202687608000, -2.405937684370478700, -7.214473120186514900 ) ) ;
#744 = EDGE_LOOP ( 'NONE', ( #3166, #1644, #1133, #3133, #3177, #3704 ) ) ;
#745 = B_SPLINE_CURVE_WITH_KNOTS ( 'NONE', 3,
 ( #2231, #784, #3453, #2242, #280, #493, #1369, #560, #2308, #2586, #857, #3082, #2789, #2871, #1141, #1348 ),
 .UNSPECIFIED., .F., .F.,
 ( 4, 2, 2, 2, 2, 2, 2, 4 ),
 ( 0.01341688748312360900, 0.01436789231241054900, 0.01484339472705402000, 0.01531889714169749000, 0.01579439955634096000, 0.01626990197098443200, 0.01674540438562790300, 0.01722090680027137100 ),
 .UNSPECIFIED. ) ;
#746 = CARTESIAN_POINT ( 'NONE',  ( 2.121320343559644600, 2.121320343559639300, -0.1249999999999995100 ) ) ;
#747 = CARTESIAN_POINT ( 'NONE',  ( -3.054126587736528900, -4.402450565555898700E-015, 1.343749999999996000 ) ) ;
#748 = CARTESIAN_POINT ( 'NONE',  ( -3.000000000000014200, 1.242640687119287200, 0.3124999999999879000 ) ) ;
#749 = APPROVAL ( #2168, 'UNSPECIFIED' ) ;
#750 = CARTESIAN_POINT ( 'NONE',  ( 2.121320343559643700, 2.121320343559638800, -1.000000000000002200 ) ) ;
#751 = CARTESIAN_POINT ( 'NONE',  ( 2.350480947161671900, -0.9736010864139286200, 0.3125000000000002800 ) ) ;
#752 = CARTESIAN_POINT ( 'NONE',  ( 2.350480947161672300, -5.870668930367610600E-015, 4.375000000000000000 ) ) ;
#753 = CARTESIAN_POINT ( 'NONE',  ( 1.242640687117536800, 3.000000000001746200, -3.937499999999877900 ) ) ;
#754 = EDGE_CURVE ( 'NONE', #2966, #325, #3624, .T. ) ;
#755 = CARTESIAN_POINT ( 'NONE',  ( 0.0000000000000000000, 3.054126587736524500, 2.093749999999996400 ) ) ;
#756 = DIRECTION ( 'NONE',  ( -0.0000000000000000000, -0.0000000000000000000, 1.000000000000000000 ) ) ;
#757 = VECTOR ( 'NONE', #3204, 1000.000000000000000 ) ;
#758 = CARTESIAN_POINT ( 'NONE',  ( 0.9736010864139245100, 2.350480947161667900, 0.5625000000000004400 ) ) ;
#759 = CARTESIAN_POINT ( 'NONE',  ( 2.350480947161672300, -2.472946122132268500E-015, -7.750000000000000900 ) ) ;
#760 = CARTESIAN_POINT ( 'NONE',  ( 2.521996232754538000, -1.545761545621972200, -7.171774237552681600 ) ) ;
#761 = B_SPLINE_CURVE_WITH_KNOTS ( 'NONE', 3,
 ( #1563, #1850, #2150, #2746, #3587, #1282 ),
 .UNSPECIFIED., .F., .F.,
 ( 4, 2, 4 ),
 ( 0.001253827683751238900, 0.001851928190344653700, 0.002450028696938069200 ),
 .UNSPECIFIED. ) ;
#762 = CARTESIAN_POINT ( 'NONE',  ( 2.121320343559644600, 2.121320343559641500, -7.000000000000003600 ) ) ;
#763 = EDGE_CURVE ( 'NONE', #3520, #504, #2717, .T. ) ;
#764 = ORIENTED_EDGE ( 'NONE', *, *, #2297, .F. ) ;
#765 = CARTESIAN_POINT ( 'NONE',  ( 0.0000000000000000000, -9.273119623796684600E-016, 4.700000000000001100 ) ) ;
#766 = CARTESIAN_POINT ( 'NONE',  ( 3.000000000000001800, -1.242640687119291200, -4.312500000000000900 ) ) ;
#767 =( BOUNDED_CURVE ( )  B_SPLINE_CURVE ( 2, ( #631, #2656, #1575, #3298, #420, #1875, #2137, #2435, #393 ),
 .UNSPECIFIED., .F., .T. ) 
 B_SPLINE_CURVE_WITH_KNOTS ( ( 3, 2, 2, 2, 3 ),
 ( 0.5714285714285714000, 0.5803571428571429000, 0.5892857142857144100, 0.5982142857142858100, 0.6071428571428572100 ),
 .UNSPECIFIED. ) 
 CURVE ( )  GEOMETRIC_REPRESENTATION_ITEM ( )  RATIONAL_B_SPLINE_CURVE ( ( 1.000000000000000000, 0.9238795325112867400, 1.000000000000000000, 0.9238795325112867400, 1.000000000000000000, 0.9238795325112867400, 1.000000000000000000, 0.9238795325112857400, 1.000000000000000900 ) ) 
 REPRESENTATION_ITEM ( '' )  );
#768 = CARTESIAN_POINT ( 'NONE',  ( 0.0000000000000000000, 2.350480947161668800, -2.375000000000000400 ) ) ;
#769 = AXIS2_PLACEMENT_3D ( 'NONE', #1243, #2398, #382 ) ;
#770 = CARTESIAN_POINT ( 'NONE',  ( -2.350480947161672300, -5.435079417439906600E-015, 4.874999999999999100 ) ) ;
#771 = CARTESIAN_POINT ( 'NONE',  ( 2.121320343559644600, -2.121320343559649500, -0.3749999999999997800 ) ) ;
#772 = ORIENTED_EDGE ( 'NONE', *, *, #1663, .F. ) ;
#773 = DIRECTION ( 'NONE',  ( 0.0000000000000000000, 1.000000000000000000, 0.0000000000000000000 ) ) ;
#774 = CARTESIAN_POINT ( 'NONE',  ( 0.0000000000000000000, 6.279894725374701700E-016, -8.000000000000000000 ) ) ;
#775 = AXIS2_PLACEMENT_3D ( 'NONE', #783, #2888, #2919 ) ;
#776 = ORIENTED_EDGE ( 'NONE', *, *, #1787, .F. ) ;
#777 = CARTESIAN_POINT ( 'NONE',  ( 2.121320343559644600, -2.121320343559649900, 1.625000000000000400 ) ) ;
#778 = CARTESIAN_POINT ( 'NONE',  ( 1.662041016787797900, 1.662041016787792600, 1.374999999999999600 ) ) ;
#779 = CARTESIAN_POINT ( 'NONE',  ( 0.9736010864139245100, 2.350480947161667900, -1.437500000000000900 ) ) ;
#780 = ORIENTED_EDGE ( 'NONE', *, *, #1016, .F. ) ;
#781 = CARTESIAN_POINT ( 'NONE',  ( 2.350480947161671900, 0.9736010864139215100, -7.687500000000000900 ) ) ;
#782 = CARTESIAN_POINT ( 'NONE',  ( -2.350480947161672300, 0.9736010864139205100, -6.187500000000000900 ) ) ;
#783 = CARTESIAN_POINT ( 'NONE',  ( 0.0000000000000000000, 6.279894725374701700E-016, -8.000000000000000000 ) ) ;
#784 = CARTESIAN_POINT ( 'NONE',  ( 0.3159213024579265400, 2.496623129619651500, -7.603376870383559800 ) ) ;
#785 = CARTESIAN_POINT ( 'NONE',  ( -3.673940397442062800E-016, -3.000000000000007500, 1.500000000000000000 ) ) ;
#786 = CARTESIAN_POINT ( 'NONE',  ( -2.878508968398380700E-016, -2.350480947161676300, 0.0000000000000000000 ) ) ;
#787 = CARTESIAN_POINT ( 'NONE',  ( -0.9736010864139231800, 2.350480947161668800, -2.312500000000000900 ) ) ;
#788 = CARTESIAN_POINT ( 'NONE',  ( -0.9736010864139230700, 2.350480947161667400, 4.687500000000000000 ) ) ;
#789 = CYLINDRICAL_SURFACE ( 'NONE', #1184, 3.000000000000000000 ) ;
#790 = CARTESIAN_POINT ( 'NONE',  ( 2.350480947161672300, -2.788198753824207200E-015, -6.625000000000000900 ) ) ;
#791 = FACE_OUTER_BOUND ( 'NONE', #1885, .T. ) ;
#792 = EDGE_CURVE ( 'NONE', #2624, #1494, #2678, .T. ) ;
#793 = VECTOR ( 'NONE', #1795, 1000.000000000000000 ) ;
#794 = CARTESIAN_POINT ( 'NONE',  ( 0.9736010864139224000, -2.350480947161676300, -2.937500000000001800 ) ) ;
#795 = CARTESIAN_POINT ( 'NONE',  ( -0.9736010864139231800, 2.350480947161667900, -1.437500000000000900 ) ) ;
#796 = CARTESIAN_POINT ( 'NONE',  ( 1.242640687109438200, -3.000000000009866300, -5.312500000000712300 ) ) ;
#797 = CARTESIAN_POINT ( 'NONE',  ( -2.350480947161672300, 0.9736010864139188500, -0.3125000000000002800 ) ) ;
#798 = CARTESIAN_POINT ( 'NONE',  ( -0.9736010864139231800, -2.350480947161677200, 2.937499999999999100 ) ) ;
#799 = CARTESIAN_POINT ( 'NONE',  ( -2.350480947161672300, -0.9736010864139276200, 1.937500000000000000 ) ) ;
#800 = ORIENTED_EDGE ( 'NONE', *, *, #2816, .F. ) ;
#801 = CARTESIAN_POINT ( 'NONE',  ( -0.9736010864139230700, 2.350480947161670100, -6.437500000000000900 ) ) ;
#802 = CARTESIAN_POINT ( 'NONE',  ( -1.662041016787797500, 1.662041016787795000, -6.250000000000000000 ) ) ;
#803 = CARTESIAN_POINT ( 'NONE',  ( -2.350480947161672300, -5.119826785747968700E-015, 3.750000000000000000 ) ) ;
#804 = ORIENTED_EDGE ( 'NONE', *, *, #1663, .T. ) ;
#805 = B_SPLINE_CURVE_WITH_KNOTS ( 'NONE', 3,
 ( #612, #1148, #3554, #3253, #388, #678, #3504, #928, #373, #1844, #2090, #3294, #1546, #2949, #96, #2703, #342, #2130, #3003, #1222, #2387, #2376 ),
 .UNSPECIFIED., .F., .F.,
 ( 4, 2, 2, 2, 2, 2, 2, 2, 2, 2, 4 ),
 ( 0.0005811220166302638900, 0.001371610686813568400, 0.001766855021905220600, 0.002162099356996872800, 0.002952588027180176900, 0.003743076697363480500, 0.004533565367546783600, 0.004928809702638436300, 0.005324054037730089000, 0.006114542707913392600, 0.006905031378096697000 ),
 .UNSPECIFIED. ) ;
#806 = CARTESIAN_POINT ( 'NONE',  ( 1.242640687119282300, 3.000000000000004400, -3.062499999999999100 ) ) ;
#807 = EDGE_CURVE ( 'NONE', #272, #2007, #1726, .T. ) ;
#808 = CARTESIAN_POINT ( 'NONE',  ( -1.662041016787797500, 1.662041016787794400, -3.375000000000000400 ) ) ;
#809 = CARTESIAN_POINT ( 'NONE',  ( -2.878508968398380700E-016, -2.350480947161675900, -2.000000000000000000 ) ) ;
#810 = CC_DESIGN_PERSON_AND_ORGANIZATION_ASSIGNMENT ( #405, #1766, ( #3706 ) ) ;
#811 = CARTESIAN_POINT ( 'NONE',  ( -2.999999999999999600, -4.974971003731804600E-015, 3.374999999999997300 ) ) ;
#812 =( BOUNDED_CURVE ( )  B_SPLINE_CURVE ( 2, ( #2646, #1171, #897, #2096, #335, #55, #77, #2355, #3482 ),
 .UNSPECIFIED., .F., .T. ) 
 B_SPLINE_CURVE_WITH_KNOTS ( ( 3, 2, 2, 2, 3 ),
 ( 0.7142857142857144100, 0.7232142857142858100, 0.7321428571428572100, 0.7410714285714288300, 0.7500000000000002200 ),
 .UNSPECIFIED. ) 
 CURVE ( )  GEOMETRIC_REPRESENTATION_ITEM ( )  RATIONAL_B_SPLINE_CURVE ( ( 0.9999999999999990000, 0.9238795325112877400, 1.000000000000000000, 0.9238795325112867400, 1.000000000000000000, 0.9238795325112867400, 1.000000000000000000, 0.9238795325112848500, 1.000000000000002000 ) ) 
 REPRESENTATION_ITEM ( '' )  );
#813 = CARTESIAN_POINT ( 'NONE',  ( -3.673940397442062800E-016, -3.000000000000007500, 1.500000000000000000 ) ) ;
#814 = CARTESIAN_POINT ( 'NONE',  ( 0.9736010864139224000, -2.350480947161677700, 2.062500000000000000 ) ) ;
#815 =( BOUNDED_CURVE ( )  B_SPLINE_CURVE ( 2, ( #785, #2782, #777, #2199, #1360, #1076, #3102, #3369, #2245 ),
 .UNSPECIFIED., .F., .T. ) 
 B_SPLINE_CURVE_WITH_KNOTS ( ( 3, 2, 2, 2, 3 ),
 ( 0.6785714285714287100, 0.6875000000000001100, 0.6964285714285715100, 0.7053571428571430200, 0.7142857142857144100 ),
 .UNSPECIFIED. ) 
 CURVE ( )  GEOMETRIC_REPRESENTATION_ITEM ( )  RATIONAL_B_SPLINE_CURVE ( ( 0.9999999999999990000, 0.9238795325112877400, 1.000000000000000000, 0.9238795325112867400, 1.000000000000000000, 0.9238795325112867400, 1.000000000000000000, 0.9238795325112857400, 1.000000000000000900 ) ) 
 REPRESENTATION_ITEM ( '' )  );
#816 = CARTESIAN_POINT ( 'NONE',  ( 1.662041016787797500, -1.662041016787803000, 4.125000000000000000 ) ) ;
#817 = CARTESIAN_POINT ( 'NONE',  ( 2.350480947161671900, -0.9736010864139290600, 2.312500000000000900 ) ) ;
#818 = CARTESIAN_POINT ( 'NONE',  ( 0.0000000000000000000, 2.350480947161669700, -5.500000000000000900 ) ) ;
#819 = ORIENTED_EDGE ( 'NONE', *, *, #365, .F. ) ;
#820 = CARTESIAN_POINT ( 'NONE',  ( -0.9736010864139231800, 2.350480947161667900, 2.562499999999998700 ) ) ;
#821 = ORIENTED_EDGE ( 'NONE', *, *, #384, .T. ) ;
#822 = CARTESIAN_POINT ( 'NONE',  ( 0.0000000000000000000, 6.279894725374701700E-016, -8.000000000000000000 ) ) ;
#823 = CARTESIAN_POINT ( 'NONE',  ( 1.662041016787797500, -1.662041016787801000, -2.875000000000000900 ) ) ;
#824 = ORIENTED_EDGE ( 'NONE', *, *, #1336, .T. ) ;
#825 = CARTESIAN_POINT ( 'NONE',  ( 0.0000000000000000000, 2.350480947161668800, -2.500000000000000400 ) ) ;
#826 = CARTESIAN_POINT ( 'NONE',  ( 2.232743006858175500, -0.7505592912390561800, -7.749519052838329500 ) ) ;
#827 = DIRECTION ( 'NONE',  ( -0.0000000000000000000, -0.0000000000000000000, 1.000000000000000000 ) ) ;
#828 = CARTESIAN_POINT ( 'NONE',  ( 0.9736010864139224000, -2.350480947161678100, 4.062500000000000000 ) ) ;
#829 = CARTESIAN_POINT ( 'NONE',  ( 2.350480947161671900, 0.9736010864139182900, 3.437499999999999600 ) ) ;
#830 = ADVANCED_FACE ( 'NONE', ( #2827 ), #1045, .T. ) ;
#831 = CARTESIAN_POINT ( 'NONE',  ( -2.878508968398380700E-016, -2.350480947161675000, -4.875000000000000900 ) ) ;
#832 = CARTESIAN_POINT ( 'NONE',  ( 2.350480947161671900, -0.9736010864139292800, 3.187499999999999600 ) ) ;
#833 = CARTESIAN_POINT ( 'NONE',  ( 1.265060653844735100, 3.054126587736524500, -1.031250000000000000 ) ) ;
#834 = B_SPLINE_CURVE_WITH_KNOTS ( 'NONE', 3,
 ( #2582, #1181, #2904, #1149, #1165, #331, #3211, #2625, #852, #1449, #2036, #51, #3734, #3489, #3476, #3196, #3228, #1749, #2868, #583, #1136, #2610, #569, #9, #3462, #613, #890, #2351, #289, #22, #1464, #3167 ),
 .UNSPECIFIED., .F., .F.,
 ( 4, 2, 2, 2, 2, 2, 2, 2, 2, 2, 2, 2, 2, 2, 2, 4 ),
 ( 0.005041750000320024600, 0.005565196092995248300, 0.006088642185670472100, 0.006612088278345695800, 0.007135534371020919500, 0.008182426556371367000, 0.008705872649046590700, 0.009229318741721816200, 0.009752764834397038100, 0.01027621092707226400, 0.01079965701974748900, 0.01132310311242271100, 0.01184654920509793700, 0.01236999529777316200, 0.01289344139044838600, 0.01341688748312360900 ),
 .UNSPECIFIED. ) ;
#835 = CARTESIAN_POINT ( 'NONE',  ( 2.285992549396310800E-016, 2.309401076758503800, 5.690000000000000400 ) ) ;
#836 = CARTESIAN_POINT ( 'NONE',  ( -0.9736010864139230700, 2.350480947161669200, -3.437500000000000400 ) ) ;
#837 = CARTESIAN_POINT ( 'NONE',  ( 2.350480947161672300, -3.313619806644105700E-015, -4.750000000000000900 ) ) ;
#838 = CARTESIAN_POINT ( 'NONE',  ( 1.667326742036600700, -1.656738427833330400, -7.749519053019761300 ) ) ;
#839 = LINE ( 'NONE', #2815, #2026 ) ;
#840 = DIRECTION ( 'NONE',  ( 1.000000000000000000, 0.0000000000000000000, -0.0000000000000000000 ) ) ;
#841 = CARTESIAN_POINT ( 'NONE',  ( -2.000000000000000000, 1.154700538379252400, 5.690000000000000400 ) ) ;
#842 = AXIS2_PLACEMENT_3D ( 'NONE', #2328, #1485, #1472 ) ;
#843 = CARTESIAN_POINT ( 'NONE',  ( -2.350480947161672300, -5.400051347251912700E-015, 4.749999999999999100 ) ) ;
#844 = VECTOR ( 'NONE', #3484, 1000.000000000000000 ) ;
#845 = CARTESIAN_POINT ( 'NONE',  ( 2.350480947161671900, 0.9736010864139189600, 1.437499999999999300 ) ) ;
#846 = VECTOR ( 'NONE', #2631, 1000.000000000000000 ) ;
#847 = CARTESIAN_POINT ( 'NONE',  ( -0.9736010864139230700, 2.350480947161667900, -1.312500000000000400 ) ) ;
#848 = LINE ( 'NONE', #2819, #945 ) ;
#849 = CARTESIAN_POINT ( 'NONE',  ( 2.350480947161672300, -5.835640860179616700E-015, 4.250000000000000000 ) ) ;
#850 = CARTESIAN_POINT ( 'NONE',  ( -3.054126587736528900, -1.265060653844736400, -0.6562499999999997800 ) ) ;
#851 = DIRECTION ( 'NONE',  ( 0.0000000000000000000, -1.224646799147353200E-016, 1.000000000000000000 ) ) ;
#852 = CARTESIAN_POINT ( 'NONE',  ( -1.753444278152869400, -2.133157290267317500, -7.344146868017649200 ) ) ;
#853 = CARTESIAN_POINT ( 'NONE',  ( 0.9736010864139245100, 2.350480947161667900, -0.5625000000000004400 ) ) ;
#854 = CARTESIAN_POINT ( 'NONE',  ( 0.0000000000000000000, 2.350480947161669200, -3.500000000000000400 ) ) ;
#855 = ADVANCED_FACE ( 'NONE', ( #170 ), #3517, .F. ) ;
#856 = CARTESIAN_POINT ( 'NONE',  ( 3.000000000000001800, -1.242640687119290300, -6.312499999999999100 ) ) ;
#857 = CARTESIAN_POINT ( 'NONE',  ( 2.141021424941974300, 1.091606824932133600, -7.702012364611603900 ) ) ;
#858 = DIRECTION ( 'NONE',  ( -0.0000000000000000000, 1.224646799147353200E-016, -1.000000000000000000 ) ) ;
#859 = ORIENTED_EDGE ( 'NONE', *, *, #166, .T. ) ;
#860 = CARTESIAN_POINT ( 'NONE',  ( -1.265060653844732700, 3.054126587736527100, -7.843750000000003600 ) ) ;
#861 = CARTESIAN_POINT ( 'NONE',  ( -1.662041016787797500, 1.662041016787792600, 2.749999999999999100 ) ) ;
#862 = CARTESIAN_POINT ( 'NONE',  ( 1.662041016787797900, 1.662041016787793300, -1.500000000000000400 ) ) ;
#863 = CARTESIAN_POINT ( 'NONE',  ( 0.9736010864139224000, -2.350480947161677700, 2.062500000000000000 ) ) ;
#864 = CARTESIAN_POINT ( 'NONE',  ( -3.054126587736528900, 1.265060653844729500, -0.7812499999999997800 ) ) ;
#865 = CARTESIAN_POINT ( 'NONE',  ( 2.350480947161671900, 0.9736010864139188500, 1.312499999999999600 ) ) ;
#866 = CARTESIAN_POINT ( 'NONE',  ( -2.878508968398380700E-016, -2.350480947161676800, 0.9999999999999991100 ) ) ;
#867 = CARTESIAN_POINT ( 'NONE',  ( 1.776684304789617900, -1.546681954103537300, -7.749519052838326900 ) ) ;
#868 = CARTESIAN_POINT ( 'NONE',  ( 1.999999999999999600, 8.127580809286917900E-015, 7.690598923241499700 ) ) ;
#869 = CARTESIAN_POINT ( 'NONE',  ( 2.486742989008967800E-011, -3.000000000000000900, 3.625000000001249200 ) ) ;
#870 = ORIENTED_EDGE ( 'NONE', *, *, #2637, .F. ) ;
#871 = CARTESIAN_POINT ( 'NONE',  ( 0.0000000000000000000, 3.000000000000000000, -0.8750000000000035500 ) ) ;
#872 = CARTESIAN_POINT ( 'NONE',  ( -1.265060653844733100, -3.054126587736532400, -6.468750000000006200 ) ) ;
#873 = ORIENTED_EDGE ( 'NONE', *, *, #1693, .T. ) ;
#874 = EDGE_CURVE ( 'NONE', #50, #324, #3641, .T. ) ;
#875 = CARTESIAN_POINT ( 'NONE',  ( -2.350480947161672300, -0.9736010864139267300, -1.062500000000000200 ) ) ;
#876 = CARTESIAN_POINT ( 'NONE',  ( -1.265060653844733100, -3.054126587736532400, -6.531250000000000000 ) ) ;
#877 = CARTESIAN_POINT ( 'NONE',  ( 2.159593620790630600, -2.159593620790636300, 2.656250000000000400 ) ) ;
#878 = CARTESIAN_POINT ( 'NONE',  ( -3.000000000000002700, -1.242640687119289000, -5.687499999999999100 ) ) ;
#879 = ORIENTED_EDGE ( 'NONE', *, *, #3352, .F. ) ;
#880 = CARTESIAN_POINT ( 'NONE',  ( -0.9736010864139231800, -2.350480947161676300, -1.062500000000000200 ) ) ;
#881 = CARTESIAN_POINT ( 'NONE',  ( 0.9736010864139245100, 2.350480947161667900, 1.437499999999999300 ) ) ;
#882 = CARTESIAN_POINT ( 'NONE',  ( -2.078502459568736500E-011, 3.000000000000000000, -4.874999999998958200 ) ) ;
#883 = CARTESIAN_POINT ( 'NONE',  ( -1.265060653844732700, 3.054126587736526700, -4.843750000000002700 ) ) ;
#884 = DIRECTION ( 'NONE',  ( -0.0000000000000000000, 1.224646799147353200E-016, -1.000000000000000000 ) ) ;
#885 = CARTESIAN_POINT ( 'NONE',  ( -2.350480947161672300, -0.9736010864139259500, -4.062500000000000000 ) ) ;
#886 = LOCAL_TIME ( 13, 42, 39.00000000000000000, #173 ) ;
#887 = CARTESIAN_POINT ( 'NONE',  ( -2.159593620790631000, -2.159593620790633200, -6.593750000000000900 ) ) ;
#888 = EDGE_CURVE ( 'NONE', #2542, #1670, #2639, .T. ) ;
#889 = CARTESIAN_POINT ( 'NONE',  ( 0.0000000000000000000, 3.054126587736523600, 5.031250000000000900 ) ) ;
#890 = CARTESIAN_POINT ( 'NONE',  ( -1.189085421671800300, 2.271108113425168700, -7.542398020022159400 ) ) ;
#891 = FACE_OUTER_BOUND ( 'NONE', #181, .T. ) ;
#892 = CARTESIAN_POINT ( 'NONE',  ( 2.350480947161671900, 0.9736010864139190700, 0.3125000000000002800 ) ) ;
#893 = CYLINDRICAL_SURFACE ( 'NONE', #634, 3.000000000000000000 ) ;
#894 = CARTESIAN_POINT ( 'NONE',  ( -1.662041016787797700, -1.662041016787801500, -0.1250000000000001100 ) ) ;
#895 = ADVANCED_FACE ( 'NONE', ( #3256 ), #2985, .T. ) ;
#896 = DIRECTION ( 'NONE',  ( 1.000000000000000000, 0.0000000000000000000, 0.0000000000000000000 ) ) ;
#897 = CARTESIAN_POINT ( 'NONE',  ( -2.121320343559644600, 2.121320343559639300, 2.125000000000000400 ) ) ;
#898 = CARTESIAN_POINT ( 'NONE',  ( -2.159593620790631000, -2.159593620790632800, -7.531250000000007100 ) ) ;
#899 = CARTESIAN_POINT ( 'NONE',  ( -2.878508968398380700E-016, -2.350480947161676300, 0.1250000000000001100 ) ) ;
#900 = CARTESIAN_POINT ( 'NONE',  ( 1.265060653844735100, 3.054126587736526200, -6.031250000000000000 ) ) ;
#901 = CARTESIAN_POINT ( 'NONE',  ( -3.054126587736528900, -4.945385653469794100E-015, 3.281249999999999600 ) ) ;
#902 = CARTESIAN_POINT ( 'NONE',  ( 0.0000000000000000000, 2.999999999999998200, 1.000000000000001600 ) ) ;
#903 = ORIENTED_EDGE ( 'NONE', *, *, #1929, .T. ) ;
#904 = DIRECTION ( 'NONE',  ( 0.0000000000000000000, -0.7071067811865487900, 0.7071067811865463500 ) ) ;
#905 = CARTESIAN_POINT ( 'NONE',  ( -1.662041016787797700, -1.662041016787801900, 1.875000000000000000 ) ) ;
#906 = ORIENTED_EDGE ( 'NONE', *, *, #2229, .F. ) ;
#907 = DIRECTION ( 'NONE',  ( 1.000000000000000000, 0.0000000000000000000, 0.0000000000000000000 ) ) ;
#908 = CARTESIAN_POINT ( 'NONE',  ( 0.0000000000000000000, 2.999999999999996900, 4.000000000000000900 ) ) ;
#909 = CARTESIAN_POINT ( 'NONE',  ( -3.000000000000001300, -3.573848196212075100E-015, -1.625000000000003600 ) ) ;
#910 = CARTESIAN_POINT ( 'NONE',  ( -3.054126587736528900, -2.160654073524332900E-015, -6.656250000000004400 ) ) ;
#911 = ADVANCED_FACE ( 'NONE', ( #1255 ), #2447, .F. ) ;
#912 = CARTESIAN_POINT ( 'NONE',  ( 1.662041016787797500, -1.662041016787802100, 0.2500000000000002200 ) ) ;
#913 = CARTESIAN_POINT ( 'NONE',  ( -2.159593620790631000, -2.159593620790633700, -4.593750000000000900 ) ) ;
#914 = CARTESIAN_POINT ( 'NONE',  ( 2.678061493069738000, -1.641125748511530300, 5.692474759975117300 ) ) ;
#915 = CARTESIAN_POINT ( 'NONE',  ( -0.4566001439225755900, -2.792598096285589200, 4.699999999999999300 ) ) ;
#916 = CARTESIAN_POINT ( 'NONE',  ( 0.0000000000000000000, -9.273119623796684600E-016, 4.700000000000001100 ) ) ;
#917 = CARTESIAN_POINT ( 'NONE',  ( 2.350480947161672300, -3.628872438336044300E-015, -3.625000000000000400 ) ) ;
#918 = VERTEX_POINT ( 'NONE', #403 ) ;
#919 = ORIENTED_EDGE ( 'NONE', *, *, #703, .T. ) ;
#920 = CARTESIAN_POINT ( 'NONE',  ( 0.0000000000000000000, 0.0000000000000000000, 0.0000000000000000000 ) ) ;
#921 = CARTESIAN_POINT ( 'NONE',  ( 0.0000000000000000000, 6.279894725374701700E-016, -8.000000000000000000 ) ) ;
#922 = ORIENTED_EDGE ( 'NONE', *, *, #47, .F. ) ;
#923 = CARTESIAN_POINT ( 'NONE',  ( -3.000000000000002700, -4.939942933543811500E-015, 3.250000000000000400 ) ) ;
#924 = CARTESIAN_POINT ( 'NONE',  ( 0.0000000000000000000, 3.054126587736526200, -5.906250000000002700 ) ) ;
#925 = CARTESIAN_POINT ( 'NONE',  ( -0.9736010864139231800, -2.350480947161676800, 1.062499999999999300 ) ) ;
#926 = CARTESIAN_POINT ( 'NONE',  ( 3.054126587736528000, -1.265060653844736900, -6.281250000000000000 ) ) ;
#927 = CARTESIAN_POINT ( 'NONE',  ( 0.9736010864139245100, 2.350480947161669700, -7.437500000000000900 ) ) ;
#928 = CARTESIAN_POINT ( 'NONE',  ( 2.699190879366826200, 0.8811709180850317800, 4.700000000000002800 ) ) ;
#929 = CARTESIAN_POINT ( 'NONE',  ( -2.878508968398380700E-016, -2.350480947161678100, 4.999999999999999100 ) ) ;
#930 = CARTESIAN_POINT ( 'NONE',  ( 1.662041016787797900, 1.662041016787793500, -2.500000000000000400 ) ) ;
#931 = ADVANCED_FACE ( 'NONE', ( #2207 ), #1905, .T. ) ;
#932 = CARTESIAN_POINT ( 'NONE',  ( 1.824943059979003300, -1.539959860200136300, -7.720024509616192400 ) ) ;
#933 = CARTESIAN_POINT ( 'NONE',  ( -3.740226349862368200E-016, -3.054126587736532900, -0.4062500000000055500 ) ) ;
#934 =( BOUNDED_CURVE ( )  B_SPLINE_CURVE ( 2, ( #908, #2630, #2955, #3199, #3247, #2644, #1507, #1809, #347 ),
 .UNSPECIFIED., .F., .T. ) 
 B_SPLINE_CURVE_WITH_KNOTS ( ( 3, 2, 2, 2, 3 ),
 ( 0.8571428571428571000, 0.8660714285714286000, 0.8750000000000000000, 0.8839285714285714000, 0.8928571428571429000 ),
 .UNSPECIFIED. ) 
 CURVE ( )  GEOMETRIC_REPRESENTATION_ITEM ( )  RATIONAL_B_SPLINE_CURVE ( ( 1.000000000000000000, 0.9238795325112867400, 1.000000000000000000, 0.9238795325112867400, 1.000000000000000000, 0.9238795325112867400, 1.000000000000000000, 0.9238795325112867400, 1.000000000000000000 ) ) 
 REPRESENTATION_ITEM ( '' )  );
#935 = CARTESIAN_POINT ( 'NONE',  ( -3.673940397442055400E-016, -3.000000000000000000, -0.3750000000000021600 ) ) ;
#936 = CYLINDRICAL_SURFACE ( 'NONE', #1931, 3.000000000000000000 ) ;
#937 = CARTESIAN_POINT ( 'NONE',  ( -0.9736010864139230700, 2.350480947161667900, 0.6874999999999987800 ) ) ;
#938 = FACE_OUTER_BOUND ( 'NONE', #2763, .T. ) ;
#939 = CARTESIAN_POINT ( 'NONE',  ( -2.159593620790630600, 2.159593620790627400, -1.843750000000000000 ) ) ;
#940 = CARTESIAN_POINT ( 'NONE',  ( -2.159593620790630600, 2.159593620790625700, 5.156249999999999100 ) ) ;
#941 = CARTESIAN_POINT ( 'NONE',  ( 2.350480947161671900, 0.9736010864139215100, -7.562500000000000900 ) ) ;
#942 = CARTESIAN_POINT ( 'NONE',  ( -2.350480947161672300, -5.119826785747968700E-015, 3.750000000000000000 ) ) ;
#943 = APPROVAL_PERSON_ORGANIZATION ( #3260, #749, #1872 ) ;
#944 = CARTESIAN_POINT ( 'NONE',  ( -2.350480947161672300, -3.193282925408341600E-015, -3.125000000000000000 ) ) ;
#945 = VECTOR ( 'NONE', #1932, 1000.000000000000000 ) ;
#946 = CARTESIAN_POINT ( 'NONE',  ( -2.121320343559861800, 2.121320343559856900, 1.249999999999819700 ) ) ;
#947 = CARTESIAN_POINT ( 'NONE',  ( 0.0000000000000000000, 2.999999999999999100, -3.999999999999999100 ) ) ;
#948 = CARTESIAN_POINT ( 'NONE',  ( 2.668889460382061900, 0.1607278385391067700, -7.433236788329628200 ) ) ;
#949 = EDGE_CURVE ( 'NONE', #1871, #3187, #1108, .T. ) ;
#950 = ORIENTED_EDGE ( 'NONE', *, *, #2046, .T. ) ;
#951 = CARTESIAN_POINT ( 'NONE',  ( -3.054126587736528900, -3.842001442548007600E-015, -0.6562500000000040000 ) ) ;
#952 = CARTESIAN_POINT ( 'NONE',  ( 2.309401076758501100, 8.127580809560354500E-015, 8.000000000000000000 ) ) ;
#953 = CARTESIAN_POINT ( 'NONE',  ( -1.662041016787797500, 1.662041016787794400, -3.375000000000000400 ) ) ;
#954 = EDGE_LOOP ( 'NONE', ( #2668, #2801, #2628, #1398 ) ) ;
#955 = CARTESIAN_POINT ( 'NONE',  ( -2.878508968398380700E-016, -2.350480947161677200, 3.124999999999999100 ) ) ;
#956 = CARTESIAN_POINT ( 'NONE',  ( 3.054126587736528900, -4.432420396674512200E-015, -1.218750000000000200 ) ) ;
#957 = CARTESIAN_POINT ( 'NONE',  ( -1.662041016787797700, -1.662041016787799900, -7.000000000000000900 ) ) ;
#958 = CARTESIAN_POINT ( 'NONE',  ( -2.350480947161672300, 0.9736010864139208500, -7.187500000000000000 ) ) ;
#959 = DIRECTION ( 'NONE',  ( -0.0000000000000000000, 1.224646799147353200E-016, -1.000000000000000000 ) ) ;
#960 = CARTESIAN_POINT ( 'NONE',  ( -0.9736010864139230700, 2.350480947161667900, -1.312500000000000400 ) ) ;
#961 = CARTESIAN_POINT ( 'NONE',  ( 0.8290879766986464200, -1.830726910229659100, 7.690174752043267500 ) ) ;
#962 = CARTESIAN_POINT ( 'NONE',  ( -3.054126587736528900, 1.265060653844729100, -0.7187500000000042200 ) ) ;
#963 = CARTESIAN_POINT ( 'NONE',  ( -3.673940397442062800E-016, -3.000000000000008000, 2.500000000000001300 ) ) ;
#964 = CARTESIAN_POINT ( 'NONE',  ( -0.9736010864139231800, -2.350480947161675000, -5.062500000000001800 ) ) ;
#965 = EDGE_CURVE ( 'NONE', #1828, #3367, #2275, .T. ) ;
#966 = ORIENTED_EDGE ( 'NONE', *, *, #1071, .T. ) ;
#967 = CARTESIAN_POINT ( 'NONE',  ( 1.662041016787797900, 1.662041016787791900, 3.499999999999999600 ) ) ;
#968 = CARTESIAN_POINT ( 'NONE',  ( -3.054126587736528900, -1.265060653844735800, -3.656250000000000000 ) ) ;
#969 = CARTESIAN_POINT ( 'NONE',  ( 1.662041016787797500, -1.662041016787800400, -6.750000000000000900 ) ) ;
#970 = CARTESIAN_POINT ( 'NONE',  ( 0.0000000000000000000, 2.350480947161670100, -7.375000000000000900 ) ) ;
#971 = VERTEX_POINT ( 'NONE', #1561 ) ;
#972 = CARTESIAN_POINT ( 'NONE',  ( 0.1562637621166829400, 2.219182151635853200, 7.909781074877346700 ) ) ;
#973 = CARTESIAN_POINT ( 'NONE',  ( -0.9736010864139230700, 2.350480947161669200, -3.312500000000000400 ) ) ;
#974 = ORIENTED_EDGE ( 'NONE', *, *, #223, .F. ) ;
#975 = CARTESIAN_POINT ( 'NONE',  ( 1.242640687124072500, -2.999999999995572900, -3.312499999999817500 ) ) ;
#976 = CARTESIAN_POINT ( 'NONE',  ( -3.054126587736528900, -3.561776881044061200E-015, -1.656250000000004000 ) ) ;
#977 = CARTESIAN_POINT ( 'NONE',  ( 0.0000000000000000000, 6.279894725374701700E-016, -8.000000000000000000 ) ) ;
#978 = CARTESIAN_POINT ( 'NONE',  ( -0.9736010864139231800, -2.350480947161675900, -3.062500000000000000 ) ) ;
#979 = CARTESIAN_POINT ( 'NONE',  ( -1.662041016787797700, -1.662041016787803000, 4.999999999999999100 ) ) ;
#980 = CARTESIAN_POINT ( 'NONE',  ( 2.350480947161671900, -0.9736010864139268400, -5.687500000000000000 ) ) ;
#981 = CARTESIAN_POINT ( 'NONE',  ( 0.0000000000000000000, 2.350480947161669200, -4.375000000000000000 ) ) ;
#982 = DIRECTION ( 'NONE',  ( 0.0000000000000000000, 1.000000000000000000, 0.0000000000000000000 ) ) ;
#983 = CARTESIAN_POINT ( 'NONE',  ( -2.878508968398380700E-016, -2.350480947161676300, 0.1250000000000001100 ) ) ;
#984 = LINE ( 'NONE', #1777, #2123 ) ;
#985 = CARTESIAN_POINT ( 'NONE',  ( -3.000000000000002700, -4.379493810535920300E-015, 1.250000000000000000 ) ) ;
#986 = LINE ( 'NONE', #3314, #2443 ) ;
#987 = CARTESIAN_POINT ( 'NONE',  ( -0.9736010864139232900, -2.350480947161675000, -6.062500000000000000 ) ) ;
#988 = CARTESIAN_POINT ( 'NONE',  ( -0.9736010864139230700, 2.350480947161670100, -7.437500000000000900 ) ) ;
#989 = CARTESIAN_POINT ( 'NONE',  ( 1.265060653844735100, 3.054126587736524000, 0.03124999999999829300 ) ) ;
#990 = FACE_OUTER_BOUND ( 'NONE', #1997, .T. ) ;
#991 = CARTESIAN_POINT ( 'NONE',  ( -2.350480947161672300, -0.9736010864139261800, -3.187500000000000000 ) ) ;
#992 = CARTESIAN_POINT ( 'NONE',  ( -0.9736010864139231800, -2.350480947161678100, 5.062500000000000900 ) ) ;
#993 = CARTESIAN_POINT ( 'NONE',  ( 0.9736010864139224000, -2.350480947161675400, -5.812500000000000000 ) ) ;
#994 = CARTESIAN_POINT ( 'NONE',  ( 1.662041016787797900, 1.662041016787793900, -3.500000000000000400 ) ) ;
#995 = CARTESIAN_POINT ( 'NONE',  ( -1.662041016787797700, -1.662041016787801700, 0.0000000000000000000 ) ) ;
#996 = VERTEX_POINT ( 'NONE', #694 ) ;
#997 = CARTESIAN_POINT ( 'NONE',  ( 1.356814831149123900, -2.675640766989054500, 4.700000000000001100 ) ) ;
#998 = CARTESIAN_POINT ( 'NONE',  ( -3.000000000000002700, -2.137697318504354100E-015, -6.749999999999999100 ) ) ;
#999 = EDGE_CURVE ( 'NONE', #2147, #1961, #3186, .T. ) ;
#1000 = ORIENTED_EDGE ( 'NONE', *, *, #1969, .F. ) ;
#1001 = CARTESIAN_POINT ( 'NONE',  ( 3.054126587736528900, -5.010383554776399100E-015, 0.8437499999999955600 ) ) ;
#1002 = CARTESIAN_POINT ( 'NONE',  ( 2.999999999999998700, -5.009197679460351900E-015, 0.8749999999999975600 ) ) ;
#1003 = CARTESIAN_POINT ( 'NONE',  ( -0.9736010864139231800, -2.350480947161675900, -2.062500000000000000 ) ) ;
#1004 = CARTESIAN_POINT ( 'NONE',  ( 0.0000000000000000000, 2.350480947161667000, 3.624999999999999600 ) ) ;
#1005 = CARTESIAN_POINT ( 'NONE',  ( 1.662041016787797500, -1.662041016787800400, -6.750000000000000900 ) ) ;
#1006 = CARTESIAN_POINT ( 'NONE',  ( 0.0000000000000000000, 2.350480947161667900, 0.6250000000000005600 ) ) ;
#1007 = VERTEX_POINT ( 'NONE', #114 ) ;
#1008 = CARTESIAN_POINT ( 'NONE',  ( 0.0000000000000000000, 3.000000000000000900, -2.875000000000003600 ) ) ;
#1009 = CARTESIAN_POINT ( 'NONE',  ( 2.350480947161672300, -2.753170683636214500E-015, -6.750000000000000900 ) ) ;
#1010 = ORIENTED_EDGE ( 'NONE', *, *, #102, .F. ) ;
#1011 = CARTESIAN_POINT ( 'NONE',  ( -1.662041016787797700, -1.662041016787799900, -6.125000000000000000 ) ) ;
#1012 = ORIENTED_EDGE ( 'NONE', *, *, #1378, .T. ) ;
#1013 = CARTESIAN_POINT ( 'NONE',  ( 3.054126587736528000, -1.265060653844739300, 1.781249999999996200 ) ) ;
#1014 = CARTESIAN_POINT ( 'NONE',  ( 0.0000000000000000000, 3.000000000000000000, -5.875000000000002700 ) ) ;
#1015 = CARTESIAN_POINT ( 'NONE',  ( 0.0000000000000000000, 2.350480947161668300, -1.500000000000000400 ) ) ;
#1016 = EDGE_CURVE ( 'NONE', #3479, #21, #3246, .T. ) ;
#1017 = EDGE_LOOP ( 'NONE', ( #2456, #776 ) ) ;
#1018 = CARTESIAN_POINT ( 'NONE',  ( -2.878508968398380700E-016, -2.350480947161678100, 5.124999999999999100 ) ) ;
#1019 = CARTESIAN_POINT ( 'NONE',  ( 1.662041016787797900, 1.662041016787794800, -6.500000000000000900 ) ) ;
#1020 = CARTESIAN_POINT ( 'NONE',  ( -2.350480947161672300, -4.874630294432015500E-015, 2.874999999999999100 ) ) ;
#1021 = CARTESIAN_POINT ( 'NONE',  ( -2.350480947161672300, 0.9736010864139202900, -5.312500000000000900 ) ) ;
#1022 = CARTESIAN_POINT ( 'NONE',  ( 0.9736010864139224000, -2.350480947161675400, -5.937500000000000000 ) ) ;
#1023 = CARTESIAN_POINT ( 'NONE',  ( 1.265060653844732400, -3.054126587736534700, 1.656249999999994400 ) ) ;
#1024 = PLANE ( 'NONE',  #1583 ) ;
#1025 = DIRECTION ( 'NONE',  ( -0.0000000000000000000, 1.224646799147353200E-016, -1.000000000000000000 ) ) ;
#1026 = CARTESIAN_POINT ( 'NONE',  ( -0.9736010864139232900, -2.350480947161675000, -4.937500000000000900 ) ) ;
#1027 = CONICAL_SURFACE ( 'NONE', #2501, 2.309401076758501100, 0.7853981633974500600 ) ;
#1028 = CARTESIAN_POINT ( 'NONE',  ( 1.662041016787797900, 1.662041016787793000, -0.5000000000000004400 ) ) ;
#1029 = CYLINDRICAL_SURFACE ( 'NONE', #3694, 3.000000000000000000 ) ;
#1030 = CARTESIAN_POINT ( 'NONE',  ( 3.000000000000047500, -4.168523994948516000E-015, -2.125000000000031100 ) ) ;
#1031 = CARTESIAN_POINT ( 'NONE',  ( 0.0000000000000000000, 2.999999999999998700, 5.996993266560446400E-016 ) ) ;
#1032 = CARTESIAN_POINT ( 'NONE',  ( 2.350480947161671900, 0.9736010864139210700, -6.687500000000000900 ) ) ;
#1033 = APPROVAL_DATE_TIME ( #1822, #1605 ) ;
#1034 = CARTESIAN_POINT ( 'NONE',  ( -2.159593620790630600, 2.159593620790626100, 3.218749999999997800 ) ) ;
#1035 = CARTESIAN_POINT ( 'NONE',  ( -1.242640687119269200, -3.000000000000023500, -4.562499999999999100 ) ) ;
#1036 = DIRECTION ( 'NONE',  ( -0.0000000000000000000, 1.224646799147353200E-016, -1.000000000000000000 ) ) ;
#1037 = CARTESIAN_POINT ( 'NONE',  ( 1.662041016787797900, 1.662041016787793000, -0.5000000000000004400 ) ) ;
#1038 = ORIENTED_EDGE ( 'NONE', *, *, #754, .T. ) ;
#1039 = AXIS2_PLACEMENT_3D ( 'NONE', #41, #3531, #907 ) ;
#1040 = CARTESIAN_POINT ( 'NONE',  ( 1.662041016787797500, -1.662041016787800100, -6.875000000000000900 ) ) ;
#1041 = CARTESIAN_POINT ( 'NONE',  ( -1.684468570442965400, 1.646525499204059700, 4.700000000000002800 ) ) ;
#1042 = CARTESIAN_POINT ( 'NONE',  ( 1.265060653844732400, -3.054126587736535100, 4.656249999999995600 ) ) ;
#1043 = DIRECTION ( 'NONE',  ( 0.0000000000000000000, 0.0000000000000000000, 1.000000000000000000 ) ) ;
#1044 = ORIENTED_EDGE ( 'NONE', *, *, #3206, .T. ) ;
#1045 =( BOUNDED_SURFACE ( )  B_SPLINE_SURFACE ( 1, 2, ( 
 ( #1302, #3675, #1068, #197, #1682, #1967, #2227, #1364, #3410, #1355, #220, #1096, #2251, #3379, #512, #499, #489, #1376, #3702, #1993, #1059, #2237, #3420, #2539, #2519, #2262, #2526, #1649, #790, #2567, #2814, #235, #244, #3389, #802, #782, #3135, #1945, #1978, #2840, #2804, #3097, #2825, #1661, #2274, #3121, #2553, #3658, #3107, #3667, #538, #1107, #1393, #3690, #1409, #1081, #831, #3088, #1955, #207, #3421, #2555, #376, #344, #2992, #2148, #1264, #2705, #2666, #390, #2093, #2389, #1808, #2432, #98, #1821, #917, #2964, #667, #2677, #1249, #973, #2379, #641, #944, #1559, #2103, #2133, #3572, #2692, #74, #2982, #3255, #1225, #930, #3543, #2653, #3283, #3005, #2952, #3556, #1504, #1858, #1235, #1834, #3270, #3296, #2419, #3518, #112, #1847, #1209, #1517, #960, #653, #1548, #3530, #681, #1530, #2406, #404, #3245, #63, #87, #2117, #360, #1028, #2178, #3038, #709, #3584, #1314, #1301, #1870, #995, #3048, #983, #3328, #732, #1597, #3014, #3605, #135, #122, #1006, #1324, #1620, #695, #1882, #3060, #1894, #2157, #1907, #2166, #1278, #429, #2201, #2460, #3617, #3350, #3026, #147, #416, #2764, #1572, #1610, #451, #2448, #2733, #441, #1291, #3629, #2468, #160, #3309, #2744, #3320, #1918, #2190, #2753, #1020, #2479, #721, #3337, #742, #171, #461, #2718, #1584, #3594, #196, #182, #2803, #1966, #1080, #2525, #2498, #206, #1927, #2219, #1631, #2250, #3666, #1640, #752, #2784, #488, #2508, #1067, #788, #2209, #470, #770, #1375, #1934, #1954, #3398, #2517, #3648, #2794, #3080 ),
 ( #3388, #1335, #1671, #1058, #3378, #3087, #2813, #2236, #3362, #3106, #1659, #2491, #759, #781, #476, #1363, #1049, #498, #1354, #2226, #3674, #219, #2776, #1648, #3657, #3096, #1040, #3069, #1944, #1342, #3638, #3371, #189, #801, #1095, #525, #511, #1977, #2551, #234, #2824, #2261, #1681, #3120, #3689, #3134, #1408, #2538, #818, #1392, #2839, #1106, #3409, #224, #3099, #2254, #558, #2544, #1999, #3439, #3111, #1688, #1957, #1124, #3668, #3708, #2572, #503, #2240, #1397, #2529, #3720, #3412, #2279, #1664, #1100, #2817, #1717, #542, #3695, #2263, #836, #808, #528, #1983, #2856, #2557, #515, #1083, #794, #823, #1382, #3140, #2290, #1425, #3154, #3402, #2009, #1674, #2831, #211, #2583, #248, #1970, #1072, #3680, #2845, #3124, #1412, #264, #237, #1112, #3424, #2807, #1701, #1367, #3393, #2626, #10, #880, #1450, #3181, #276, #1763, #628, #3212, #1199, #853, #1778, #3451, #52, #2905, #23, #1465, #3230, #2352, #1734, #2935, #37, #2869, #2305, #892, #584, #3490, #2889, #2070, #3477, #2336, #1491, #318, #3506, #2054, #304, #596, #1792, #2920, #3197, #865, #3735, #1479, #1182, #2023, #1150, #614, #1137, #2640, #905, #2082, #3168, #332, #290, #570, #1166, #2366, #1436, #2598, #2037, #3464, #1750, #2319, #2611, #1806, #2704, #1558, #2102, #1547, #3004, #2665, #1234, #1503, #679, #3244, #3282, #2132, #62, #2092, #942, #343, #3295, #2981, #1846, #1208, #652, #2378, #1262, #97, #3269, #1833, #389, #359, #86, #1528, #2417, #2116, #3529, #640, #929, #374, #2963, #2691, #1857 ) ),
 .UNSPECIFIED., .F., .F., .T. ) 
 B_SPLINE_SURFACE_WITH_KNOTS ( ( 2, 2 ),
 ( 3, 2, 2, 2, 2, 2, 2, 2, 2, 2, 2, 2, 2, 2, 2, 2, 2, 2, 2, 2, 2, 2, 2, 2, 2, 2, 2, 2, 2, 2, 2, 2, 2, 2, 2, 2, 2, 2, 2, 2, 2, 2, 2, 2, 2, 2, 2, 2, 2, 2, 2, 2, 2, 2, 2, 2, 2, 2, 2, 2, 2, 2, 2, 2, 2, 2, 2, 2, 2, 2, 2, 2, 2, 2, 2, 2, 2, 2, 2, 2, 2, 2, 2, 2, 2, 2, 2, 2, 2, 2, 2, 2, 2, 2, 2, 2, 2, 2, 2, 2, 2, 2, 2, 2, 2, 2, 2, 2, 2, 2, 3 ),
 ( 0.0000000000000000000, 1.000000000000000000 ),
 ( 0.0000000000000000000, 0.008928571428571428100, 0.01785714285714285600, 0.02678571428571428400, 0.03571428571428571200, 0.04464285714285714400, 0.05357142857142856800, 0.06250000000000000000, 0.07142857142857142500, 0.08035714285714286300, 0.08928571428571428800, 0.09821428571428571200, 0.1071428571428571400, 0.1160714285714285800, 0.1250000000000000000, 0.1339285714285714200, 0.1428571428571428500, 0.1517857142857142700, 0.1607142857142857300, 0.1696428571428571500, 0.1785714285714285800, 0.1875000000000000000, 0.1964285714285714200, 0.2053571428571428500, 0.2142857142857142700, 0.2232142857142857300, 0.2321428571428571500, 0.2410714285714285800, 0.2500000000000000000, 0.2589285714285714500, 0.2678571428571428500, 0.2767857142857143000, 0.2857142857142857000, 0.2946428571428571500, 0.3035714285714285500, 0.3125000000000000000, 0.3214285714285714500, 0.3303571428571428500, 0.3392857142857143000, 0.3482142857142857000, 0.3571428571428571500, 0.3660714285714285500, 0.3750000000000000000, 0.3839285714285714500, 0.3928571428571428500, 0.4017857142857143000, 0.4107142857142857000, 0.4196428571428571500, 0.4285714285714285500, 0.4375000000000000000, 0.4464285714285714500, 0.4553571428571428500, 0.4642857142857143000, 0.4732142857142857000, 0.4821428571428571500, 0.4910714285714285500, 0.5000000000000000000, 0.5089285714285714000, 0.5178571428571429000, 0.5267857142857143000, 0.5357142857142857000, 0.5446428571428571000, 0.5535714285714286000, 0.5625000000000000000, 0.5714285714285714000, 0.5803571428571429000, 0.5892857142857143000, 0.5982142857142857000, 0.6071428571428571000, 0.6160714285714286000, 0.6250000000000000000, 0.6339285714285714000, 0.6428571428571429000, 0.6517857142857143000, 0.6607142857142857000, 0.6696428571428571000, 0.6785714285714286000, 0.6875000000000000000, 0.6964285714285714000, 0.7053571428571429000, 0.7142857142857143000, 0.7232142857142857000, 0.7321428571428571000, 0.7410714285714286000, 0.7500000000000000000, 0.7589285714285714000, 0.7678571428571429000, 0.7767857142857143000, 0.7857142857142857000, 0.7946428571428571000, 0.8035714285714286000, 0.8125000000000000000, 0.8214285714285714000, 0.8303571428571429000, 0.8392857142857143000, 0.8482142857142857000, 0.8571428571428571000, 0.8660714285714286000, 0.8750000000000000000, 0.8839285714285714000, 0.8928571428571429000, 0.9017857142857143000, 0.9107142857142857000, 0.9196428571428571000, 0.9285714285714286000, 0.9375000000000000000, 0.9464285714285714000, 0.9553571428571429000, 0.9642857142857143000, 0.9732142857142857000, 0.9785603781545085800 ),
 .UNSPECIFIED. ) 
 GEOMETRIC_REPRESENTATION_ITEM ( )  RATIONAL_B_SPLINE_SURFACE ( (
 ( 1.000000000000000000, 0.9238795325112867400, 1.000000000000000000, 0.9238795325112867400, 1.000000000000000000, 0.9238795325112867400, 1.000000000000000000, 0.9238795325112867400, 1.000000000000000000, 0.9238795325112867400, 1.000000000000000000, 0.9238795325112867400, 1.000000000000000000, 0.9238795325112867400, 1.000000000000000000, 0.9238795325112867400, 1.000000000000000000, 0.9238795325112867400, 1.000000000000000000, 0.9238795325112867400, 1.000000000000000000, 0.9238795325112867400, 1.000000000000000000, 0.9238795325112867400, 1.000000000000000000, 0.9238795325112867400, 1.000000000000000000, 0.9238795325112867400, 1.000000000000000000, 0.9238795325112867400, 1.000000000000000000, 0.9238795325112867400, 1.000000000000000000, 0.9238795325112867400, 1.000000000000000000, 0.9238795325112867400, 1.000000000000000000, 0.9238795325112867400, 1.000000000000000000, 0.9238795325112867400, 1.000000000000000000, 0.9238795325112867400, 1.000000000000000000, 0.9238795325112867400, 1.000000000000000000, 0.9238795325112867400, 1.000000000000000000, 0.9238795325112867400, 1.000000000000000000, 0.9238795325112867400, 1.000000000000000000, 0.9238795325112867400, 1.000000000000000000, 0.9238795325112867400, 1.000000000000000000, 0.9238795325112867400, 1.000000000000000000, 0.9238795325112867400, 1.000000000000000000, 0.9238795325112867400, 1.000000000000000000, 0.9238795325112867400, 1.000000000000000000, 0.9238795325112867400, 1.000000000000000000, 0.9238795325112867400, 1.000000000000000000, 0.9238795325112867400, 1.000000000000000000, 0.9238795325112867400, 1.000000000000000000, 0.9238795325112867400, 1.000000000000000000, 0.9238795325112867400, 1.000000000000000000, 0.9238795325112867400, 1.000000000000000000, 0.9238795325112867400, 1.000000000000000000, 0.9238795325112867400, 1.000000000000000000, 0.9238795325112867400, 1.000000000000000000, 0.9238795325112867400, 1.000000000000000000, 0.9238795325112867400, 1.000000000000000000, 0.9238795325112867400, 1.000000000000000000, 0.9238795325112867400, 1.000000000000000000, 0.9238795325112867400, 1.000000000000000000, 0.9238795325112867400, 1.000000000000000000, 0.9238795325112867400, 1.000000000000000000, 0.9238795325112867400, 1.000000000000000000, 0.9238795325112867400, 1.000000000000000000, 0.9238795325112867400, 1.000000000000000000, 0.9238795325112867400, 1.000000000000000000, 0.9238795325112867400, 1.000000000000000000, 0.9238795325112867400, 1.000000000000000000, 0.9238795325112867400, 1.000000000000000000, 0.9238795325112867400, 1.000000000000000000, 0.9238795325112867400, 1.000000000000000000, 0.9238795325112867400, 1.000000000000000000, 0.9238795325112867400, 1.000000000000000000, 0.9238795325112867400, 1.000000000000000000, 0.9238795325112867400, 1.000000000000000000, 0.9238795325112867400, 1.000000000000000000, 0.9238795325112867400, 1.000000000000000000, 0.9238795325112867400, 1.000000000000000000, 0.9238795325112867400, 1.000000000000000000, 0.9238795325112867400, 1.000000000000000000, 0.9238795325112867400, 1.000000000000000000, 0.9238795325112867400, 1.000000000000000000, 0.9238795325112867400, 1.000000000000000000, 0.9238795325112867400, 1.000000000000000000, 0.9238795325112867400, 1.000000000000000000, 0.9238795325112867400, 1.000000000000000000, 0.9238795325112867400, 1.000000000000000000, 0.9238795325112867400, 1.000000000000000000, 0.9238795325112867400, 1.000000000000000000, 0.9238795325112867400, 1.000000000000000000, 0.9238795325112867400, 1.000000000000000000, 0.9238795325112867400, 1.000000000000000000, 0.9238795325112867400, 1.000000000000000000, 0.9238795325112867400, 1.000000000000000000, 0.9238795325112867400, 1.000000000000000000, 0.9238795325112867400, 1.000000000000000000, 0.9238795325112867400, 1.000000000000000000, 0.9238795325112867400, 1.000000000000000000, 0.9238795325112867400, 1.000000000000000000, 0.9238795325112867400, 1.000000000000000000, 0.9238795325112867400, 1.000000000000000000, 0.9238795325112867400, 1.000000000000000000, 0.9238795325112867400, 1.000000000000000000, 0.9238795325112867400, 1.000000000000000000, 0.9238795325112867400, 1.000000000000000000, 0.9238795325112867400, 1.000000000000000000, 0.9238795325112867400, 1.000000000000000000, 0.9238795325112867400, 1.000000000000000000, 0.9238795325112867400, 1.000000000000000000, 0.9238795325112867400, 1.000000000000000000, 0.9238795325112867400, 1.000000000000000000, 0.9238795325112867400, 1.000000000000000000, 0.9238795325112867400, 1.000000000000000000, 0.9238795325112867400, 1.000000000000000000, 0.9238795325112867400, 1.000000000000000000, 0.9238795325112867400, 1.000000000000000000, 0.9238795325112867400, 1.000000000000000000, 0.9238795325112867400, 1.000000000000000000, 0.9238795325112867400, 1.000000000000000000, 0.9238795325112867400, 1.000000000000000000, 0.9238795325112867400, 1.000000000000000000, 0.9238795325112867400, 1.000000000000000000, 0.9238795325112867400, 1.000000000000000000, 0.9544219297517839700, 0.9634247247054095200),
 ( 1.000000000000000000, 0.9238795325112867400, 1.000000000000000000, 0.9238795325112867400, 1.000000000000000000, 0.9238795325112867400, 1.000000000000000000, 0.9238795325112867400, 1.000000000000000000, 0.9238795325112867400, 1.000000000000000000, 0.9238795325112867400, 1.000000000000000000, 0.9238795325112867400, 1.000000000000000000, 0.9238795325112867400, 1.000000000000000000, 0.9238795325112867400, 1.000000000000000000, 0.9238795325112867400, 1.000000000000000000, 0.9238795325112867400, 1.000000000000000000, 0.9238795325112867400, 1.000000000000000000, 0.9238795325112867400, 1.000000000000000000, 0.9238795325112867400, 1.000000000000000000, 0.9238795325112867400, 1.000000000000000000, 0.9238795325112867400, 1.000000000000000000, 0.9238795325112867400, 1.000000000000000000, 0.9238795325112867400, 1.000000000000000000, 0.9238795325112867400, 1.000000000000000000, 0.9238795325112867400, 1.000000000000000000, 0.9238795325112867400, 1.000000000000000000, 0.9238795325112867400, 1.000000000000000000, 0.9238795325112867400, 1.000000000000000000, 0.9238795325112867400, 1.000000000000000000, 0.9238795325112867400, 1.000000000000000000, 0.9238795325112867400, 1.000000000000000000, 0.9238795325112867400, 1.000000000000000000, 0.9238795325112867400, 1.000000000000000000, 0.9238795325112867400, 1.000000000000000000, 0.9238795325112867400, 1.000000000000000000, 0.9238795325112867400, 1.000000000000000000, 0.9238795325112867400, 1.000000000000000000, 0.9238795325112867400, 1.000000000000000000, 0.9238795325112867400, 1.000000000000000000, 0.9238795325112867400, 1.000000000000000000, 0.9238795325112867400, 1.000000000000000000, 0.9238795325112867400, 1.000000000000000000, 0.9238795325112867400, 1.000000000000000000, 0.9238795325112867400, 1.000000000000000000, 0.9238795325112867400, 1.000000000000000000, 0.9238795325112867400, 1.000000000000000000, 0.9238795325112867400, 1.000000000000000000, 0.9238795325112867400, 1.000000000000000000, 0.9238795325112867400, 1.000000000000000000, 0.9238795325112867400, 1.000000000000000000, 0.9238795325112867400, 1.000000000000000000, 0.9238795325112867400, 1.000000000000000000, 0.9238795325112867400, 1.000000000000000000, 0.9238795325112867400, 1.000000000000000000, 0.9238795325112867400, 1.000000000000000000, 0.9238795325112867400, 1.000000000000000000, 0.9238795325112867400, 1.000000000000000000, 0.9238795325112867400, 1.000000000000000000, 0.9238795325112867400, 1.000000000000000000, 0.9238795325112867400, 1.000000000000000000, 0.9238795325112867400, 1.000000000000000000, 0.9238795325112867400, 1.000000000000000000, 0.9238795325112867400, 1.000000000000000000, 0.9238795325112867400, 1.000000000000000000, 0.9238795325112867400, 1.000000000000000000, 0.9238795325112867400, 1.000000000000000000, 0.9238795325112867400, 1.000000000000000000, 0.9238795325112867400, 1.000000000000000000, 0.9238795325112867400, 1.000000000000000000, 0.9238795325112867400, 1.000000000000000000, 0.9238795325112867400, 1.000000000000000000, 0.9238795325112867400, 1.000000000000000000, 0.9238795325112867400, 1.000000000000000000, 0.9238795325112867400, 1.000000000000000000, 0.9238795325112867400, 1.000000000000000000, 0.9238795325112867400, 1.000000000000000000, 0.9238795325112867400, 1.000000000000000000, 0.9238795325112867400, 1.000000000000000000, 0.9238795325112867400, 1.000000000000000000, 0.9238795325112867400, 1.000000000000000000, 0.9238795325112867400, 1.000000000000000000, 0.9238795325112867400, 1.000000000000000000, 0.9238795325112867400, 1.000000000000000000, 0.9238795325112867400, 1.000000000000000000, 0.9238795325112867400, 1.000000000000000000, 0.9238795325112867400, 1.000000000000000000, 0.9238795325112867400, 1.000000000000000000, 0.9238795325112867400, 1.000000000000000000, 0.9238795325112867400, 1.000000000000000000, 0.9238795325112867400, 1.000000000000000000, 0.9238795325112867400, 1.000000000000000000, 0.9238795325112867400, 1.000000000000000000, 0.9238795325112867400, 1.000000000000000000, 0.9238795325112867400, 1.000000000000000000, 0.9238795325112867400, 1.000000000000000000, 0.9238795325112867400, 1.000000000000000000, 0.9238795325112867400, 1.000000000000000000, 0.9238795325112867400, 1.000000000000000000, 0.9238795325112867400, 1.000000000000000000, 0.9238795325112867400, 1.000000000000000000, 0.9238795325112867400, 1.000000000000000000, 0.9238795325112867400, 1.000000000000000000, 0.9238795325112867400, 1.000000000000000000, 0.9238795325112867400, 1.000000000000000000, 0.9238795325112867400, 1.000000000000000000, 0.9238795325112867400, 1.000000000000000000, 0.9238795325112867400, 1.000000000000000000, 0.9238795325112867400, 1.000000000000000000, 0.9238795325112867400, 1.000000000000000000, 0.9238795325112867400, 1.000000000000000000, 0.9238795325112867400, 1.000000000000000000, 0.9238795325112867400, 1.000000000000000000, 0.9238795325112867400, 1.000000000000000000, 0.9238795325112867400, 1.000000000000000000, 0.9544219297517839700, 0.9634247247054095200) ) ) 
 REPRESENTATION_ITEM ( '' )  SURFACE ( )  );
#1046 = CARTESIAN_POINT ( 'NONE',  ( 2.350480947161671900, 0.9736010864139200700, -2.562500000000000400 ) ) ;
#1047 = ORIENTED_EDGE ( 'NONE', *, *, #3707, .F. ) ;
#1048 =( BOUNDED_CURVE ( )  B_SPLINE_CURVE ( 2, ( #3084, #2233, #1922, #766, #1371, #3654, #2216, #3645, #3376 ),
 .UNSPECIFIED., .F., .T. ) 
 B_SPLINE_CURVE_WITH_KNOTS ( ( 3, 2, 2, 2, 3 ),
 ( 0.2500000000000001700, 0.2589285714285716200, 0.2678571428571429600, 0.2767857142857144100, 0.2857142857142857500 ),
 .UNSPECIFIED. ) 
 CURVE ( )  GEOMETRIC_REPRESENTATION_ITEM ( )  RATIONAL_B_SPLINE_CURVE ( ( 0.9999999999999985600, 0.9238795325112881800, 1.000000000000000000, 0.9238795325112867400, 1.000000000000000000, 0.9238795325112867400, 1.000000000000000000, 0.9238795325112862900, 1.000000000000000400 ) ) 
 REPRESENTATION_ITEM ( '' )  );
#1049 = CARTESIAN_POINT ( 'NONE',  ( 0.0000000000000000000, 2.350480947161670100, -7.500000000000000900 ) ) ;
#1050 = CARTESIAN_POINT ( 'NONE',  ( 3.000000000000047100, -1.242640687119310100, -2.187500000000031100 ) ) ;
#1051 = ORIENTED_EDGE ( 'NONE', *, *, #1811, .F. ) ;
#1052 = PLANE ( 'NONE',  #1728 ) ;
#1053 = CARTESIAN_POINT ( 'NONE',  ( 3.315512183282301800, 0.3207062646312735500, 4.864943436556354900 ) ) ;
#1054 = CARTESIAN_POINT ( 'NONE',  ( 0.0000000000000000000, 2.999999999999999100, 3.124999999999996400 ) ) ;
#1055 = CARTESIAN_POINT ( 'NONE',  ( -2.081357545364863000E-011, 2.999999999999999600, 0.1250000000010441400 ) ) ;
#1056 = PRODUCT_RELATED_PRODUCT_CATEGORY ( 'detail', '', ( #3706 ) ) ;
#1057 = CARTESIAN_POINT ( 'NONE',  ( 2.350480947161671900, 0.9736010864139197400, -1.562500000000000700 ) ) ;
#1058 = CARTESIAN_POINT ( 'NONE',  ( -2.350480947161672300, 0.9736010864139212900, -8.312500000000000000 ) ) ;
#1059 = CARTESIAN_POINT ( 'NONE',  ( -2.350480947161672300, -2.072384679392558100E-015, -7.125000000000000000 ) ) ;
#1060 = EDGE_CURVE ( 'NONE', #191, #3573, #3364, .T. ) ;
#1061 = CARTESIAN_POINT ( 'NONE',  ( 0.7171779361377689200, -3.000000000005735000, 4.661071264584432300 ) ) ;
#1062 = CARTESIAN_POINT ( 'NONE',  ( -3.740226349862368200E-016, -3.054126587736534700, 4.593749999999993800 ) ) ;
#1063 = FACE_OUTER_BOUND ( 'NONE', #2808, .T. ) ;
#1064 = CARTESIAN_POINT ( 'NONE',  ( -2.350480947161672300, 0.9736010864139185200, 1.687499999999999800 ) ) ;
#1065 = CARTESIAN_POINT ( 'NONE',  ( -1.662041016787797500, 1.662041016787793900, -2.250000000000000400 ) ) ;
#1066 = FACE_OUTER_BOUND ( 'NONE', #1593, .T. ) ;
#1067 = CARTESIAN_POINT ( 'NONE',  ( 0.0000000000000000000, 2.350480947161667000, 4.625000000000000900 ) ) ;
#1068 = CARTESIAN_POINT ( 'NONE',  ( -1.662041016787797500, 1.662041016787795700, -8.250000000000000000 ) ) ;
#1069 = VERTEX_POINT ( 'NONE', #2159 ) ;
#1070 = CARTESIAN_POINT ( 'NONE',  ( -2.000000000000000000, -1.154700538379251700, 5.690000000000000400 ) ) ;
#1071 = EDGE_CURVE ( 'NONE', #3319, #603, #1210, .T. ) ;
#1072 = CARTESIAN_POINT ( 'NONE',  ( -2.878508968398380700E-016, -2.350480947161675900, -2.000000000000000000 ) ) ;
#1073 = ORIENTED_EDGE ( 'NONE', *, *, #1347, .T. ) ;
#1074 = DIRECTION ( 'NONE',  ( 0.0000000000000000000, -1.224646799147353200E-016, 1.000000000000000000 ) ) ;
#1075 = CARTESIAN_POINT ( 'NONE',  ( -2.078502459568736500E-011, 3.000000000000000000, -4.874999999998958200 ) ) ;
#1076 = CARTESIAN_POINT ( 'NONE',  ( 3.000000000000002200, 1.242640687119282300, 1.812500000000000700 ) ) ;
#1077 = CARTESIAN_POINT ( 'NONE',  ( 0.9736010864139224000, -2.350480947161677200, 0.06250000000000005600 ) ) ;
#1078 = VERTEX_POINT ( 'NONE', #2694 ) ;
#1079 = CARTESIAN_POINT ( 'NONE',  ( 2.350480947161671900, -0.9736010864139282800, -0.6875000000000006700 ) ) ;
#1080 = CARTESIAN_POINT ( 'NONE',  ( -1.662041016787797500, 1.662041016787792100, 3.750000000000000000 ) ) ;
#1081 = CARTESIAN_POINT ( 'NONE',  ( -0.9736010864139231800, -2.350480947161675000, -4.937500000000001800 ) ) ;
#1082 = CARTESIAN_POINT ( 'NONE',  ( 0.0000000000000000000, 3.000000000000000400, -8.000000000000000000 ) ) ;
#1083 = CARTESIAN_POINT ( 'NONE',  ( -2.878508968398380700E-016, -2.350480947161675900, -3.000000000000000900 ) ) ;
#1084 = CARTESIAN_POINT ( 'NONE',  ( 2.350480947161671900, 0.9736010864139205100, -4.687500000000000900 ) ) ;
#1085 = CARTESIAN_POINT ( 'NONE',  ( -2.333355606272191900E-011, -3.000000000000000000, -5.375000000001176800 ) ) ;
#1086 =( BOUNDED_CURVE ( )  B_SPLINE_CURVE ( 2, ( #3258, #3560, #2392, #1519, #76, #3532, #378, #668, #99 ),
 .UNSPECIFIED., .F., .T. ) 
 B_SPLINE_CURVE_WITH_KNOTS ( ( 3, 2, 2, 2, 3 ),
 ( 0.4285714285714285500, 0.4375000000000000000, 0.4464285714285715100, 0.4553571428571429000, 0.4642857142857144100 ),
 .UNSPECIFIED. ) 
 CURVE ( )  GEOMETRIC_REPRESENTATION_ITEM ( )  RATIONAL_B_SPLINE_CURVE ( ( 1.000000000000000000, 0.9238795325112867400, 1.000000000000000000, 0.9238795325112867400, 1.000000000000000000, 0.9238795325112867400, 1.000000000000000000, 0.9238795325112857400, 1.000000000000000900 ) ) 
 REPRESENTATION_ITEM ( '' )  );
#1087 = ORIENTED_EDGE ( 'NONE', *, *, #2960, .F. ) ;
#1088 = ORIENTED_EDGE ( 'NONE', *, *, #3534, .T. ) ;
#1089 = CARTESIAN_POINT ( 'NONE',  ( -0.9736010864139231800, -2.350480947161676300, -1.062500000000000200 ) ) ;
#1090 =( BOUNDED_CURVE ( )  B_SPLINE_CURVE ( 2, ( #2160, #3620, #1574, #2170, #1281, #2149, #1614, #1294, #407, #2450, #443, #724, #2472, #2482, #3585, #1874, #1009, #1032, #1587, #1909, #1326, #2434, #697, #3632, #163, #3030, #2721, #987, #2768, #3041, #3311, #126, #3332, #1600, #419, #3608, #711, #1897, #2735, #1021, #735, #2756, #3596, #3051, #2000, #3696, #2858, #2256, #837, #1084, #3681, #1413, #3426, #3736, #3404, #2818, #1702, #559, #3710, #2558, #225, #3113, #2241, #1735, #3125, #238, #3452, #2832, #854, #1125, #1101, #1718, #249, #1971, #2292, #1383, #1399, #213, #2264, #3413, #2870, #3721, #1675, #2846, #825, #516, #3156, #2530, #1113, #1690, #2546, #505, #809, #1984, #1437, #530, #1426, #3141, #2280, #543, #265, #795, #3440, #2573, #2011, #2584, #1139, #3169, #2906, #1467, #319, #2890, #1480, #2024, #1183, #24, #291, #1451, #3478, #278, #3213, #1167, #894, #2055, #11, #3183, #3466, #3198, #3492, #1779, #2071, #2921, #40, #2321, #2306, #572, #598, #2599, #1151, #1765, #866, #1751, #305, #2038, #585, #2613, #2627, #881, #2337, #1478, #468, #2973, #3691, #3716, #1713, #1097, #513, #863, #1697, #2569, #2276, #2299, #553, #1422, #1120, #820, #3677, #1968, #221, #3411, #2828, #3151, #527, #3449, #1672, #832, #565, #2286, #1727, #1132, #3436, #2006, #245, #1684, #803, #2580, #539, #3122, #1980, #259, #2252, #2852, #849, #2865, #2541, #3163, #1109, #1394, #1994, #2593, #2884 ),
 .UNSPECIFIED., .F., .F. ) 
 B_SPLINE_CURVE_WITH_KNOTS ( ( 3, 2, 2, 2, 2, 2, 2, 2, 2, 2, 2, 2, 2, 2, 2, 2, 2, 2, 2, 2, 2, 2, 2, 2, 2, 2, 2, 2, 2, 2, 2, 2, 2, 2, 2, 2, 2, 2, 2, 2, 2, 2, 2, 2, 2, 2, 2, 2, 2, 2, 2, 2, 2, 2, 2, 2, 2, 2, 2, 2, 2, 2, 2, 2, 2, 2, 2, 2, 2, 2, 2, 2, 2, 2, 2, 2, 2, 2, 2, 2, 2, 2, 2, 2, 2, 2, 2, 2, 2, 2, 2, 2, 2, 2, 2, 2, 2, 2, 2, 2, 3 ),
 ( 0.05478310526166462600, 0.06386933437655661900, 0.07299352500177899700, 0.08211771562700137500, 0.09124190625222375300, 0.1003660968774461300, 0.1094902875026685000, 0.1186144781278908900, 0.1277386687531132700, 0.1368628593783356400, 0.1459870500035580200, 0.1551112406287803700, 0.1642354312540027800, 0.1733596218792251600, 0.1824838125044475300, 0.1916080031296698800, 0.2007321937548922600, 0.2098563843801146400, 0.2189805750053370200, 0.2281047656305594300, 0.2372289562557818000, 0.2463531468810041800, 0.2554773375062264800, 0.2646015281314488800, 0.2737257187566712300, 0.2828499093818936400, 0.2919741000071159900, 0.3010982906323383900, 0.3102224812575607400, 0.3193466718827831500, 0.3284708625080055600, 0.3375950531332278500, 0.3467192437584502600, 0.3558434343836726100, 0.3649676250088950100, 0.3740918156341173600, 0.3832160062593397700, 0.3923401968845621800, 0.4014643875097845300, 0.4105885781350069300, 0.4197127687602292800, 0.4288369593854516900, 0.4379611500106739800, 0.4470853406358963900, 0.4562095312611187900, 0.4653337218863411500, 0.4744579125115635000, 0.4835821031367858500, 0.4927062937620082500, 0.5018304843872305500, 0.5109546750124529500, 0.5200788656376753600, 0.5292030562628977600, 0.5383272468881201700, 0.5474514375133424600, 0.5565756281385648700, 0.5656998187637872800, 0.5748240093890096800, 0.5839482000142320900, 0.5930723906394544900, 0.6021965812646769000, 0.6113207718898991900, 0.6204449625151214900, 0.6295691531403440100, 0.6386933437655663000, 0.6478175343907887100, 0.6569417250160111100, 0.6660659156412335200, 0.6751901062664558100, 0.6843142968916782200, 0.6934384875169006300, 0.7025626781421230300, 0.7116868687673453300, 0.7208110593925677300, 0.7299352500177901400, 0.7390594406430124300, 0.7481836312682348400, 0.7573078218934572400, 0.7664320125186796500, 0.7755562031439019500, 0.7846803937691244600, 0.7938045843943467600, 0.8029287750195691600, 0.8120529656447913500, 0.8211771562700139700, 0.8303013468952361600, 0.8394255375204585600, 0.8485497281456809700, 0.8576739187709033800, 0.8667981093961256700, 0.8759223000213480800, 0.8850464906465704800, 0.8941706812717927800, 0.9032948718970151800, 0.9124190625222375900, 0.9215432531474600000, 0.9306674437726822900, 0.9397916343979047000, 0.9489158250231271000, 0.9580400156483495100, 0.9634810922696730500 ),
 .UNSPECIFIED. ) 
 CURVE ( )  GEOMETRIC_REPRESENTATION_ITEM ( )  RATIONAL_B_SPLINE_CURVE ( ( 0.9993692316280646800, 0.9241962343461802600, 1.000000000000000000, 0.9238795325112867400, 1.000000000000000000, 0.9238795325112867400, 1.000000000000000000, 0.9238795325112867400, 1.000000000000000000, 0.9238795325112867400, 1.000000000000000000, 0.9238795325112867400, 1.000000000000000000, 0.9238795325112867400, 1.000000000000000000, 0.9238795325112867400, 1.000000000000000000, 0.9238795325112867400, 1.000000000000000000, 0.9238795325112867400, 1.000000000000000000, 0.9238795325112867400, 1.000000000000000000, 0.9238795325112867400, 1.000000000000000000, 0.9238795325112867400, 1.000000000000000000, 0.9238795325112867400, 1.000000000000000000, 0.9238795325112867400, 1.000000000000000000, 0.9238795325112867400, 1.000000000000000000, 0.9238795325112867400, 1.000000000000000000, 0.9238795325112867400, 1.000000000000000000, 0.9238795325112867400, 1.000000000000000000, 0.9238795325112867400, 1.000000000000000000, 0.9238795325112867400, 1.000000000000000000, 0.9238795325112867400, 1.000000000000000000, 0.9238795325112867400, 1.000000000000000000, 0.9238795325112867400, 1.000000000000000000, 0.9238795325112867400, 1.000000000000000000, 0.9238795325112867400, 1.000000000000000000, 0.9238795325112867400, 1.000000000000000000, 0.9238795325112867400, 1.000000000000000000, 0.9238795325112867400, 1.000000000000000000, 0.9238795325112867400, 1.000000000000000000, 0.9238795325112867400, 1.000000000000000000, 0.9238795325112867400, 1.000000000000000000, 0.9238795325112867400, 1.000000000000000000, 0.9238795325112867400, 1.000000000000000000, 0.9238795325112867400, 1.000000000000000000, 0.9238795325112867400, 1.000000000000000000, 0.9238795325112867400, 1.000000000000000000, 0.9238795325112867400, 1.000000000000000000, 0.9238795325112867400, 1.000000000000000000, 0.9238795325112867400, 1.000000000000000000, 0.9238795325112867400, 1.000000000000000000, 0.9238795325112867400, 1.000000000000000000, 0.9238795325112867400, 1.000000000000000000, 0.9238795325112867400, 1.000000000000000000, 0.9238795325112867400, 1.000000000000000000, 0.9238795325112867400, 1.000000000000000000, 0.9238795325112867400, 1.000000000000000000, 0.9238795325112867400, 1.000000000000000000, 0.9238795325112867400, 1.000000000000000000, 0.9238795325112867400, 1.000000000000000000, 0.9238795325112867400, 1.000000000000000000, 0.9238795325112867400, 1.000000000000000000, 0.9238795325112867400, 1.000000000000000000, 0.9238795325112867400, 1.000000000000000000, 0.9238795325112867400, 1.000000000000000000, 0.9238795325112867400, 1.000000000000000000, 0.9238795325112867400, 1.000000000000000000, 0.9238795325112867400, 1.000000000000000000, 0.9238795325112867400, 1.000000000000000000, 0.9238795325112867400, 1.000000000000000000, 0.9238795325112867400, 1.000000000000000000, 0.9238795325112867400, 1.000000000000000000, 0.9238795325112867400, 1.000000000000000000, 0.9238795325112867400, 1.000000000000000000, 0.9238795325112867400, 1.000000000000000000, 0.9238795325112867400, 1.000000000000000000, 0.9238795325112867400, 1.000000000000000000, 0.9238795325112867400, 1.000000000000000000, 0.9238795325112867400, 1.000000000000000000, 0.9238795325112867400, 1.000000000000000000, 0.9238795325112867400, 1.000000000000000000, 0.9238795325112867400, 1.000000000000000000, 0.9238795325112867400, 1.000000000000000000, 0.9238795325112867400, 1.000000000000000000, 0.9238795325112867400, 1.000000000000000000, 0.9238795325112867400, 1.000000000000000000, 0.9238795325112867400, 1.000000000000000000, 0.9238795325112867400, 1.000000000000000000, 0.9238795325112867400, 1.000000000000000000, 0.9238795325112867400, 1.000000000000000000, 0.9238795325112867400, 1.000000000000000000, 0.9238795325112867400, 1.000000000000000000, 0.9238795325112867400, 1.000000000000000000, 0.9238795325112867400, 1.000000000000000000, 0.9238795325112867400, 1.000000000000000000, 0.9238795325112867400, 1.000000000000000000, 0.9238795325112867400, 1.000000000000000000, 0.9238795325112867400, 1.000000000000000000, 0.9238795325112867400, 1.000000000000000000, 0.9238795325112867400, 1.000000000000000000, 0.9238795325112867400, 1.000000000000000000, 0.9238795325112867400, 1.000000000000000000, 0.9238795325112867400, 1.000000000000000000, 0.9238795325112867400, 1.000000000000000000, 0.9238795325112867400, 1.000000000000000000, 0.9238795325112867400, 1.000000000000000000, 0.9238795325112867400, 1.000000000000000000, 0.9238795325112867400, 1.000000000000000000, 0.9238795325112867400, 1.000000000000000000, 0.9546066809573079400, 0.9633526356655859300 ) ) 
 REPRESENTATION_ITEM ( '' )  );
#1091 = CARTESIAN_POINT ( 'NONE',  ( -3.740226349862368200E-016, -3.054126587736530700, -8.406250000000005300 ) ) ;
#1092 = CARTESIAN_POINT ( 'NONE',  ( -0.5619043805575670800, 2.350480947161667000, 4.661071266019434700 ) ) ;
#1093 = EDGE_LOOP ( 'NONE', ( #3284, #3446, #1176, #800 ) ) ;
#1094 = ADVANCED_FACE ( 'NONE', ( #3150 ), #936, .T. ) ;
#1095 = CARTESIAN_POINT ( 'NONE',  ( -1.662041016787797500, 1.662041016787795300, -6.375000000000000900 ) ) ;
#1096 = CARTESIAN_POINT ( 'NONE',  ( 2.350480947161671900, -0.9736010864139262900, -7.687500000000000900 ) ) ;
#1097 = CARTESIAN_POINT ( 'NONE',  ( -0.9736010864139232900, -2.350480947161677200, 1.937500000000000000 ) ) ;
#1098 = B_SPLINE_CURVE_WITH_KNOTS ( 'NONE', 3,
 ( #3408, #1771, #2927, #3190, #2369, #1158, #1202, #57, #15, #3470, #2634, #2045 ),
 .UNSPECIFIED., .F., .F.,
 ( 4, 2, 2, 2, 2, 4 ),
 ( 2.544349856470583800E-007, 0.0005966331004600714200, 0.0008948224331972829300, 0.001193011765934494300, 0.001789390431408917100, 0.002385769096883340100 ),
 .UNSPECIFIED. ) ;
#1099 = CARTESIAN_POINT ( 'NONE',  ( 0.0000000000000000000, 2.999999999999998700, -0.9999999999999993300 ) ) ;
#1100 = CARTESIAN_POINT ( 'NONE',  ( 2.350480947161671900, -0.9736010864139272900, -3.812500000000000900 ) ) ;
#1101 = CARTESIAN_POINT ( 'NONE',  ( -1.662041016787797500, 1.662041016787794400, -3.375000000000000400 ) ) ;
#1102 = CARTESIAN_POINT ( 'NONE',  ( -3.000000000000010700, -1.242640687119292300, -4.562500000000008000 ) ) ;
#1103 = CARTESIAN_POINT ( 'NONE',  ( -2.878508968398380700E-016, -2.350480947161676800, 0.9999999999999991100 ) ) ;
#1104 = CARTESIAN_POINT ( 'NONE',  ( -2.159593620790630600, 2.159593620790629200, -8.781250000000001800 ) ) ;
#1105 = CARTESIAN_POINT ( 'NONE',  ( 0.0000000000000000000, 2.350480947161667900, 1.624999999999999800 ) ) ;
#1106 = CARTESIAN_POINT ( 'NONE',  ( -2.350480947161672300, 0.9736010864139202900, -5.312500000000001800 ) ) ;
#1107 = CARTESIAN_POINT ( 'NONE',  ( -2.350480947161672300, 0.9736010864139202900, -5.187500000000001800 ) ) ;
#1108 = LINE ( 'NONE', #1276, #345 ) ;
#1109 = CARTESIAN_POINT ( 'NONE',  ( 0.0000000000000000000, 2.350480947161667000, 4.500000000000000900 ) ) ;
#1110 = CARTESIAN_POINT ( 'NONE',  ( 1.265060653844732400, -3.054126587736534200, -0.4062500000000003900 ) ) ;
#1111 = CYLINDRICAL_SURFACE ( 'NONE', #2597, 3.000000000000000000 ) ;
#1112 = CARTESIAN_POINT ( 'NONE',  ( 0.9736010864139245100, 2.350480947161667900, -1.562500000000000900 ) ) ;
#1113 = CARTESIAN_POINT ( 'NONE',  ( -2.350480947161672300, -3.438479416724294100E-015, -2.250000000000000400 ) ) ;
#1114 = ADVANCED_FACE ( 'NONE', ( #2788 ), #396, .T. ) ;
#1115 = DIRECTION ( 'NONE',  ( 0.0000000000000000000, 1.000000000000000000, 0.0000000000000000000 ) ) ;
#1116 = CARTESIAN_POINT ( 'NONE',  ( 1.265060653844732400, -3.054126587736532400, -8.343750000000005300 ) ) ;
#1117 = CARTESIAN_POINT ( 'NONE',  ( -2.350480947161672300, -0.9736010864139278400, 2.937499999999999100 ) ) ;
#1118 = VERTEX_POINT ( 'NONE', #3382 ) ;
#1119 = CARTESIAN_POINT ( 'NONE',  ( 1.662041016787797900, 1.662041016787794100, -4.500000000000000900 ) ) ;
#1120 = CARTESIAN_POINT ( 'NONE',  ( 0.0000000000000000000, 2.350480947161667400, 2.499999999999998700 ) ) ;
#1121 = CARTESIAN_POINT ( 'NONE',  ( -1.265060653844733100, -3.054126587736534200, 2.468750000000000900 ) ) ;
#1122 = ORIENTED_EDGE ( 'NONE', *, *, #2637, .T. ) ;
#1123 = CARTESIAN_POINT ( 'NONE',  ( 3.000000000000001800, -1.242640687119291400, -3.312500000000000000 ) ) ;
#1124 = CARTESIAN_POINT ( 'NONE',  ( 0.9736010864139245100, 2.350480947161668800, -4.562500000000000900 ) ) ;
#1125 = CARTESIAN_POINT ( 'NONE',  ( -0.9736010864139231800, 2.350480947161669200, -3.437500000000000400 ) ) ;
#1126 = CC_DESIGN_PERSON_AND_ORGANIZATION_ASSIGNMENT ( #252, #26, ( #680 ) ) ;
#1127 = CARTESIAN_POINT ( 'NONE',  ( 0.0000000000000000000, 6.279894725374701700E-016, -8.000000000000000000 ) ) ;
#1128 = CARTESIAN_POINT ( 'NONE',  ( 1.662041016787797500, -1.662041016787803500, 5.124999999999999100 ) ) ;
#1129 = CARTESIAN_POINT ( 'NONE',  ( -1.662041016787797700, -1.662041016787802800, 4.000000000000000000 ) ) ;
#1130 = EDGE_CURVE ( 'NONE', #918, #3491, #2934, .T. ) ;
#1131 = CARTESIAN_POINT ( 'NONE',  ( -1.662041016787797700, -1.662041016787801000, -3.000000000000000000 ) ) ;
#1132 = CARTESIAN_POINT ( 'NONE',  ( 0.9736010864139245100, 2.350480947161666600, 3.437499999999999600 ) ) ;
#1133 = ORIENTED_EDGE ( 'NONE', *, *, #1746, .T. ) ;
#1134 = CARTESIAN_POINT ( 'NONE',  ( 1.265060653844732400, -3.054126587736534700, 0.5937500000000005600 ) ) ;
#1135 = CARTESIAN_POINT ( 'NONE',  ( -3.673940397442062800E-016, -3.000000000000007100, 0.5000000000000010000 ) ) ;
#1136 = CARTESIAN_POINT ( 'NONE',  ( -2.325901114833818500, 1.215013568395665800, -7.481634084456007200 ) ) ;
#1137 = CARTESIAN_POINT ( 'NONE',  ( -2.350480947161672300, -4.559377662740077600E-015, 1.749999999999999800 ) ) ;
#1138 = EDGE_LOOP ( 'NONE', ( #3356, #1793, #3368, #1685 ) ) ;
#1139 = CARTESIAN_POINT ( 'NONE',  ( -1.662041016787797700, -1.662041016787801300, -1.125000000000000200 ) ) ;
#1140 = CARTESIAN_POINT ( 'NONE',  ( 2.350469022712048600, 0.007487071597012486000, -7.749519052838329500 ) ) ;
#1141 = CARTESIAN_POINT ( 'NONE',  ( 2.356491342126442000, 0.1678212216713997600, -7.742986045834795700 ) ) ;
#1142 = CARTESIAN_POINT ( 'NONE',  ( 0.0000000000000000000, 2.999999999999998200, 4.124999999999997300 ) ) ;
#1143 = CARTESIAN_POINT ( 'NONE',  ( -2.350480947161672300, 0.9736010864139180700, 2.687499999999999100 ) ) ;
#1144 = CARTESIAN_POINT ( 'NONE',  ( 2.350480947161671900, 0.9736010864139180700, 4.437500000000001800 ) ) ;
#1145 = CARTESIAN_POINT ( 'NONE',  ( -0.9736010864139231800, -2.350480947161675900, -2.937500000000000400 ) ) ;
#1146 = EDGE_CURVE ( 'NONE', #50, #2966, #3355, .T. ) ;
#1147 = CARTESIAN_POINT ( 'NONE',  ( -2.159593620790630600, 2.159593620790627000, -0.8437499999999998900 ) ) ;
#1148 = CARTESIAN_POINT ( 'NONE',  ( 2.909550137820208400, -0.6752424879822619400, 4.700000000000001100 ) ) ;
#1149 = CARTESIAN_POINT ( 'NONE',  ( -0.6870651956534545900, -2.721092464155400400, -7.298924239046138900 ) ) ;
#1150 = CARTESIAN_POINT ( 'NONE',  ( -1.662041016787797500, 1.662041016787793000, 1.624999999999999800 ) ) ;
#1151 = CARTESIAN_POINT ( 'NONE',  ( -1.662041016787797700, -1.662041016787801700, 0.8749999999999990000 ) ) ;
#1152 = CARTESIAN_POINT ( 'NONE',  ( 0.0000000000000000000, 3.000000000000000000, -6.000000000000000000 ) ) ;
#1153 = VECTOR ( 'NONE', #904, 1000.000000000000000 ) ;
#1154 = CARTESIAN_POINT ( 'NONE',  ( 2.121320343559642400, 2.121320343559636600, 3.999999999999999100 ) ) ;
#1155 = CARTESIAN_POINT ( 'NONE',  ( 0.0000000000000000000, 2.999999999999998700, -1.999999999999999600 ) ) ;
#1156 = CARTESIAN_POINT ( 'NONE',  ( 3.054126587736528900, -2.768587062744833300E-015, -7.156250000000004400 ) ) ;
#1157 = CONICAL_SURFACE ( 'NONE', #2534, 3.000000000000000400, 0.7853981633974498300 ) ;
#1158 = CARTESIAN_POINT ( 'NONE',  ( -0.8204602706418712100, -1.835708118644025600, 7.698919027229123900 ) ) ;
#1159 = EDGE_LOOP ( 'NONE', ( #2094, #1913, #490, #313 ) ) ;
#1160 = CARTESIAN_POINT ( 'NONE',  ( 0.0000000000000000000, 2.350480947161669200, -4.375000000000000000 ) ) ;
#1161 =( BOUNDED_CURVE ( )  B_SPLINE_CURVE ( 2, ( #2574, #1453, #1752, #240, #2307, #2265, #2860, #3480, #2012 ),
 .UNSPECIFIED., .F., .F. ) 
 B_SPLINE_CURVE_WITH_KNOTS ( ( 3, 2, 2, 2, 3 ),
 ( 0.04854564886621759400, 0.05090248720891255000, 0.05325932555160751300, 0.05561616389430250300, 0.05797300223699745900 ),
 .UNSPECIFIED. ) 
 CURVE ( )  GEOMETRIC_REPRESENTATION_ITEM ( )  RATIONAL_B_SPLINE_CURVE ( ( 1.000000000000024600, 0.9238795325112620900, 1.000000000000000000, 0.9238795325112867400, 1.000000000000000000, 0.9238795325112867400, 1.000000000000000000, 0.9238795325118063200, 0.9999999999994804200 ) ) 
 REPRESENTATION_ITEM ( '' )  );
#1162 = CARTESIAN_POINT ( 'NONE',  ( 2.159593620790630600, -2.159593620790634100, -5.343749999999999100 ) ) ;
#1163 = CARTESIAN_POINT ( 'NONE',  ( -3.054126587736528900, -1.265060653844736900, 0.3437500000000002800 ) ) ;
#1164 = CARTESIAN_POINT ( 'NONE',  ( 3.000000000000002200, 1.242640687119281900, 2.812500000000001800 ) ) ;
#1165 = CARTESIAN_POINT ( 'NONE',  ( -0.8559858462493119500, -2.665910259862527700, -7.305453005770465000 ) ) ;
#1166 = CARTESIAN_POINT ( 'NONE',  ( 2.350480947161672300, -5.275191737171725500E-015, 2.250000000000000400 ) ) ;
#1167 = CARTESIAN_POINT ( 'NONE',  ( -2.350480947161672300, -0.9736010864139270600, -0.1875000000000001700 ) ) ;
#1168 = CARTESIAN_POINT ( 'NONE',  ( 0.0000000000000000000, 6.279894725374701700E-016, -8.000000000000000000 ) ) ;
#1169 = CARTESIAN_POINT ( 'NONE',  ( -3.000000000000034600, -1.242640687119304800, 2.437499999999976000 ) ) ;
#1170 = CARTESIAN_POINT ( 'NONE',  ( -3.673940397442054400E-016, -2.999999999999999600, 2.624999999999997800 ) ) ;
#1171 = CARTESIAN_POINT ( 'NONE',  ( -1.242640687119298300, 2.999999999999985800, 2.062500000000001800 ) ) ;
#1172 = ORIENTED_EDGE ( 'NONE', *, *, #1215, .T. ) ;
#1173 = CARTESIAN_POINT ( 'NONE',  ( 3.054126587736528000, -1.265060653844736900, -6.218750000000003600 ) ) ;
#1174 = CARTESIAN_POINT ( 'NONE',  ( -3.000000000000002700, -3.258595564520136800E-015, -2.749999999999999100 ) ) ;
#1175 = ADVANCED_FACE ( 'NONE', ( #2483, #1433 ), #1052, .T. ) ;
#1176 = ORIENTED_EDGE ( 'NONE', *, *, #3601, .T. ) ;
#1177 = CARTESIAN_POINT ( 'NONE',  ( -2.878508968398380700E-016, -2.350480947161675900, -2.875000000000000900 ) ) ;
#1178 = CARTESIAN_POINT ( 'NONE',  ( 2.159593620790630600, -2.159593620790633700, -6.343750000000000000 ) ) ;
#1179 = CARTESIAN_POINT ( 'NONE',  ( -0.9736010864139230700, 2.350480947161670600, -8.312500000000000000 ) ) ;
#1180 = DIRECTION ( 'NONE',  ( 0.0000000000000000000, 1.000000000000000000, 0.0000000000000000000 ) ) ;
#1181 = CARTESIAN_POINT ( 'NONE',  ( -0.1744569805814798500, -2.819750944878542100, -7.280249055122419000 ) ) ;
#1182 = CARTESIAN_POINT ( 'NONE',  ( 0.0000000000000000000, 2.350480947161667900, 1.499999999999999600 ) ) ;
#1183 = CARTESIAN_POINT ( 'NONE',  ( 1.662041016787797900, 1.662041016787793300, -0.6250000000000005600 ) ) ;
#1184 = AXIS2_PLACEMENT_3D ( 'NONE', #977, #2411, #2984 ) ;
#1185 = CARTESIAN_POINT ( 'NONE',  ( -3.000000000000310000, -1.242640687119418200, 1.437499999999818800 ) ) ;
#1186 = CARTESIAN_POINT ( 'NONE',  ( 1.999999999999999100, -0.4015140368782343900, 7.722100486528682400 ) ) ;
#1187 = CARTESIAN_POINT ( 'NONE',  ( 3.000000000000033800, -1.242640687119306500, 2.812499999999976500 ) ) ;
#1188 = CARTESIAN_POINT ( 'NONE',  ( 1.265060653844732400, -3.054126587736532900, -6.343750000000006200 ) ) ;
#1189 = CARTESIAN_POINT ( 'NONE',  ( 0.0000000000000000000, 6.279894725374701700E-016, -8.000000000000000000 ) ) ;
#1190 = ORIENTED_EDGE ( 'NONE', *, *, #2556, .F. ) ;
#1191 = EDGE_CURVE ( 'NONE', #430, #3542, #2606, .T. ) ;
#1192 = ORIENTED_EDGE ( 'NONE', *, *, #3019, .T. ) ;
#1193 = CARTESIAN_POINT ( 'NONE',  ( -0.9736010864139230700, 2.350480947161667900, -0.3125000000000002800 ) ) ;
#1194 = CARTESIAN_POINT ( 'NONE',  ( 1.265060653844732400, -3.054126587736532900, -4.406250000000000000 ) ) ;
#1195 = CARTESIAN_POINT ( 'NONE',  ( 1.265060653844735100, 3.054126587736522700, 2.968750000000001300 ) ) ;
#1196 = CARTESIAN_POINT ( 'NONE',  ( 3.000000000000001800, -1.242640687119292300, 0.6875000000000011100 ) ) ;
#1197 = ORIENTED_EDGE ( 'NONE', *, *, #2972, .T. ) ;
#1198 = CARTESIAN_POINT ( 'NONE',  ( 1.242640687119297900, -2.999999999999996900, 3.562500000000001300 ) ) ;
#1199 = CARTESIAN_POINT ( 'NONE',  ( 1.662041016787797900, 1.662041016787793300, -0.6250000000000005600 ) ) ;
#1200 = CARTESIAN_POINT ( 'NONE',  ( -1.242640687119264800, -3.000000000000075100, 2.562499999999977400 ) ) ;
#1201 = CARTESIAN_POINT ( 'NONE',  ( -2.159593620790630600, 2.159593620790628300, -4.781250000000002700 ) ) ;
#1202 = CARTESIAN_POINT ( 'NONE',  ( -0.9090194280634950100, -1.784578465267444600, 7.690817791225399000 ) ) ;
#1203 = CARTESIAN_POINT ( 'NONE',  ( -0.9736010864139231800, -2.350480947161677200, 2.062500000000000000 ) ) ;
#1204 = CARTESIAN_POINT ( 'NONE',  ( -1.265060653844732700, 3.054126587736526200, -3.906250000000000000 ) ) ;
#1205 = EDGE_CURVE ( 'NONE', #3573, #191, #1658, .T. ) ;
#1206 = CARTESIAN_POINT ( 'NONE',  ( -2.159593620790631000, -2.159593620790635900, 3.406249999999999600 ) ) ;
#1207 = CARTESIAN_POINT ( 'NONE',  ( -0.3289349061146920100, -2.823171448258981800, 4.699999999999937100 ) ) ;
#1208 = CARTESIAN_POINT ( 'NONE',  ( 0.9736010864139224000, -2.350480947161678100, 4.062500000000000000 ) ) ;
#1209 = CARTESIAN_POINT ( 'NONE',  ( 0.9736010864139245100, 2.350480947161667900, -1.437500000000000700 ) ) ;
#1210 = CIRCLE ( 'NONE', #1652, 3.000000000000000000 ) ;
#1211 = DIRECTION ( 'NONE',  ( 1.000000000000000000, 0.0000000000000000000, 0.0000000000000000000 ) ) ;
#1212 = CARTESIAN_POINT ( 'NONE',  ( 2.285992549396310800E-016, 2.309401076758503800, 5.690000000000000400 ) ) ;
#1213 = VECTOR ( 'NONE', #1239, 1000.000000000000000 ) ;
#1214 = CARTESIAN_POINT ( 'NONE',  ( 2.322661730397740200, -0.9445425648004490700, -7.599936943997134300 ) ) ;
#1215 = EDGE_CURVE ( 'NONE', #430, #1007, #1618, .T. ) ;
#1216 = CARTESIAN_POINT ( 'NONE',  ( 1.265060653844732400, -3.054126587736533300, -3.343750000000007100 ) ) ;
#1217 =( BOUNDED_CURVE ( )  B_SPLINE_CURVE ( 2, ( #320, #2654, #2095, #2679, #2938 ),
 .UNSPECIFIED., .F., .T. ) 
 B_SPLINE_CURVE_WITH_KNOTS ( ( 3, 2, 3 ),
 ( 0.8928571428571429000, 0.9017857142857143000, 0.9071101362818440000 ),
 .UNSPECIFIED. ) 
 CURVE ( )  GEOMETRIC_REPRESENTATION_ITEM ( )  RATIONAL_B_SPLINE_CURVE ( ( 1.000000000000000000, 0.9238795325112867400, 1.000000000000000000, 0.9546066809573108300, 0.9633526356655848200 ) ) 
 REPRESENTATION_ITEM ( '' )  );
#1218 = CARTESIAN_POINT ( 'NONE',  ( -3.000000000000002700, -1.242640687119289700, -2.687499999999999600 ) ) ;
#1219 = CARTESIAN_POINT ( 'NONE',  ( 0.9736010864139245100, 2.350480947161667900, 0.5625000000000004400 ) ) ;
#1220 = CARTESIAN_POINT ( 'NONE',  ( -3.054126587736528900, 1.265060653844730200, -4.781250000000000000 ) ) ;
#1221 = CARTESIAN_POINT ( 'NONE',  ( 3.054126587736528000, -1.265060653844740200, 4.718750000000000900 ) ) ;
#1222 = CARTESIAN_POINT ( 'NONE',  ( -0.5942015824299009500, 2.353937207541917600, 4.700000000000036600 ) ) ;
#1223 = EDGE_LOOP ( 'NONE', ( #3523, #2303, #65, #2267, #3222, #2332, #1038, #687 ) ) ;
#1224 = CARTESIAN_POINT ( 'NONE',  ( 0.8204602706418606700, 1.835708118644032000, 7.698919027229109700 ) ) ;
#1225 = CARTESIAN_POINT ( 'NONE',  ( 2.350480947161671900, 0.9736010864139201800, -2.562500000000000400 ) ) ;
#1226 = ORIENTED_EDGE ( 'NONE', *, *, #3732, .T. ) ;
#1227 = CARTESIAN_POINT ( 'NONE',  ( -3.673940397442062800E-016, -3.000000000000006200, -3.499999999999999100 ) ) ;
#1228 = CARTESIAN_POINT ( 'NONE',  ( -3.000000000000001800, -1.242640687119289200, -1.562500000000003300 ) ) ;
#1229 = CARTESIAN_POINT ( 'NONE',  ( 3.054126587736528500, 1.265060653844730000, -3.093750000000004400 ) ) ;
#1230 = CARTESIAN_POINT ( 'NONE',  ( -1.662041016787797500, 1.662041016787793000, 0.7499999999999988900 ) ) ;
#1231 = CARTESIAN_POINT ( 'NONE',  ( -3.054126587736528900, -3.544262845950065400E-015, -1.718749999999999800 ) ) ;
#1232 = CARTESIAN_POINT ( 'NONE',  ( -2.159593620790631000, -2.159593620790636800, 5.406250000000000000 ) ) ;
#1233 = CARTESIAN_POINT ( 'NONE',  ( -0.9736010864139231800, 2.350480947161670100, -7.312500000000000000 ) ) ;
#1234 = CARTESIAN_POINT ( 'NONE',  ( 2.350480947161672300, -5.555416298675671100E-015, 3.249999999999999600 ) ) ;
#1235 = CARTESIAN_POINT ( 'NONE',  ( -0.9736010864139231800, -2.350480947161675900, -1.937500000000000000 ) ) ;
#1236 = ADVANCED_FACE ( 'NONE', ( #2390 ), #1027, .F. ) ;
#1237 = ORIENTED_EDGE ( 'NONE', *, *, #438, .F. ) ;
#1238 = DIRECTION ( 'NONE',  ( 0.0000000000000000000, 0.0000000000000000000, 1.000000000000000000 ) ) ;
#1239 = DIRECTION ( 'NONE',  ( -0.0000000000000000000, 1.224646799147353200E-016, -1.000000000000000000 ) ) ;
#1240 = ORIENTED_EDGE ( 'NONE', *, *, #3345, .T. ) ;
#1241 = CARTESIAN_POINT ( 'NONE',  ( 1.907874343847030100E-011, -3.000000000000000000, -6.374999999999042500 ) ) ;
#1242 = CARTESIAN_POINT ( 'NONE',  ( -3.740226349862368200E-016, -3.054126587736532400, -3.406250000000006700 ) ) ;
#1243 = CARTESIAN_POINT ( 'NONE',  ( 0.0000000000000000000, 6.279894725374701700E-016, -8.000000000000000000 ) ) ;
#1244 = CARTESIAN_POINT ( 'NONE',  ( 0.0000000000000000000, 2.350480947161669200, -3.500000000000000400 ) ) ;
#1245 = CARTESIAN_POINT ( 'NONE',  ( 0.9736010864139224000, -2.350480947161677700, 3.187499999999999600 ) ) ;
#1246 = CARTESIAN_POINT ( 'NONE',  ( 2.159593620790630600, -2.159593620790635000, -1.343750000000000200 ) ) ;
#1247 = CARTESIAN_POINT ( 'NONE',  ( -2.350480947161672300, -2.352609240896504100E-015, -6.125000000000000000 ) ) ;
#1248 = CARTESIAN_POINT ( 'NONE',  ( 1.342526258967434700, 1.534293179749514700, 7.720701438624384800 ) ) ;
#1249 = CARTESIAN_POINT ( 'NONE',  ( 0.0000000000000000000, 2.350480947161669200, -3.375000000000000400 ) ) ;
#1250 = CARTESIAN_POINT ( 'NONE',  ( -3.673940397442062800E-016, -3.000000000000008400, 4.500000000000001800 ) ) ;
#1251 = CARTESIAN_POINT ( 'NONE',  ( 0.9736010864139245100, 2.350480947161667400, 2.437500000000000400 ) ) ;
#1252 = CARTESIAN_POINT ( 'NONE',  ( -1.662041016787797700, -1.662041016787799300, -8.125000000000000000 ) ) ;
#1253 = CARTESIAN_POINT ( 'NONE',  ( 2.159593620790631000, 2.159593620790626100, -0.03125000000000176200 ) ) ;
#1254 = PLANE ( 'NONE',  #3508 ) ;
#1255 = FACE_OUTER_BOUND ( 'NONE', #1159, .T. ) ;
#1256 = CARTESIAN_POINT ( 'NONE',  ( 1.662041016787797500, -1.662041016787801500, -1.875000000000000900 ) ) ;
#1257 = CARTESIAN_POINT ( 'NONE',  ( -1.662041016787797500, 1.662041016787792100, 3.750000000000000000 ) ) ;
#1258 = CYLINDRICAL_SURFACE ( 'NONE', #2478, 3.000000000000000000 ) ;
#1259 = CARTESIAN_POINT ( 'NONE',  ( -1.265060653844733100, -3.054126587736532900, -3.531249999999999600 ) ) ;
#1260 = CARTESIAN_POINT ( 'NONE',  ( 2.350480947161671900, 0.9736010864139211800, -6.562500000000000900 ) ) ;
#1261 = CARTESIAN_POINT ( 'NONE',  ( -2.237332125156343800, -1.322852257984067100, 4.700000000000001100 ) ) ;
#1262 = CARTESIAN_POINT ( 'NONE',  ( 2.350480947161672300, -5.835640860179616700E-015, 4.250000000000000000 ) ) ;
#1263 = CC_DESIGN_PERSON_AND_ORGANIZATION_ASSIGNMENT ( #1665, #2745, ( #168 ) ) ;
#1264 = CARTESIAN_POINT ( 'NONE',  ( -1.662041016787797500, 1.662041016787794600, -4.250000000000000000 ) ) ;
#1265 = CARTESIAN_POINT ( 'NONE',  ( -1.242640687119275000, -3.000000000000018700, 1.437500000000000900 ) ) ;
#1266 = CARTESIAN_POINT ( 'NONE',  ( -2.350480947161672300, 0.9736010864139209600, -7.312500000000000900 ) ) ;
#1267 = EDGE_CURVE ( 'NONE', #1415, #2158, #3621, .T. ) ;
#1268 = ORIENTED_EDGE ( 'NONE', *, *, #1060, .T. ) ;
#1269 = CARTESIAN_POINT ( 'NONE',  ( 1.265060653844735100, 3.054126587736524500, -0.9687500000000025500 ) ) ;
#1270 = CARTESIAN_POINT ( 'NONE',  ( -1.662041016787797700, -1.662041016787801000, -2.125000000000000000 ) ) ;
#1271 = AXIS2_PLACEMENT_3D ( 'NONE', #2731, #1290, #982 ) ;
#1272 = ORIENTED_EDGE ( 'NONE', *, *, #1880, .T. ) ;
#1273 = CARTESIAN_POINT ( 'NONE',  ( -2.350480947161672300, 0.9736010864139177400, 3.812500000000000000 ) ) ;
#1274 = CARTESIAN_POINT ( 'NONE',  ( 0.0000000000000000000, 2.350480947161669700, -5.375000000000000000 ) ) ;
#1275 = CARTESIAN_POINT ( 'NONE',  ( 0.0000000000000000000, 2.350480947161670100, -6.375000000000000900 ) ) ;
#1276 = CARTESIAN_POINT ( 'NONE',  ( 3.673940397442059900E-016, -2.999999999999999600, -8.000000000000000000 ) ) ;
#1277 = ORIENTED_EDGE ( 'NONE', *, *, #1862, .T. ) ;
#1278 = CARTESIAN_POINT ( 'NONE',  ( 1.662041016787797500, -1.662041016787802400, 1.249999999999999300 ) ) ;
#1279 = PERSON_AND_ORGANIZATION_ROLE ( 'creator' ) ;
#1280 = CARTESIAN_POINT ( 'NONE',  ( 0.3190291860744149900, -2.125209490299094100, 7.831434952634138500 ) ) ;
#1281 = CARTESIAN_POINT ( 'NONE',  ( 0.0000000000000000000, 2.350480947161670100, -7.500000000000000900 ) ) ;
#1282 = CARTESIAN_POINT ( 'NONE',  ( 1.999999999999999600, 8.127580809286917900E-015, 7.690598923241499700 ) ) ;
#1283 = CARTESIAN_POINT ( 'NONE',  ( 1.265060653844735100, 3.054126587736523100, 2.031249999999998700 ) ) ;
#1284 = CARTESIAN_POINT ( 'NONE',  ( 2.350480947161671900, 0.9736010864139202900, -3.687500000000000900 ) ) ;
#1285 = EDGE_CURVE ( 'NONE', #2809, #3592, #381, .T. ) ;
#1286 = CARTESIAN_POINT ( 'NONE',  ( -0.9736010864139230700, 2.350480947161667400, 3.687499999999999600 ) ) ;
#1287 = CARTESIAN_POINT ( 'NONE',  ( -2.878508968398380700E-016, -2.350480947161675000, -4.875000000000000900 ) ) ;
#1288 = ORIENTED_EDGE ( 'NONE', *, *, #223, .T. ) ;
#1289 = VERTEX_POINT ( 'NONE', #3123 ) ;
#1290 = DIRECTION ( 'NONE',  ( -0.0000000000000000000, 1.224646799147353200E-016, -1.000000000000000000 ) ) ;
#1291 = CARTESIAN_POINT ( 'NONE',  ( 1.662041016787797500, -1.662041016787802800, 2.250000000000000400 ) ) ;
#1292 = ORIENTED_EDGE ( 'NONE', *, *, #2374, .T. ) ;
#1293 = DIRECTION ( 'NONE',  ( 0.0000000000000000000, -1.224646799147353200E-016, 1.000000000000000000 ) ) ;
#1294 = CARTESIAN_POINT ( 'NONE',  ( -2.350480947161672300, 0.9736010864139208500, -7.312500000000000000 ) ) ;
#1295 = CARTESIAN_POINT ( 'NONE',  ( 2.350480947161672300, -2.472946122132268500E-015, -7.750000000000000900 ) ) ;
#1296 = CARTESIAN_POINT ( 'NONE',  ( -3.054126587736528900, -1.265060653844736900, 0.4062499999999952800 ) ) ;
#1297 = CARTESIAN_POINT ( 'NONE',  ( -3.000000000000001800, -1.242640687119288500, -5.562500000000005300 ) ) ;
#1298 = CARTESIAN_POINT ( 'NONE',  ( 2.350480947161671900, -0.9736010864139286200, 0.1875000000000001700 ) ) ;
#1299 = DIRECTION ( 'NONE',  ( 0.0000000000000000000, 1.000000000000000000, 0.0000000000000000000 ) ) ;
#1300 = CARTESIAN_POINT ( 'NONE',  ( -2.350480947161672300, 0.9736010864139198500, -3.187500000000000400 ) ) ;
#1301 = CARTESIAN_POINT ( 'NONE',  ( -2.350480947161672300, -4.033956609920177900E-015, -0.1250000000000001100 ) ) ;
#1302 = CARTESIAN_POINT ( 'NONE',  ( 0.0000000000000000000, 2.350480947161670600, -8.375000000000000000 ) ) ;
#1303 = CARTESIAN_POINT ( 'NONE',  ( 1.843736237883309300, -1.244919463501908700, 7.909781074877352000 ) ) ;
#1304 = CARTESIAN_POINT ( 'NONE',  ( 2.350480947161671900, -0.9736010864139268400, -5.812500000000000000 ) ) ;
#1305 = LINE ( 'NONE', #557, #1531 ) ;
#1306 = CARTESIAN_POINT ( 'NONE',  ( 1.265060653844735100, 3.054126587736522700, 3.031249999999997800 ) ) ;
#1307 = CARTESIAN_POINT ( 'NONE',  ( -1.242640687121108000, -2.999999999998245400, -2.437500000000159000 ) ) ;
#1308 = CYLINDRICAL_SURFACE ( 'NONE', #599, 3.000000000000000000 ) ;
#1309 = CARTESIAN_POINT ( 'NONE',  ( -1.662041016787797700, -1.662041016787801500, -0.1250000000000001100 ) ) ;
#1310 = COORDINATED_UNIVERSAL_TIME_OFFSET ( 6, 0, .BEHIND. ) ;
#1311 = CARTESIAN_POINT ( 'NONE',  ( -0.9736010864139231800, -2.350480947161677700, 4.062500000000000000 ) ) ;
#1312 = CARTESIAN_POINT ( 'NONE',  ( 2.350480947161671900, 0.9736010864139210700, -6.562500000000000900 ) ) ;
#1313 = AXIS2_PLACEMENT_3D ( 'NONE', #1127, #1720, #1115 ) ;
#1314 = CARTESIAN_POINT ( 'NONE',  ( -2.350480947161672300, 0.9736010864139188500, -0.1875000000000001700 ) ) ;
#1315 = CARTESIAN_POINT ( 'NONE',  ( 2.486742989008967800E-011, -3.000000000000000900, 3.625000000001249200 ) ) ;
#1316 = VERTEX_POINT ( 'NONE', #2829 ) ;
#1317 = DIRECTION ( 'NONE',  ( 1.000000000000000000, 0.0000000000000000000, 0.0000000000000000000 ) ) ;
#1318 = CARTESIAN_POINT ( 'NONE',  ( 0.0000000000000000000, 8.127580809560354500E-015, 8.000000000000000000 ) ) ;
#1319 = CARTESIAN_POINT ( 'NONE',  ( 0.0000000000000000000, 2.350480947161670100, -6.500000000000000900 ) ) ;
#1320 = VERTEX_POINT ( 'NONE', #1395 ) ;
#1321 = CARTESIAN_POINT ( 'NONE',  ( -3.740226349862368200E-016, -3.054126587736533800, 1.593749999999994400 ) ) ;
#1322 = CARTESIAN_POINT ( 'NONE',  ( 2.121320343559643300, -2.121320343559647700, -1.250000000000005800 ) ) ;
#1323 = CARTESIAN_POINT ( 'NONE',  ( 2.350480947161671900, -0.9736010864139268400, -5.687500000000000000 ) ) ;
#1324 = CARTESIAN_POINT ( 'NONE',  ( -0.9736010864139230700, 2.350480947161667900, 0.6874999999999987800 ) ) ;
#1325 = CARTESIAN_POINT ( 'NONE',  ( 2.958156950726509700, -0.3589403669272935900, -7.127575135749129500 ) ) ;
#1326 = CARTESIAN_POINT ( 'NONE',  ( 0.0000000000000000000, 2.350480947161670100, -6.500000000000000900 ) ) ;
#1327 = ORIENTED_EDGE ( 'NONE', *, *, #2141, .F. ) ;
#1328 = CARTESIAN_POINT ( 'NONE',  ( 3.054126587736528000, -1.265060653844739500, 2.781249999999995600 ) ) ;
#1329 = DIRECTION ( 'NONE',  ( 1.000000000000000000, 0.0000000000000000000, 0.0000000000000000000 ) ) ;
#1330 = ORIENTED_EDGE ( 'NONE', *, *, #3147, .T. ) ;
#1331 = CC_DESIGN_APPROVAL ( #1605, ( #680 ) ) ;
#1332 = CARTESIAN_POINT ( 'NONE',  ( 0.0000000000000000000, -3.000000000000000900, 4.700000000000001100 ) ) ;
#1333 =( BOUNDED_CURVE ( )  B_SPLINE_CURVE ( 2, ( #2341, #2074, #1810, #309, #923, #3259, #3218, #617, #3575 ),
 .UNSPECIFIED., .F., .T. ) 
 B_SPLINE_CURVE_WITH_KNOTS ( ( 3, 2, 2, 2, 3 ),
 ( 0.7857142857142857000, 0.7946428571428571000, 0.8035714285714286000, 0.8125000000000001100, 0.8214285714285715100 ),
 .UNSPECIFIED. ) 
 CURVE ( )  GEOMETRIC_REPRESENTATION_ITEM ( )  RATIONAL_B_SPLINE_CURVE ( ( 1.000000000000000000, 0.9238795325112867400, 1.000000000000000000, 0.9238795325112867400, 1.000000000000000000, 0.9238795325112867400, 1.000000000000000000, 0.9238795325112857400, 1.000000000000000900 ) ) 
 REPRESENTATION_ITEM ( '' )  );
#1334 = CARTESIAN_POINT ( 'NONE',  ( -2.350480947161672300, 0.9736010864139191800, -1.187500000000000000 ) ) ;
#1335 = CARTESIAN_POINT ( 'NONE',  ( -0.9736010864139230700, 2.350480947161670600, -8.437500000000000000 ) ) ;
#1336 = EDGE_CURVE ( 'NONE', #2542, #1609, #1757, .T. ) ;
#1337 = CARTESIAN_POINT ( 'NONE',  ( -1.201430968953211900, 2.026177636061413400, 4.700000000000000200 ) ) ;
#1338 = CARTESIAN_POINT ( 'NONE',  ( -1.265060653844733100, -3.054126587736534700, 4.531249999999994700 ) ) ;
#1339 = CARTESIAN_POINT ( 'NONE',  ( 0.0000000000000000000, 6.279894725374701700E-016, -8.000000000000000000 ) ) ;
#1340 = CARTESIAN_POINT ( 'NONE',  ( 2.350480947161672300, -4.189321561343935500E-015, -1.625000000000000700 ) ) ;
#1341 = VECTOR ( 'NONE', #2318, 1000.000000000000100 ) ;
#1342 = CARTESIAN_POINT ( 'NONE',  ( 2.350480947161671900, 0.9736010864139211800, -6.687500000000000900 ) ) ;
#1343 = VECTOR ( 'NONE', #1836, 1000.000000000000000 ) ;
#1344 = DIRECTION ( 'NONE',  ( -0.0000000000000000000, 1.224646799147353200E-016, -1.000000000000000000 ) ) ;
#1345 = LINE ( 'NONE', #133, #2991 ) ;
#1346 = LOCAL_TIME ( 13, 42, 39.00000000000000000, #1310 ) ;
#1347 = EDGE_CURVE ( 'NONE', #3079, #324, #2005, .T. ) ;
#1348 = CARTESIAN_POINT ( 'NONE',  ( 2.350469022712048600, 0.007487071597012486000, -7.749519052838329500 ) ) ;
#1349 = CARTESIAN_POINT ( 'NONE',  ( 0.0000000000000000000, 3.000000000000000900, -2.875000000000003600 ) ) ;
#1350 = DIRECTION ( 'NONE',  ( 0.0000000000000000000, 1.000000000000000000, 0.0000000000000000000 ) ) ;
#1351 = CARTESIAN_POINT ( 'NONE',  ( -2.350480947161672300, -0.9736010864139264000, -2.062500000000000000 ) ) ;
#1352 = ORIENTED_EDGE ( 'NONE', *, *, #1336, .F. ) ;
#1353 = AXIS2_PLACEMENT_3D ( 'NONE', #2781, #1043, #3343 ) ;
#1354 = CARTESIAN_POINT ( 'NONE',  ( -1.662041016787797500, 1.662041016787795700, -7.375000000000000900 ) ) ;
#1355 = CARTESIAN_POINT ( 'NONE',  ( 0.9736010864139224000, -2.350480947161674500, -7.812500000000000000 ) ) ;
#1356 = VERTEX_POINT ( 'NONE', #1070 ) ;
#1357 = DIRECTION ( 'NONE',  ( -0.0000000000000000000, 1.224646799147353200E-016, -1.000000000000000000 ) ) ;
#1358 = DIRECTION ( 'NONE',  ( -0.0000000000000000000, 1.224646799147353200E-016, -1.000000000000000000 ) ) ;
#1359 = CARTESIAN_POINT ( 'NONE',  ( 3.000000000000011100, 1.242640687119288100, -5.062500000000009800 ) ) ;
#1360 = CARTESIAN_POINT ( 'NONE',  ( 3.000000000000002700, -5.254394170776304400E-015, 1.750000000000000400 ) ) ;
#1361 = CARTESIAN_POINT ( 'NONE',  ( -2.350480947161672300, -4.559377662740077600E-015, 1.749999999999999800 ) ) ;
#1362 = CARTESIAN_POINT ( 'NONE',  ( 0.9736010864139224000, -2.350480947161676800, -0.8125000000000006700 ) ) ;
#1363 = CARTESIAN_POINT ( 'NONE',  ( 0.9736010864139245100, 2.350480947161669700, -7.562500000000000900 ) ) ;
#1364 = CARTESIAN_POINT ( 'NONE',  ( -0.9736010864139231800, -2.350480947161673700, -7.937500000000000900 ) ) ;
#1365 = ORIENTED_EDGE ( 'NONE', *, *, #438, .T. ) ;
#1366 = DIRECTION ( 'NONE',  ( -0.0000000000000000000, 1.224646799147353200E-016, -1.000000000000000000 ) ) ;
#1367 = CARTESIAN_POINT ( 'NONE',  ( -2.350480947161672300, 0.9736010864139190700, -1.312500000000000400 ) ) ;
#1368 = ORIENTED_EDGE ( 'NONE', *, *, #1787, .T. ) ;
#1369 = CARTESIAN_POINT ( 'NONE',  ( 1.584086325602837900, 1.858815133087230900, -7.662893601038459400 ) ) ;
#1370 =( BOUNDED_CURVE ( )  B_SPLINE_CURVE ( 2, ( #2040, #2322, #250, #856, #3143, #3428, #2891, #1438, #1152 ),
 .UNSPECIFIED., .F., .F. ) 
 B_SPLINE_CURVE_WITH_KNOTS ( ( 3, 2, 2, 2, 3 ),
 ( 0.1071428571428572900, 0.1160714285714286900, 0.1250000000000000800, 0.1339285714285714500, 0.1428571428571428500 ),
 .UNSPECIFIED. ) 
 CURVE ( )  GEOMETRIC_REPRESENTATION_ITEM ( )  RATIONAL_B_SPLINE_CURVE ( ( 0.9999999999999986700, 0.9238795325112880700, 1.000000000000000000, 0.9238795325112867400, 1.000000000000000000, 0.9238795325112867400, 1.000000000000000000, 0.9238795325112867400, 1.000000000000000000 ) ) 
 REPRESENTATION_ITEM ( '' )  );
#1371 = CARTESIAN_POINT ( 'NONE',  ( 3.000000000000002700, -3.573046801752630900E-015, -4.249999999999999100 ) ) ;
#1372 = CARTESIAN_POINT ( 'NONE',  ( -1.662041016787797700, -1.662041016787801300, -1.125000000000000200 ) ) ;
#1373 =( BOUNDED_SURFACE ( )  B_SPLINE_SURFACE ( 1, 2, ( 
 ( #3176, #2019, #271, #1446, #3502, #3193, #1802, #2314, #2622, #3251, #1773, #2331, #2373, #18, #3240, #580, #2348, #315, #2607, #2361, #2033, #610, #887, #876, #3459, #301, #1178, #926, #2900, #623, #2636, #900, #46, #3515, #592, #2959, #1745, #2915, #1789, #2066, #285, #2049, #1162, #1501, #59, #2088, #3208, #1474, #3486, #2650, #33, #1220, #1461, #3472, #913, #2930, #2946, #1194, #3224, #1758, #1487, #2078, #339, #637, #2662, #1204, #6, #327, #3001, #968, #3279, #1259, #1817, #2113, #94, #72, #1544, #1525, #2687, #1830, #3569, #1513, #3292, #676, #3266, #2099, #354, #1555, #2701, #3525, #2385, #386, #2989, #648, #3552, #371, #2414, #2673, #939, #2978, #1231, #1841, #3540, #83, #663, #2128, #1246, #2403, #956, #1884, #138, #833, #3474, #540, #1147, #864, #3164, #850, #2301, #567, #3705, #1110, #593, #2008, #2866, #2333, #1714, #1759, #7, #3717, #581, #2886, #2570, #1163, #1698, #260, #2623, #1134, #2287, #19, #3152, #2608, #1996, #1729, #3450, #246, #1747, #1411, #3733, #555, #2277, #2842, #3437, #2581, #303, #2854, #2034, #2020, #273, #3178, #2902, #1434, #3137, #3422, #2594, #1447, #3460, #1121, #1423, #287, #877, #3195, #1462, #2316, #2051, #1195, #73, #1488, #2114, #34, #901, #2100, #1206, #1818, #2375, #3503, #2349, #2931, #2948, #2979, #649, #1831, #356, #2674, #2079, #1526, #3267, #2961, #84, #3209, #3241, #2386, #1476, #1221, #328, #60, #625, #664, #889, #372, #940, #1791, #3487, #1774, #1232, #3541, #2404, #1514, #2663, #914, #2916 ),
 ( #48, #1179, #2068, #316, #2638, #611, #341, #2363, #3226, #2651, #2089, #1502, #3516, #1804, #3252, #927, #638, #3527, #2144, #400, #3280, #2688, #957, #3002, #1556, #2990, #969, #2729, #1569, #1260, #120, #3011, #387, #2444, #3553, #3293, #1247, #2429, #3570, #1545, #1855, #993, #2415, #980, #2715, #677, #2153, #95, #1274, #108, #2702, #1843, #692, #3305, #2129, #706, #3580, #1867, #413, #2851, #2284, #2312, #1119, #1725, #1160, #1444, #1421, #1432, #3435, #885, #3207, #1473, #3448, #564, #3162, #2048, #3730, #314, #2004, #2864, #300, #3175, #17, #579, #2018, #552, #1131, #1145, #1177, #2621, #31, #2330, #2914, #270, #3485, #1772, #3192, #2065, #1711, #3458, #591, #3715, #1460, #2298, #2032, #2592, #2635, #3149, #2346, #609, #862, #258, #2579, #847, #2882, #1744, #3471, #875, #5, #284, #2605, #2899, #1756, #1543, #3539, #647, #353, #58, #2928, #1193, #3223, #2649, #2077, #2384, #3513, #2686, #899, #71, #912, #3551, #2360, #2977, #2672, #1219, #2660, #937, #1230, #1788, #1486, #2413, #2087, #925, #385, #1801, #1840, #1829, #338, #2402, #3265, #621, #2987, #3501, #2372, #675, #2958, #636, #93, #1203, #662, #45, #3524, #1512, #326, #81, #2945, #1815, #3250, #3239, #1500, #2098, #1524, #2126, #2112, #370, #955, #1245, #3278, #2700, #2143, #2164, #967, #1568, #1004, #1286, #1257, #1273, #3291, #729, #3046, #1311, #3303, #412, #3010, #1892, #3579, #158, #1854, #2714, #144, #3023, #3602, #425, #1866, #398, #979, #992, #1018, #2464, #3614, #2175, #2750 ) ),
 .UNSPECIFIED., .F., .F., .T. ) 
 B_SPLINE_SURFACE_WITH_KNOTS ( ( 2, 2 ),
 ( 3, 2, 2, 2, 2, 2, 2, 2, 2, 2, 2, 2, 2, 2, 2, 2, 2, 2, 2, 2, 2, 2, 2, 2, 2, 2, 2, 2, 2, 2, 2, 2, 2, 2, 2, 2, 2, 2, 2, 2, 2, 2, 2, 2, 2, 2, 2, 2, 2, 2, 2, 2, 2, 2, 2, 2, 2, 2, 2, 2, 2, 2, 2, 2, 2, 2, 2, 2, 2, 2, 2, 2, 2, 2, 2, 2, 2, 2, 2, 2, 2, 2, 2, 2, 2, 2, 2, 2, 2, 2, 2, 2, 2, 2, 2, 2, 2, 2, 2, 2, 2, 2, 2, 2, 2, 2, 2, 2, 2, 2, 3 ),
 ( 0.0000000000000000000, 1.000000000000000000 ),
 ( 0.0000000000000000000, 0.008928571428571428100, 0.01785714285714285600, 0.02678571428571428400, 0.03571428571428571200, 0.04464285714285714400, 0.05357142857142856800, 0.06250000000000000000, 0.07142857142857142500, 0.08035714285714286300, 0.08928571428571428800, 0.09821428571428571200, 0.1071428571428571400, 0.1160714285714285800, 0.1250000000000000000, 0.1339285714285714200, 0.1428571428571428500, 0.1517857142857142700, 0.1607142857142857300, 0.1696428571428571500, 0.1785714285714285800, 0.1875000000000000000, 0.1964285714285714200, 0.2053571428571428500, 0.2142857142857142700, 0.2232142857142857300, 0.2321428571428571500, 0.2410714285714285800, 0.2500000000000000000, 0.2589285714285714500, 0.2678571428571428500, 0.2767857142857143000, 0.2857142857142857000, 0.2946428571428571500, 0.3035714285714285500, 0.3125000000000000000, 0.3214285714285714500, 0.3303571428571428500, 0.3392857142857143000, 0.3482142857142857000, 0.3571428571428571500, 0.3660714285714285500, 0.3750000000000000000, 0.3839285714285714500, 0.3928571428571428500, 0.4017857142857143000, 0.4107142857142857000, 0.4196428571428571500, 0.4285714285714285500, 0.4375000000000000000, 0.4464285714285714500, 0.4553571428571428500, 0.4642857142857143000, 0.4732142857142857000, 0.4821428571428571500, 0.4910714285714285500, 0.5000000000000000000, 0.5089285714285714000, 0.5178571428571429000, 0.5267857142857143000, 0.5357142857142857000, 0.5446428571428571000, 0.5535714285714286000, 0.5625000000000000000, 0.5714285714285714000, 0.5803571428571429000, 0.5892857142857143000, 0.5982142857142857000, 0.6071428571428571000, 0.6160714285714286000, 0.6250000000000000000, 0.6339285714285714000, 0.6428571428571429000, 0.6517857142857143000, 0.6607142857142857000, 0.6696428571428571000, 0.6785714285714286000, 0.6875000000000000000, 0.6964285714285714000, 0.7053571428571429000, 0.7142857142857143000, 0.7232142857142857000, 0.7321428571428571000, 0.7410714285714286000, 0.7500000000000000000, 0.7589285714285714000, 0.7678571428571429000, 0.7767857142857143000, 0.7857142857142857000, 0.7946428571428571000, 0.8035714285714286000, 0.8125000000000000000, 0.8214285714285714000, 0.8303571428571429000, 0.8392857142857143000, 0.8482142857142857000, 0.8571428571428571000, 0.8660714285714286000, 0.8750000000000000000, 0.8839285714285714000, 0.8928571428571429000, 0.9017857142857143000, 0.9107142857142857000, 0.9196428571428571000, 0.9285714285714286000, 0.9375000000000000000, 0.9464285714285714000, 0.9553571428571429000, 0.9642857142857143000, 0.9732142857142857000, 0.9785603320548580400 ),
 .UNSPECIFIED. ) 
 GEOMETRIC_REPRESENTATION_ITEM ( )  RATIONAL_B_SPLINE_SURFACE ( (
 ( 1.000000000000000000, 0.9238795325112867400, 1.000000000000000000, 0.9238795325112867400, 1.000000000000000000, 0.9238795325112867400, 1.000000000000000000, 0.9238795325112867400, 1.000000000000000000, 0.9238795325112867400, 1.000000000000000000, 0.9238795325112867400, 1.000000000000000000, 0.9238795325112867400, 1.000000000000000000, 0.9238795325112867400, 1.000000000000000000, 0.9238795325112867400, 1.000000000000000000, 0.9238795325112867400, 1.000000000000000000, 0.9238795325112867400, 1.000000000000000000, 0.9238795325112867400, 1.000000000000000000, 0.9238795325112867400, 1.000000000000000000, 0.9238795325112867400, 1.000000000000000000, 0.9238795325112867400, 1.000000000000000000, 0.9238795325112867400, 1.000000000000000000, 0.9238795325112867400, 1.000000000000000000, 0.9238795325112867400, 1.000000000000000000, 0.9238795325112867400, 1.000000000000000000, 0.9238795325112867400, 1.000000000000000000, 0.9238795325112867400, 1.000000000000000000, 0.9238795325112867400, 1.000000000000000000, 0.9238795325112867400, 1.000000000000000000, 0.9238795325112867400, 1.000000000000000000, 0.9238795325112867400, 1.000000000000000000, 0.9238795325112867400, 1.000000000000000000, 0.9238795325112867400, 1.000000000000000000, 0.9238795325112867400, 1.000000000000000000, 0.9238795325112867400, 1.000000000000000000, 0.9238795325112867400, 1.000000000000000000, 0.9238795325112867400, 1.000000000000000000, 0.9238795325112867400, 1.000000000000000000, 0.9238795325112867400, 1.000000000000000000, 0.9238795325112867400, 1.000000000000000000, 0.9238795325112867400, 1.000000000000000000, 0.9238795325112867400, 1.000000000000000000, 0.9238795325112867400, 1.000000000000000000, 0.9238795325112867400, 1.000000000000000000, 0.9238795325112867400, 1.000000000000000000, 0.9238795325112867400, 1.000000000000000000, 0.9238795325112867400, 1.000000000000000000, 0.9238795325112867400, 1.000000000000000000, 0.9238795325112867400, 1.000000000000000000, 0.9238795325112867400, 1.000000000000000000, 0.9238795325112867400, 1.000000000000000000, 0.9238795325112867400, 1.000000000000000000, 0.9238795325112867400, 1.000000000000000000, 0.9238795325112867400, 1.000000000000000000, 0.9238795325112867400, 1.000000000000000000, 0.9238795325112867400, 1.000000000000000000, 0.9238795325112867400, 1.000000000000000000, 0.9238795325112867400, 1.000000000000000000, 0.9238795325112867400, 1.000000000000000000, 0.9238795325112867400, 1.000000000000000000, 0.9238795325112867400, 1.000000000000000000, 0.9238795325112867400, 1.000000000000000000, 0.9238795325112867400, 1.000000000000000000, 0.9238795325112867400, 1.000000000000000000, 0.9238795325112867400, 1.000000000000000000, 0.9238795325112867400, 1.000000000000000000, 0.9238795325112867400, 1.000000000000000000, 0.9238795325112867400, 1.000000000000000000, 0.9238795325112867400, 1.000000000000000000, 0.9238795325112867400, 1.000000000000000000, 0.9238795325112867400, 1.000000000000000000, 0.9238795325112867400, 1.000000000000000000, 0.9238795325112867400, 1.000000000000000000, 0.9238795325112867400, 1.000000000000000000, 0.9238795325112867400, 1.000000000000000000, 0.9238795325112867400, 1.000000000000000000, 0.9238795325112867400, 1.000000000000000000, 0.9238795325112867400, 1.000000000000000000, 0.9238795325112867400, 1.000000000000000000, 0.9238795325112867400, 1.000000000000000000, 0.9238795325112867400, 1.000000000000000000, 0.9238795325112867400, 1.000000000000000000, 0.9238795325112867400, 1.000000000000000000, 0.9238795325112867400, 1.000000000000000000, 0.9238795325112867400, 1.000000000000000000, 0.9238795325112867400, 1.000000000000000000, 0.9238795325112867400, 1.000000000000000000, 0.9238795325112867400, 1.000000000000000000, 0.9238795325112867400, 1.000000000000000000, 0.9238795325112867400, 1.000000000000000000, 0.9238795325112867400, 1.000000000000000000, 0.9238795325112867400, 1.000000000000000000, 0.9238795325112867400, 1.000000000000000000, 0.9238795325112867400, 1.000000000000000000, 0.9238795325112867400, 1.000000000000000000, 0.9238795325112867400, 1.000000000000000000, 0.9238795325112867400, 1.000000000000000000, 0.9238795325112867400, 1.000000000000000000, 0.9238795325112867400, 1.000000000000000000, 0.9238795325112867400, 1.000000000000000000, 0.9238795325112867400, 1.000000000000000000, 0.9238795325112867400, 1.000000000000000000, 0.9238795325112867400, 1.000000000000000000, 0.9238795325112867400, 1.000000000000000000, 0.9238795325112867400, 1.000000000000000000, 0.9238795325112867400, 1.000000000000000000, 0.9238795325112867400, 1.000000000000000000, 0.9238795325112867400, 1.000000000000000000, 0.9238795325112867400, 1.000000000000000000, 0.9238795325112867400, 1.000000000000000000, 0.9238795325112867400, 1.000000000000000000, 0.9238795325112867400, 1.000000000000000000, 0.9238795325112867400, 1.000000000000000000, 0.9238795325112867400, 1.000000000000000000, 0.9238795325112867400, 1.000000000000000000, 0.9544223227740024100, 0.9634245694462713100),
 ( 1.000000000000000000, 0.9238795325112867400, 1.000000000000000000, 0.9238795325112867400, 1.000000000000000000, 0.9238795325112867400, 1.000000000000000000, 0.9238795325112867400, 1.000000000000000000, 0.9238795325112867400, 1.000000000000000000, 0.9238795325112867400, 1.000000000000000000, 0.9238795325112867400, 1.000000000000000000, 0.9238795325112867400, 1.000000000000000000, 0.9238795325112867400, 1.000000000000000000, 0.9238795325112867400, 1.000000000000000000, 0.9238795325112867400, 1.000000000000000000, 0.9238795325112867400, 1.000000000000000000, 0.9238795325112867400, 1.000000000000000000, 0.9238795325112867400, 1.000000000000000000, 0.9238795325112867400, 1.000000000000000000, 0.9238795325112867400, 1.000000000000000000, 0.9238795325112867400, 1.000000000000000000, 0.9238795325112867400, 1.000000000000000000, 0.9238795325112867400, 1.000000000000000000, 0.9238795325112867400, 1.000000000000000000, 0.9238795325112867400, 1.000000000000000000, 0.9238795325112867400, 1.000000000000000000, 0.9238795325112867400, 1.000000000000000000, 0.9238795325112867400, 1.000000000000000000, 0.9238795325112867400, 1.000000000000000000, 0.9238795325112867400, 1.000000000000000000, 0.9238795325112867400, 1.000000000000000000, 0.9238795325112867400, 1.000000000000000000, 0.9238795325112867400, 1.000000000000000000, 0.9238795325112867400, 1.000000000000000000, 0.9238795325112867400, 1.000000000000000000, 0.9238795325112867400, 1.000000000000000000, 0.9238795325112867400, 1.000000000000000000, 0.9238795325112867400, 1.000000000000000000, 0.9238795325112867400, 1.000000000000000000, 0.9238795325112867400, 1.000000000000000000, 0.9238795325112867400, 1.000000000000000000, 0.9238795325112867400, 1.000000000000000000, 0.9238795325112867400, 1.000000000000000000, 0.9238795325112867400, 1.000000000000000000, 0.9238795325112867400, 1.000000000000000000, 0.9238795325112867400, 1.000000000000000000, 0.9238795325112867400, 1.000000000000000000, 0.9238795325112867400, 1.000000000000000000, 0.9238795325112867400, 1.000000000000000000, 0.9238795325112867400, 1.000000000000000000, 0.9238795325112867400, 1.000000000000000000, 0.9238795325112867400, 1.000000000000000000, 0.9238795325112867400, 1.000000000000000000, 0.9238795325112867400, 1.000000000000000000, 0.9238795325112867400, 1.000000000000000000, 0.9238795325112867400, 1.000000000000000000, 0.9238795325112867400, 1.000000000000000000, 0.9238795325112867400, 1.000000000000000000, 0.9238795325112867400, 1.000000000000000000, 0.9238795325112867400, 1.000000000000000000, 0.9238795325112867400, 1.000000000000000000, 0.9238795325112867400, 1.000000000000000000, 0.9238795325112867400, 1.000000000000000000, 0.9238795325112867400, 1.000000000000000000, 0.9238795325112867400, 1.000000000000000000, 0.9238795325112867400, 1.000000000000000000, 0.9238795325112867400, 1.000000000000000000, 0.9238795325112867400, 1.000000000000000000, 0.9238795325112867400, 1.000000000000000000, 0.9238795325112867400, 1.000000000000000000, 0.9238795325112867400, 1.000000000000000000, 0.9238795325112867400, 1.000000000000000000, 0.9238795325112867400, 1.000000000000000000, 0.9238795325112867400, 1.000000000000000000, 0.9238795325112867400, 1.000000000000000000, 0.9238795325112867400, 1.000000000000000000, 0.9238795325112867400, 1.000000000000000000, 0.9238795325112867400, 1.000000000000000000, 0.9238795325112867400, 1.000000000000000000, 0.9238795325112867400, 1.000000000000000000, 0.9238795325112867400, 1.000000000000000000, 0.9238795325112867400, 1.000000000000000000, 0.9238795325112867400, 1.000000000000000000, 0.9238795325112867400, 1.000000000000000000, 0.9238795325112867400, 1.000000000000000000, 0.9238795325112867400, 1.000000000000000000, 0.9238795325112867400, 1.000000000000000000, 0.9238795325112867400, 1.000000000000000000, 0.9238795325112867400, 1.000000000000000000, 0.9238795325112867400, 1.000000000000000000, 0.9238795325112867400, 1.000000000000000000, 0.9238795325112867400, 1.000000000000000000, 0.9238795325112867400, 1.000000000000000000, 0.9238795325112867400, 1.000000000000000000, 0.9238795325112867400, 1.000000000000000000, 0.9238795325112867400, 1.000000000000000000, 0.9238795325112867400, 1.000000000000000000, 0.9238795325112867400, 1.000000000000000000, 0.9238795325112867400, 1.000000000000000000, 0.9238795325112867400, 1.000000000000000000, 0.9238795325112867400, 1.000000000000000000, 0.9238795325112867400, 1.000000000000000000, 0.9238795325112867400, 1.000000000000000000, 0.9238795325112867400, 1.000000000000000000, 0.9238795325112867400, 1.000000000000000000, 0.9238795325112867400, 1.000000000000000000, 0.9238795325112867400, 1.000000000000000000, 0.9238795325112867400, 1.000000000000000000, 0.9238795325112867400, 1.000000000000000000, 0.9238795325112867400, 1.000000000000000000, 0.9238795325112867400, 1.000000000000000000, 0.9238795325112867400, 1.000000000000000000, 0.9238795325112867400, 1.000000000000000000, 0.9544223227740024100, 0.9634245694462713100) ) ) 
 REPRESENTATION_ITEM ( '' )  SURFACE ( )  );
#1374 = CARTESIAN_POINT ( 'NONE',  ( 0.9736010864139245100, 2.350480947161666600, 3.437499999999999600 ) ) ;
#1375 = CARTESIAN_POINT ( 'NONE',  ( -2.350480947161672300, -0.9736010864139285100, 4.937500000000000900 ) ) ;
#1376 = CARTESIAN_POINT ( 'NONE',  ( -0.9736010864139230700, 2.350480947161670100, -7.312500000000000900 ) ) ;
#1377 = B_SPLINE_CURVE_WITH_KNOTS ( 'NONE', 3,
 ( #3442, #1704, #507, #2873, #2013, #2532, #3415, #561, #3455, #215, #1692, #267 ),
 .UNSPECIFIED., .F., .F.,
 ( 4, 2, 2, 2, 2, 4 ),
 ( 2.544349856206940000E-007, 0.0005966331004600536400, 0.0008948224331972699200, 0.001193011765934486300, 0.001789390431408918400, 0.002385769096883349700 ),
 .UNSPECIFIED. ) ;
#1378 = EDGE_CURVE ( 'NONE', #1078, #1289, #3341, .T. ) ;
#1379 = CARTESIAN_POINT ( 'NONE',  ( 3.000000000000002700, -4.413720486264468500E-015, -1.249999999999999800 ) ) ;
#1380 = LINE ( 'NONE', #2059, #3599 ) ;
#1381 = AXIS2_PLACEMENT_3D ( 'NONE', #2118, #288, #2021 ) ;
#1382 = CARTESIAN_POINT ( 'NONE',  ( 2.350480947161671900, -0.9736010864139276200, -2.812500000000001300 ) ) ;
#1383 = CARTESIAN_POINT ( 'NONE',  ( -0.9736010864139232900, -2.350480947161675900, -3.062500000000000000 ) ) ;
#1384 = ADVANCED_FACE ( 'NONE', ( #1860 ), #2521, .F. ) ;
#1385 = CARTESIAN_POINT ( 'NONE',  ( 3.000000000000010200, -1.242640687119294500, -5.187500000000009800 ) ) ;
#1386 = VECTOR ( 'NONE', #3339, 1000.000000000000000 ) ;
#1387 = CARTESIAN_POINT ( 'NONE',  ( 0.0000000000000000000, 6.000000000000000900, -8.000000000000000000 ) ) ;
#1388 = CARTESIAN_POINT ( 'NONE',  ( 1.662041016787797500, -1.662041016787801900, 0.1250000000000001100 ) ) ;
#1389 = CARTESIAN_POINT ( 'NONE',  ( -2.350480947161672300, 0.9736010864139177400, 3.687499999999999600 ) ) ;
#1390 = CIRCLE ( 'NONE', #210, 2.309401076758501100 ) ;
#1391 = CARTESIAN_POINT ( 'NONE',  ( -1.662041016787797700, -1.662041016787802600, 2.999999999999999100 ) ) ;
#1392 = CARTESIAN_POINT ( 'NONE',  ( -0.9736010864139230700, 2.350480947161669700, -5.437500000000001800 ) ) ;
#1393 = CARTESIAN_POINT ( 'NONE',  ( -2.350480947161672300, -2.632833802400449600E-015, -5.125000000000000000 ) ) ;
#1394 = CARTESIAN_POINT ( 'NONE',  ( -0.9736010864139231800, 2.350480947161667400, 4.562500000000000000 ) ) ;
#1395 = CARTESIAN_POINT ( 'NONE',  ( -3.673940397442062800E-016, -3.000000000000005800, -4.500000000000000000 ) ) ;
#1396 = EDGE_CURVE ( 'NONE', #2047, #2542, #839, .T. ) ;
#1397 = CARTESIAN_POINT ( 'NONE',  ( -2.350480947161672300, -0.9736010864139259500, -4.187500000000000000 ) ) ;
#1398 = ORIENTED_EDGE ( 'NONE', *, *, #566, .F. ) ;
#1399 = CARTESIAN_POINT ( 'NONE',  ( -2.878508968398380700E-016, -2.350480947161675900, -3.000000000000000900 ) ) ;
#1400 = AXIS2_PLACEMENT_3D ( 'NONE', #920, #1238, #2954 ) ;
#1401 = CARTESIAN_POINT ( 'NONE',  ( -2.000000000000000000, 1.154700538379252400, 5.690000000000000400 ) ) ;
#1402 = CARTESIAN_POINT ( 'NONE',  ( -2.121320343559642400, 2.121320343559637500, 4.249999999999997300 ) ) ;
#1403 = ORIENTED_EDGE ( 'NONE', *, *, #763, .T. ) ;
#1404 = CARTESIAN_POINT ( 'NONE',  ( 1.662041016787797900, 1.662041016787792100, 3.374999999999999600 ) ) ;
#1405 = CARTESIAN_POINT ( 'NONE',  ( -1.662041016787797700, -1.662041016787802100, 2.000000000000000000 ) ) ;
#1406 = EDGE_CURVE ( 'NONE', #587, #2370, #2787, .T. ) ;
#1407 = ADVANCED_FACE ( 'NONE', ( #3557 ), #1814, .T. ) ;
#1408 = CARTESIAN_POINT ( 'NONE',  ( 1.662041016787797900, 1.662041016787794600, -5.625000000000000900 ) ) ;
#1409 = CARTESIAN_POINT ( 'NONE',  ( -1.662041016787797700, -1.662041016787800400, -5.000000000000000900 ) ) ;
#1410 = CARTESIAN_POINT ( 'NONE',  ( -3.673940397442054900E-016, -2.999999999999999100, -2.375000000000002200 ) ) ;
#1411 = CARTESIAN_POINT ( 'NONE',  ( -3.054126587736528900, 1.265060653844728700, 1.218749999999999300 ) ) ;
#1412 = CARTESIAN_POINT ( 'NONE',  ( 2.350480947161672300, -4.154293491155943200E-015, -1.750000000000000700 ) ) ;
#1413 = CARTESIAN_POINT ( 'NONE',  ( 0.9736010864139245100, 2.350480947161668800, -4.562500000000001800 ) ) ;
#1414 = CARTESIAN_POINT ( 'NONE',  ( 2.335915417914073100, -0.3029775858382305300, -7.749519052838329500 ) ) ;
#1415 = VERTEX_POINT ( 'NONE', #3138 ) ;
#1416 = ORIENTED_EDGE ( 'NONE', *, *, #1613, .F. ) ;
#1417 = CARTESIAN_POINT ( 'NONE',  ( 0.0000000000000000000, 3.000000000000000400, -8.000000000000000000 ) ) ;
#1418 = CARTESIAN_POINT ( 'NONE',  ( 2.159593620790631000, 2.159593620790628300, -8.031250000000001800 ) ) ;
#1419 = CARTESIAN_POINT ( 'NONE',  ( -0.9736010864139232900, -2.350480947161676800, 1.062499999999999100 ) ) ;
#1420 = ORIENTED_EDGE ( 'NONE', *, *, #2805, .F. ) ;
#1421 = CARTESIAN_POINT ( 'NONE',  ( -1.662041016787797500, 1.662041016787794600, -4.250000000000000000 ) ) ;
#1422 = CARTESIAN_POINT ( 'NONE',  ( 0.9736010864139245100, 2.350480947161667400, 2.437500000000000400 ) ) ;
#1423 = CARTESIAN_POINT ( 'NONE',  ( -3.740226349862368200E-016, -3.054126587736534200, 2.531250000000000400 ) ) ;
#1424 = CARTESIAN_POINT ( 'NONE',  ( -3.673940397442055400E-016, -2.999999999999999100, -4.375000000000001800 ) ) ;
#1425 = CARTESIAN_POINT ( 'NONE',  ( 1.662041016787797900, 1.662041016787793700, -2.625000000000000400 ) ) ;
#1426 = CARTESIAN_POINT ( 'NONE',  ( 2.350480947161672300, -4.154293491155943200E-015, -1.750000000000000700 ) ) ;
#1427 = CARTESIAN_POINT ( 'NONE',  ( -1.242640687112921600, -3.000000000006807000, 1.562500000000278200 ) ) ;
#1428 = PLANE ( 'NONE',  #2050 ) ;
#1429 = AXIS2_PLACEMENT_3D ( 'NONE', #306, #3494, #2922 ) ;
#1430 = CARTESIAN_POINT ( 'NONE',  ( -2.159593620790631000, -2.159593620790632300, -8.531250000000005300 ) ) ;
#1431 = CARTESIAN_POINT ( 'NONE',  ( 0.9736010864139224000, -2.350480947161677700, 3.187499999999999600 ) ) ;
#1432 = CARTESIAN_POINT ( 'NONE',  ( -2.350480947161672300, 0.9736010864139201800, -4.187500000000000000 ) ) ;
#1433 = FACE_OUTER_BOUND ( 'NONE', #1017, .T. ) ;
#1434 = CARTESIAN_POINT ( 'NONE',  ( -1.265060653844732700, 3.054126587736524000, 2.093750000000000000 ) ) ;
#1435 = FACE_OUTER_BOUND ( 'NONE', #2104, .T. ) ;
#1436 = CARTESIAN_POINT ( 'NONE',  ( 1.662041016787797900, 1.662041016787792400, 2.375000000000000400 ) ) ;
#1437 = CARTESIAN_POINT ( 'NONE',  ( 1.662041016787797500, -1.662041016787801500, -1.875000000000000900 ) ) ;
#1438 = CARTESIAN_POINT ( 'NONE',  ( 1.242640687119288500, 2.999999999999999600, -6.062499999999999100 ) ) ;
#1439 = DIRECTION ( 'NONE',  ( 1.000000000000000000, 0.0000000000000000000, -0.0000000000000000000 ) ) ;
#1440 = LINE ( 'NONE', #2353, #793 ) ;
#1441 = CARTESIAN_POINT ( 'NONE',  ( 1.999999999999999600, -1.154700538379253000, 5.690000000000000400 ) ) ;
#1442 = CARTESIAN_POINT ( 'NONE',  ( 1.265060653844735100, 3.054126587736526200, -5.968750000000002700 ) ) ;
#1443 = CARTESIAN_POINT ( 'NONE',  ( 0.0000000000000000000, 2.350480947161667400, 2.624999999999998700 ) ) ;
#1444 = CARTESIAN_POINT ( 'NONE',  ( -0.9736010864139230700, 2.350480947161669200, -4.312500000000000900 ) ) ;
#1445 =( BOUNDED_CURVE ( )  B_SPLINE_CURVE ( 2, ( #2944, #2658, #2957, #2897, #1458, #2122, #3536, #3289, #3276 ),
 .UNSPECIFIED., .F., .F. ) 
 B_SPLINE_CURVE_WITH_KNOTS ( ( 3, 2, 2, 2, 3 ),
 ( 0.3928571428571429600, 0.4017857142857144100, 0.4107142857142857500, 0.4196428571428572100, 0.4285714285714285500 ),
 .UNSPECIFIED. ) 
 CURVE ( )  GEOMETRIC_REPRESENTATION_ITEM ( )  RATIONAL_B_SPLINE_CURVE ( ( 0.9999999999999990000, 0.9238795325112877400, 1.000000000000000000, 0.9238795325112867400, 1.000000000000000000, 0.9238795325112867400, 1.000000000000000000, 0.9238795325112867400, 1.000000000000000000 ) ) 
 REPRESENTATION_ITEM ( '' )  );
#1446 = CARTESIAN_POINT ( 'NONE',  ( -3.054126587736528900, 1.265060653844731300, -7.781250000000000000 ) ) ;
#1447 = CARTESIAN_POINT ( 'NONE',  ( -3.054126587736528900, -1.265060653844737500, 2.343750000000000400 ) ) ;
#1448 = ORIENTED_EDGE ( 'NONE', *, *, #874, .F. ) ;
#1449 = CARTESIAN_POINT ( 'NONE',  ( -2.122013208818061900, -1.763971251198219100, -7.362531620776652900 ) ) ;
#1450 = CARTESIAN_POINT ( 'NONE',  ( -2.878508968398380700E-016, -2.350480947161676300, -1.000000000000000900 ) ) ;
#1451 = CARTESIAN_POINT ( 'NONE',  ( -0.9736010864139231800, 2.350480947161667900, -0.4375000000000003900 ) ) ;
#1452 = EDGE_LOOP ( 'NONE', ( #2063, #2043, #1926, #501 ) ) ;
#1453 = CARTESIAN_POINT ( 'NONE',  ( 1.242640687119109100, 3.000000000000613700, 2.062499999999841500 ) ) ;
#1454 = CARTESIAN_POINT ( 'NONE',  ( 1.999999999999999600, -0.9758125830635400200, 7.910556022342150100 ) ) ;
#1455 = CARTESIAN_POINT ( 'NONE',  ( 2.999999999999999600, -5.849871363972188700E-015, 3.874999999999997800 ) ) ;
#1456 = CARTESIAN_POINT ( 'NONE',  ( -3.000000000000251800, 1.242640687119386200, -3.687500000000148300 ) ) ;
#1457 = CARTESIAN_POINT ( 'NONE',  ( -3.054126587736528900, -1.265060653844735100, -7.593750000000004400 ) ) ;
#1458 = CARTESIAN_POINT ( 'NONE',  ( 3.000000000000002700, -4.133495924760522900E-015, -2.250000000000000000 ) ) ;
#1459 = EDGE_CURVE ( 'NONE', #1961, #587, #79, .T. ) ;
#1460 = CARTESIAN_POINT ( 'NONE',  ( -1.662041016787797700, -1.662041016787801000, -2.000000000000000000 ) ) ;
#1461 = CARTESIAN_POINT ( 'NONE',  ( -3.054126587736528900, -2.703589161438228700E-015, -4.718750000000000000 ) ) ;
#1462 = CARTESIAN_POINT ( 'NONE',  ( 3.054126587736528900, -5.553318642690295300E-015, 2.781250000000000900 ) ) ;
#1463 = CARTESIAN_POINT ( 'NONE',  ( -2.000000000000000000, -1.154700538379251700, 5.690000000000000400 ) ) ;
#1464 = CARTESIAN_POINT ( 'NONE',  ( -0.1738874149857970200, 2.515300278742215800, -7.584699721255798700 ) ) ;
#1465 = CARTESIAN_POINT ( 'NONE',  ( -2.350480947161672300, -0.9736010864139270600, -0.1875000000000001700 ) ) ;
#1466 = EDGE_LOOP ( 'NONE', ( #3431, #1197, #704 ) ) ;
#1467 = CARTESIAN_POINT ( 'NONE',  ( 0.9736010864139224000, -2.350480947161676800, -0.9375000000000008900 ) ) ;
#1468 = CARTESIAN_POINT ( 'NONE',  ( 1.242640687119334500, -3.000000000000005300, 2.687499999999977400 ) ) ;
#1469 = ORIENTED_EDGE ( 'NONE', *, *, #3139, .F. ) ;
#1470 = CARTESIAN_POINT ( 'NONE',  ( -3.673940397442055400E-016, -3.000000000000000900, 0.6249999999999971100 ) ) ;
#1471 = CARTESIAN_POINT ( 'NONE',  ( 1.265060653844735100, 3.054126587736525300, -4.968750000000002700 ) ) ;
#1472 = DIRECTION ( 'NONE',  ( 0.0000000000000000000, 1.000000000000000000, 0.0000000000000000000 ) ) ;
#1473 = CARTESIAN_POINT ( 'NONE',  ( -0.9736010864139231800, -2.350480947161675400, -3.937500000000000000 ) ) ;
#1474 = CARTESIAN_POINT ( 'NONE',  ( 1.265060653844735100, 3.054126587736525300, -5.031250000000000000 ) ) ;
#1475 = EDGE_CURVE ( 'NONE', #113, #971, #2872, .T. ) ;
#1476 = CARTESIAN_POINT ( 'NONE',  ( 2.159593620790630600, -2.159593620790636800, 4.656250000000000900 ) ) ;
#1477 = CARTESIAN_POINT ( 'NONE',  ( -2.350480947161672300, -4.314181171424124300E-015, 0.8749999999999990000 ) ) ;
#1478 = CARTESIAN_POINT ( 'NONE',  ( -0.9736010864139231800, 2.350480947161667900, 1.562499999999999600 ) ) ;
#1479 = CARTESIAN_POINT ( 'NONE',  ( 0.9736010864139245100, 2.350480947161667900, 1.437499999999999800 ) ) ;
#1480 = CARTESIAN_POINT ( 'NONE',  ( 2.350480947161672300, -4.434518052659888800E-015, -0.7500000000000006700 ) ) ;
#1481 = CARTESIAN_POINT ( 'NONE',  ( -2.121320343559667700, -2.121320343559672100, 2.499999999999974200 ) ) ;
#1482 = DATE_AND_TIME ( #3027, #886 ) ;
#1483 = CARTESIAN_POINT ( 'NONE',  ( 2.029007969936038600, 2.152628290099250400, -7.148135714380335200 ) ) ;
#1484 = CARTESIAN_POINT ( 'NONE',  ( -3.740226349862368200E-016, -3.054126587736531600, -6.406250000000005300 ) ) ;
#1485 = DIRECTION ( 'NONE',  ( -0.0000000000000000000, 1.224646799147353200E-016, -1.000000000000000000 ) ) ;
#1486 = CARTESIAN_POINT ( 'NONE',  ( -2.350480947161672300, -4.314181171424124300E-015, 0.8749999999999990000 ) ) ;
#1487 = CARTESIAN_POINT ( 'NONE',  ( 3.054126587736528900, -3.591746712162674600E-015, -4.218750000000000000 ) ) ;
#1488 = CARTESIAN_POINT ( 'NONE',  ( -1.265060653844732700, 3.054126587736524000, 3.093749999999999600 ) ) ;
#1489 = CARTESIAN_POINT ( 'NONE',  ( 2.121320343559644600, -2.121320343559649900, 0.6250000000000012200 ) ) ;
#1490 = CARTESIAN_POINT ( 'NONE',  ( -3.673940397442062800E-016, -3.000000000000008000, 3.500000000000000000 ) ) ;
#1491 = CARTESIAN_POINT ( 'NONE',  ( -2.350480947161672300, -4.279153101236131200E-015, 0.7499999999999988900 ) ) ;
#1492 = DIRECTION ( 'NONE',  ( -0.0000000000000000000, -0.0000000000000000000, 1.000000000000000000 ) ) ;
#1493 = CARTESIAN_POINT ( 'NONE',  ( -2.121320343559644600, -2.121320343559649000, -0.6249999999999991100 ) ) ;
#1494 = VERTEX_POINT ( 'NONE', #1424 ) ;
#1495 = CARTESIAN_POINT ( 'NONE',  ( 3.054126587736528000, -1.265060653844737500, -5.218750000000005300 ) ) ;
#1496 =( BOUNDED_SURFACE ( )  B_SPLINE_SURFACE ( 1, 2, ( 
 ( #1535, #3546, #89, #713, #2996, #2119, #1252, #2695, #699, #2722, #3031, #101, #1295, #2708, #1886, #3007, #3312, #988, #408, #1266, #127, #2161, #1588, #434, #725, #1898, #2183, #1910, #3609, #1615, #3053, #153, #1319, #2757, #3333, #3340, #3042, #444, #1011, #2473, #736, #1022, #3622, #1304, #1601, #3264, #1865, #1853, #91, #106, #3035, #118, #1566, #1523, #2124, #964, #718, #2684, #410, #2427, #2140, #2163, #674, #3537, #3290, #1827, #383, #3578, #397, #3277, #2152, #3567, #702, #2440, #2412, #2712, #2699, #1284, #424, #3549, #1244, #80, #953, #2726, #690, #991, #3022, #978, #2998, #1542, #1553, #1579, #3315, #368, #3591, #2111, #3009, #131, #1879, #2454, #2739, #2400, #1270, #1003, #660, #2986, #1256, #3301, #1838, #3103, #216, #2246, #1015, #156, #1890, #143, #1678, #1592, #1372, #1089, #2834, #2257, #1974, #727, #2174, #3335, #2810, #3396, #3600, #437, #2463, #797, #3045, #2749, #1309, #1603, #786, #1077, #1388, #1298, #2821, #3612, #230, #1901, #1668, #3671, #1656, #3094, #1963, #508, #2224, #3324, #1103, #2515, #485, #2533, #520, #3116, #778, #3406, #3685, #2800, #2548, #1064, #1361, #3385, #3663, #1951, #204, #814, #2234, #496, #2522, #2933, #3505, #1251, #462, #1669, #268, #1143, #1975, #2835, #2589, #798, #2282, #536, #1988, #2295, #2549, #3672, #1404, #1374, #231, #3433, #3699, #1389, #3712, #1695, #2577, #255, #521, #828, #816, #3160, #562, #1679, #3118, #3397, #2822, #2002, #242, #548, #843, #2271, #2259, #3407, #3417, #3444, #1128, #2247, #1706, #1964, #2563 ),
 ( #218, #2862, #1104, #2849, #3131, #3145, #1430, #1722, #1091, #1116, #509, #2535, #3726, #3686, #1418, #2015, #2875, #860, #56, #2603, #3, #1457, #898, #3220, #1741, #3456, #2028, #2647, #1156, #282, #3189, #577, #2633, #2926, #3233, #3173, #910, #3469, #2086, #872, #1484, #1188, #3483, #1173, #3499, #1784, #2310, #1442, #924, #605, #590, #2896, #43, #336, #322, #2044, #2943, #2076, #1755, #1495, #14, #2327, #2956, #1471, #296, #883, #1201, #2618, #2357, #2911, #618, #1770, #3202, #28, #2060, #311, #2368, #2342, #3510, #1799, #633, #2657, #2139, #380, #1837, #116, #2397, #1508, #1242, #1216, #78, #3288, #3547, #1229, #3565, #1539, #2425, #103, #366, #671, #657, #3008, #2151, #1521, #2974, #3249, #643, #1851, #90, #394, #688, #2121, #1825, #3261, #3275, #3299, #976, #2097, #1551, #3521, #2410, #1863, #3577, #2710, #409, #1812, #2697, #1269, #69, #1564, #2682, #962, #951, #2997, #2437, #700, #933, #2109, #350, #2382, #2724, #2669, #1253, #989, #3535, #2983, #3633, #2453, #3589, #1296, #737, #3055, #1576, #3313, #1877, #2484, #1001, #129, #3032, #422, #2474, #2758, #3062, #3020, #747, #3322, #1921, #715, #1321, #1023, #3334, #1013, #3342, #1616, #2162, #1283, #755, #446, #435, #2738, #3623, #177, #164, #1888, #2769, #1911, #1590, #1328, #3597, #2172, #2780, #1306, #141, #726, #1034, #2461, #2196, #2747, #456, #1602, #3044, #3610, #1899, #155, #2204, #2185, #3357, #1623, #465, #2495, #1959, #200, #1653, #3737, #2221, #1338, #1062, #1042, #3652, #3100, #3383, #1053, #3394 ) ),
 .UNSPECIFIED., .F., .F., .F. ) 
 B_SPLINE_SURFACE_WITH_KNOTS ( ( 2, 2 ),
 ( 3, 2, 2, 2, 2, 2, 2, 2, 2, 2, 2, 2, 2, 2, 2, 2, 2, 2, 2, 2, 2, 2, 2, 2, 2, 2, 2, 2, 2, 2, 2, 2, 2, 2, 2, 2, 2, 2, 2, 2, 2, 2, 2, 2, 2, 2, 2, 2, 2, 2, 2, 2, 2, 2, 2, 2, 2, 2, 2, 2, 2, 2, 2, 2, 2, 2, 2, 2, 2, 2, 2, 2, 2, 2, 2, 2, 2, 2, 2, 2, 2, 2, 2, 2, 2, 2, 2, 2, 2, 2, 2, 2, 2, 2, 2, 2, 2, 2, 2, 2, 2, 2, 2, 2, 2, 2, 2, 2, 2, 2, 2, 3 ),
 ( 0.0000000000000000000, 1.000000000000000000 ),
 ( 0.0000000000000000000, 0.008928571428571428100, 0.01785714285714285600, 0.02678571428571428400, 0.03571428571428571200, 0.04464285714285714400, 0.05357142857142856800, 0.06250000000000000000, 0.07142857142857142500, 0.08035714285714286300, 0.08928571428571428800, 0.09821428571428571200, 0.1071428571428571400, 0.1160714285714285800, 0.1250000000000000000, 0.1339285714285714200, 0.1428571428571428500, 0.1517857142857142700, 0.1607142857142857300, 0.1696428571428571500, 0.1785714285714285800, 0.1875000000000000000, 0.1964285714285714200, 0.2053571428571428500, 0.2142857142857142700, 0.2232142857142857300, 0.2321428571428571500, 0.2410714285714285800, 0.2500000000000000000, 0.2589285714285714500, 0.2678571428571428500, 0.2767857142857143000, 0.2857142857142857000, 0.2946428571428571500, 0.3035714285714285500, 0.3125000000000000000, 0.3214285714285714500, 0.3303571428571428500, 0.3392857142857143000, 0.3482142857142857000, 0.3571428571428571500, 0.3660714285714285500, 0.3750000000000000000, 0.3839285714285714500, 0.3928571428571428500, 0.4017857142857143000, 0.4107142857142857000, 0.4196428571428571500, 0.4285714285714285500, 0.4375000000000000000, 0.4464285714285714500, 0.4553571428571428500, 0.4642857142857143000, 0.4732142857142857000, 0.4821428571428571500, 0.4910714285714285500, 0.5000000000000000000, 0.5089285714285714000, 0.5178571428571429000, 0.5267857142857143000, 0.5357142857142857000, 0.5446428571428571000, 0.5535714285714286000, 0.5625000000000000000, 0.5714285714285714000, 0.5803571428571429000, 0.5892857142857143000, 0.5982142857142857000, 0.6071428571428571000, 0.6160714285714286000, 0.6250000000000000000, 0.6339285714285714000, 0.6428571428571429000, 0.6517857142857143000, 0.6607142857142857000, 0.6696428571428571000, 0.6785714285714286000, 0.6875000000000000000, 0.6964285714285714000, 0.7053571428571429000, 0.7142857142857143000, 0.7232142857142857000, 0.7321428571428571000, 0.7410714285714286000, 0.7500000000000000000, 0.7589285714285714000, 0.7678571428571429000, 0.7767857142857143000, 0.7857142857142857000, 0.7946428571428571000, 0.8035714285714286000, 0.8125000000000000000, 0.8214285714285714000, 0.8303571428571429000, 0.8392857142857143000, 0.8482142857142857000, 0.8571428571428571000, 0.8660714285714286000, 0.8750000000000000000, 0.8839285714285714000, 0.8928571428571429000, 0.9017857142857143000, 0.9107142857142857000, 0.9196428571428571000, 0.9285714285714286000, 0.9375000000000000000, 0.9464285714285714000, 0.9553571428571429000, 0.9642857142857143000, 0.9732142857142857000, 0.9785603004441705300, 0.9883459034486122800 ),
 .UNSPECIFIED. ) 
 GEOMETRIC_REPRESENTATION_ITEM ( )  RATIONAL_B_SPLINE_SURFACE ( (
 ( 1.000000000000000000, 0.9238795325112867400, 1.000000000000000000, 0.9238795325112867400, 1.000000000000000000, 0.9238795325112867400, 1.000000000000000000, 0.9238795325112867400, 1.000000000000000000, 0.9238795325112867400, 1.000000000000000000, 0.9238795325112867400, 1.000000000000000000, 0.9238795325112867400, 1.000000000000000000, 0.9238795325112867400, 1.000000000000000000, 0.9238795325112867400, 1.000000000000000000, 0.9238795325112867400, 1.000000000000000000, 0.9238795325112867400, 1.000000000000000000, 0.9238795325112867400, 1.000000000000000000, 0.9238795325112867400, 1.000000000000000000, 0.9238795325112867400, 1.000000000000000000, 0.9238795325112867400, 1.000000000000000000, 0.9238795325112867400, 1.000000000000000000, 0.9238795325112867400, 1.000000000000000000, 0.9238795325112867400, 1.000000000000000000, 0.9238795325112867400, 1.000000000000000000, 0.9238795325112867400, 1.000000000000000000, 0.9238795325112867400, 1.000000000000000000, 0.9238795325112867400, 1.000000000000000000, 0.9238795325112867400, 1.000000000000000000, 0.9238795325112867400, 1.000000000000000000, 0.9238795325112867400, 1.000000000000000000, 0.9238795325112867400, 1.000000000000000000, 0.9238795325112867400, 1.000000000000000000, 0.9238795325112867400, 1.000000000000000000, 0.9238795325112867400, 1.000000000000000000, 0.9238795325112867400, 1.000000000000000000, 0.9238795325112867400, 1.000000000000000000, 0.9238795325112867400, 1.000000000000000000, 0.9238795325112867400, 1.000000000000000000, 0.9238795325112867400, 1.000000000000000000, 0.9238795325112867400, 1.000000000000000000, 0.9238795325112867400, 1.000000000000000000, 0.9238795325112867400, 1.000000000000000000, 0.9238795325112867400, 1.000000000000000000, 0.9238795325112867400, 1.000000000000000000, 0.9238795325112867400, 1.000000000000000000, 0.9238795325112867400, 1.000000000000000000, 0.9238795325112867400, 1.000000000000000000, 0.9238795325112867400, 1.000000000000000000, 0.9238795325112867400, 1.000000000000000000, 0.9238795325112867400, 1.000000000000000000, 0.9238795325112867400, 1.000000000000000000, 0.9238795325112867400, 1.000000000000000000, 0.9238795325112867400, 1.000000000000000000, 0.9238795325112867400, 1.000000000000000000, 0.9238795325112867400, 1.000000000000000000, 0.9238795325112867400, 1.000000000000000000, 0.9238795325112867400, 1.000000000000000000, 0.9238795325112867400, 1.000000000000000000, 0.9238795325112867400, 1.000000000000000000, 0.9238795325112867400, 1.000000000000000000, 0.9238795325112867400, 1.000000000000000000, 0.9238795325112867400, 1.000000000000000000, 0.9238795325112867400, 1.000000000000000000, 0.9238795325112867400, 1.000000000000000000, 0.9238795325112867400, 1.000000000000000000, 0.9238795325112867400, 1.000000000000000000, 0.9238795325112867400, 1.000000000000000000, 0.9238795325112867400, 1.000000000000000000, 0.9238795325112867400, 1.000000000000000000, 0.9238795325112867400, 1.000000000000000000, 0.9238795325112867400, 1.000000000000000000, 0.9238795325112867400, 1.000000000000000000, 0.9238795325112867400, 1.000000000000000000, 0.9238795325112867400, 1.000000000000000000, 0.9238795325112867400, 1.000000000000000000, 0.9238795325112867400, 1.000000000000000000, 0.9238795325112867400, 1.000000000000000000, 0.9238795325112867400, 1.000000000000000000, 0.9238795325112867400, 1.000000000000000000, 0.9238795325112867400, 1.000000000000000000, 0.9238795325112867400, 1.000000000000000000, 0.9238795325112867400, 1.000000000000000000, 0.9238795325112867400, 1.000000000000000000, 0.9238795325112867400, 1.000000000000000000, 0.9238795325112867400, 1.000000000000000000, 0.9238795325112867400, 1.000000000000000000, 0.9238795325112867400, 1.000000000000000000, 0.9238795325112867400, 1.000000000000000000, 0.9238795325112867400, 1.000000000000000000, 0.9238795325112867400, 1.000000000000000000, 0.9238795325112867400, 1.000000000000000000, 0.9238795325112867400, 1.000000000000000000, 0.9238795325112867400, 1.000000000000000000, 0.9238795325112867400, 1.000000000000000000, 0.9238795325112867400, 1.000000000000000000, 0.9238795325112867400, 1.000000000000000000, 0.9238795325112867400, 1.000000000000000000, 0.9238795325112867400, 1.000000000000000000, 0.9238795325112867400, 1.000000000000000000, 0.9238795325112867400, 1.000000000000000000, 0.9238795325112867400, 1.000000000000000000, 0.9238795325112867400, 1.000000000000000000, 0.9238795325112867400, 1.000000000000000000, 0.9238795325112867400, 1.000000000000000000, 0.9238795325112867400, 1.000000000000000000, 0.9238795325112867400, 1.000000000000000000, 0.9238795325112867400, 1.000000000000000000, 0.9238795325112867400, 1.000000000000000000, 0.9238795325112867400, 1.000000000000000000, 0.9238795325112867400, 1.000000000000000000, 0.9238795325112867400, 1.000000000000000000, 0.9238795325112867400, 1.000000000000000000, 0.9238795325112867400, 1.000000000000000000, 0.9238795325112867400, 1.000000000000000000, 0.9544225922706772700, 0.9634244629892421100, 0.9634244629892421100, 0.9634244629892421100),
 ( 1.000000000000000000, 0.9238795325112867400, 1.000000000000000000, 0.9238795325112867400, 1.000000000000000000, 0.9238795325112867400, 1.000000000000000000, 0.9238795325112867400, 1.000000000000000000, 0.9238795325112867400, 1.000000000000000000, 0.9238795325112867400, 1.000000000000000000, 0.9238795325112867400, 1.000000000000000000, 0.9238795325112867400, 1.000000000000000000, 0.9238795325112867400, 1.000000000000000000, 0.9238795325112867400, 1.000000000000000000, 0.9238795325112867400, 1.000000000000000000, 0.9238795325112867400, 1.000000000000000000, 0.9238795325112867400, 1.000000000000000000, 0.9238795325112867400, 1.000000000000000000, 0.9238795325112867400, 1.000000000000000000, 0.9238795325112867400, 1.000000000000000000, 0.9238795325112867400, 1.000000000000000000, 0.9238795325112867400, 1.000000000000000000, 0.9238795325112867400, 1.000000000000000000, 0.9238795325112867400, 1.000000000000000000, 0.9238795325112867400, 1.000000000000000000, 0.9238795325112867400, 1.000000000000000000, 0.9238795325112867400, 1.000000000000000000, 0.9238795325112867400, 1.000000000000000000, 0.9238795325112867400, 1.000000000000000000, 0.9238795325112867400, 1.000000000000000000, 0.9238795325112867400, 1.000000000000000000, 0.9238795325112867400, 1.000000000000000000, 0.9238795325112867400, 1.000000000000000000, 0.9238795325112867400, 1.000000000000000000, 0.9238795325112867400, 1.000000000000000000, 0.9238795325112867400, 1.000000000000000000, 0.9238795325112867400, 1.000000000000000000, 0.9238795325112867400, 1.000000000000000000, 0.9238795325112867400, 1.000000000000000000, 0.9238795325112867400, 1.000000000000000000, 0.9238795325112867400, 1.000000000000000000, 0.9238795325112867400, 1.000000000000000000, 0.9238795325112867400, 1.000000000000000000, 0.9238795325112867400, 1.000000000000000000, 0.9238795325112867400, 1.000000000000000000, 0.9238795325112867400, 1.000000000000000000, 0.9238795325112867400, 1.000000000000000000, 0.9238795325112867400, 1.000000000000000000, 0.9238795325112867400, 1.000000000000000000, 0.9238795325112867400, 1.000000000000000000, 0.9238795325112867400, 1.000000000000000000, 0.9238795325112867400, 1.000000000000000000, 0.9238795325112867400, 1.000000000000000000, 0.9238795325112867400, 1.000000000000000000, 0.9238795325112867400, 1.000000000000000000, 0.9238795325112867400, 1.000000000000000000, 0.9238795325112867400, 1.000000000000000000, 0.9238795325112867400, 1.000000000000000000, 0.9238795325112867400, 1.000000000000000000, 0.9238795325112867400, 1.000000000000000000, 0.9238795325112867400, 1.000000000000000000, 0.9238795325112867400, 1.000000000000000000, 0.9238795325112867400, 1.000000000000000000, 0.9238795325112867400, 1.000000000000000000, 0.9238795325112867400, 1.000000000000000000, 0.9238795325112867400, 1.000000000000000000, 0.9238795325112867400, 1.000000000000000000, 0.9238795325112867400, 1.000000000000000000, 0.9238795325112867400, 1.000000000000000000, 0.9238795325112867400, 1.000000000000000000, 0.9238795325112867400, 1.000000000000000000, 0.9238795325112867400, 1.000000000000000000, 0.9238795325112867400, 1.000000000000000000, 0.9238795325112867400, 1.000000000000000000, 0.9238795325112867400, 1.000000000000000000, 0.9238795325112867400, 1.000000000000000000, 0.9238795325112867400, 1.000000000000000000, 0.9238795325112867400, 1.000000000000000000, 0.9238795325112867400, 1.000000000000000000, 0.9238795325112867400, 1.000000000000000000, 0.9238795325112867400, 1.000000000000000000, 0.9238795325112867400, 1.000000000000000000, 0.9238795325112867400, 1.000000000000000000, 0.9238795325112867400, 1.000000000000000000, 0.9238795325112867400, 1.000000000000000000, 0.9238795325112867400, 1.000000000000000000, 0.9238795325112867400, 1.000000000000000000, 0.9238795325112867400, 1.000000000000000000, 0.9238795325112867400, 1.000000000000000000, 0.9238795325112867400, 1.000000000000000000, 0.9238795325112867400, 1.000000000000000000, 0.9238795325112867400, 1.000000000000000000, 0.9238795325112867400, 1.000000000000000000, 0.9238795325112867400, 1.000000000000000000, 0.9238795325112867400, 1.000000000000000000, 0.9238795325112867400, 1.000000000000000000, 0.9238795325112867400, 1.000000000000000000, 0.9238795325112867400, 1.000000000000000000, 0.9238795325112867400, 1.000000000000000000, 0.9238795325112867400, 1.000000000000000000, 0.9238795325112867400, 1.000000000000000000, 0.9238795325112867400, 1.000000000000000000, 0.9238795325112867400, 1.000000000000000000, 0.9238795325112867400, 1.000000000000000000, 0.9238795325112867400, 1.000000000000000000, 0.9238795325112867400, 1.000000000000000000, 0.9238795325112867400, 1.000000000000000000, 0.9238795325112867400, 1.000000000000000000, 0.9238795325112867400, 1.000000000000000000, 0.9238795325112867400, 1.000000000000000000, 0.9238795325112867400, 1.000000000000000000, 0.9238795325112867400, 1.000000000000000000, 0.9238795325112867400, 1.000000000000000000, 0.9544225922706772700, 0.9634244629892421100, 0.9634244629892421100, 0.9634244629892421100) ) ) 
 REPRESENTATION_ITEM ( '' )  SURFACE ( )  );
#1497 = CARTESIAN_POINT ( 'NONE',  ( 1.999999999999999600, -1.154700538379253000, 5.690000000000000400 ) ) ;
#1498 = ORIENTED_EDGE ( 'NONE', *, *, #2067, .T. ) ;
#1499 =( BOUNDED_CURVE ( )  B_SPLINE_CURVE ( 2, ( #2324, #3217, #1154, #308, #1455, #3496, #3738, #2893, #869 ),
 .UNSPECIFIED., .F., .T. ) 
 B_SPLINE_CURVE_WITH_KNOTS ( ( 3, 2, 2, 2, 3 ),
 ( 0.01083509579618141400, 0.01319165234361573600, 0.01554820889489356300, 0.01790476544617138800, 0.02026132199744921600 ),
 .UNSPECIFIED. ) 
 CURVE ( )  GEOMETRIC_REPRESENTATION_ITEM ( )  RATIONAL_B_SPLINE_CURVE ( ( 1.000000000000000000, 0.9238795325112867400, 1.000000000000000000, 0.9238795325112867400, 1.000000000000000000, 0.9238795325112867400, 1.000000000000000000, 0.9238795325121111900, 0.9999999999991755500 ) ) 
 REPRESENTATION_ITEM ( '' )  );
#1500 = CARTESIAN_POINT ( 'NONE',  ( -1.662041016787797500, 1.662041016787792600, 2.749999999999999100 ) ) ;
#1501 = CARTESIAN_POINT ( 'NONE',  ( 3.054126587736528000, -1.265060653844737300, -5.281249999999999100 ) ) ;
#1502 = CARTESIAN_POINT ( 'NONE',  ( 2.350480947161671900, -0.9736010864139262900, -7.687500000000000900 ) ) ;
#1503 = CARTESIAN_POINT ( 'NONE',  ( 2.350480947161671900, 0.9736010864139182900, 3.312499999999999600 ) ) ;
#1504 = CARTESIAN_POINT ( 'NONE',  ( -2.350480947161672300, -0.9736010864139264000, -2.062500000000000000 ) ) ;
#1505 = ADVANCED_FACE ( 'NONE', ( #293 ), #2706, .T. ) ;
#1506 = EDGE_CURVE ( 'NONE', #2268, #3367, #1305, .T. ) ;
#1507 = CARTESIAN_POINT ( 'NONE',  ( -2.121320343559644600, -2.121320343559650400, 4.375000000000000900 ) ) ;
#1508 = CARTESIAN_POINT ( 'NONE',  ( -1.265060653844733100, -3.054126587736532900, -3.468750000000005800 ) ) ;
#1509 = DIRECTION ( 'NONE',  ( 0.0000000000000000000, 1.000000000000000000, 0.0000000000000000000 ) ) ;
#1510 = CLOSED_SHELL ( 'NONE', ( #586, #2642, #3722, #931, #2401, #1094, #1736, #1780, #2062, #2880, #2578, #2838, #2537, #608, #257, #239, #3126, #3544, #1114, #3447, #2859, #3427, #3467, #2338, #544, #44, #3170, #1505, #3191, #2017, #830, #524 ) ) ;
#1511 = ORIENTED_EDGE ( 'NONE', *, *, #2972, .F. ) ;
#1512 = CARTESIAN_POINT ( 'NONE',  ( 2.350480947161671900, -0.9736010864139290600, 2.312500000000000900 ) ) ;
#1513 = CARTESIAN_POINT ( 'NONE',  ( -1.265060653844732700, 3.054126587736526200, -2.906250000000000000 ) ) ;
#1514 = CARTESIAN_POINT ( 'NONE',  ( 1.265060653844732400, -3.054126587736536000, 5.593749999999999100 ) ) ;
#1515 = CARTESIAN_POINT ( 'NONE',  ( -0.7079923118481453700, -2.712907830256400000, 4.699999999999999300 ) ) ;
#1516 = ORIENTED_EDGE ( 'NONE', *, *, #3081, .F. ) ;
#1517 = CARTESIAN_POINT ( 'NONE',  ( 0.0000000000000000000, 2.350480947161668300, -1.375000000000000400 ) ) ;
#1518 = CARTESIAN_POINT ( 'NONE',  ( 0.0000000000000000000, 8.127580809560354500E-015, 8.000000000000000000 ) ) ;
#1519 = CARTESIAN_POINT ( 'NONE',  ( -3.000000000000002700, 1.242640687119283000, -1.812499999999999300 ) ) ;
#1520 = CARTESIAN_POINT ( 'NONE',  ( 1.999999999999999600, 1.154700538379252400, 5.690000000000000400 ) ) ;
#1521 = CARTESIAN_POINT ( 'NONE',  ( -1.265060653844733100, -3.054126587736532900, -2.468750000000006200 ) ) ;
#1522 = CARTESIAN_POINT ( 'NONE',  ( -1.999999999999999600, -0.4014334230123938800, 7.722082596207896700 ) ) ;
#1523 = CARTESIAN_POINT ( 'NONE',  ( -2.350480947161672300, -0.9736010864139258400, -5.187500000000001800 ) ) ;
#1524 = CARTESIAN_POINT ( 'NONE',  ( -2.350480947161672300, -4.874630294432015500E-015, 2.874999999999999100 ) ) ;
#1525 = CARTESIAN_POINT ( 'NONE',  ( 3.054126587736528500, 1.265060653844730200, -3.156250000000000400 ) ) ;
#1526 = CARTESIAN_POINT ( 'NONE',  ( -3.054126587736528900, 1.265060653844727500, 4.218750000000000000 ) ) ;
#1527 = CARTESIAN_POINT ( 'NONE',  ( -2.346480342139959200, 0.4889921621894676200, 4.699999999999999300 ) ) ;
#1528 = CARTESIAN_POINT ( 'NONE',  ( -2.350480947161672300, 0.9736010864139174000, 4.687500000000000000 ) ) ;
#1529 = CC_DESIGN_DATE_AND_TIME_ASSIGNMENT ( #477, #2056, ( #680 ) ) ;
#1530 = CARTESIAN_POINT ( 'NONE',  ( -1.662041016787797700, -1.662041016787801500, -1.000000000000000000 ) ) ;
#1531 = VECTOR ( 'NONE', #3180, 1000.000000000000000 ) ;
#1532 = DIRECTION ( 'NONE',  ( 0.0000000000000000000, -1.224646799147353200E-016, 1.000000000000000000 ) ) ;
#1533 = CARTESIAN_POINT ( 'NONE',  ( 7.347880794884119700E-016, -6.000000000000000900, 7.699999999999990400 ) ) ;
#1534 = CIRCLE ( 'NONE', #2937, 2.100000000000001400 ) ;
#1535 = CARTESIAN_POINT ( 'NONE',  ( 0.0000000000000000000, 2.350480947161670600, -8.500000000000000000 ) ) ;
#1536 = FACE_OUTER_BOUND ( 'NONE', #2970, .T. ) ;
#1537 = EDGE_CURVE ( 'NONE', #325, #971, #834, .T. ) ;
#1538 = DATE_AND_TIME ( #1985, #3729 ) ;
#1539 = CARTESIAN_POINT ( 'NONE',  ( 1.265060653844735100, 3.054126587736524900, -2.968750000000002200 ) ) ;
#1540 = CARTESIAN_POINT ( 'NONE',  ( -3.673940397442062800E-016, -3.000000000000007100, 0.5000000000000010000 ) ) ;
#1541 = CYLINDRICAL_SURFACE ( 'NONE', #146, 3.000000000000000000 ) ;
#1542 = CARTESIAN_POINT ( 'NONE',  ( 0.9736010864139224000, -2.350480947161676300, -2.937500000000001800 ) ) ;
#1543 = CARTESIAN_POINT ( 'NONE',  ( 2.350480947161671900, -0.9736010864139282800, -0.6875000000000005600 ) ) ;
#1544 = CARTESIAN_POINT ( 'NONE',  ( 3.054126587736528900, -3.871971273666620200E-015, -3.218750000000000400 ) ) ;
#1545 = CARTESIAN_POINT ( 'NONE',  ( -0.9736010864139231800, -2.350480947161675000, -5.937500000000000000 ) ) ;
#1546 = CARTESIAN_POINT ( 'NONE',  ( 1.460926028526081000, 2.217558760374140500, 4.700000000000004600 ) ) ;
#1547 = CARTESIAN_POINT ( 'NONE',  ( 0.9736010864139224000, -2.350480947161677700, 3.062499999999999100 ) ) ;
#1548 = CARTESIAN_POINT ( 'NONE',  ( -2.350480947161672300, 0.9736010864139190700, -1.187500000000000400 ) ) ;
#1549 = ORIENTED_EDGE ( 'NONE', *, *, #888, .T. ) ;
#1550 = CARTESIAN_POINT ( 'NONE',  ( -3.673940397442062800E-016, -3.000000000000005300, -6.500000000000000000 ) ) ;
#1551 = CARTESIAN_POINT ( 'NONE',  ( -2.159593620790631000, -2.159593620790634500, -1.531250000000005800 ) ) ;
#1552 = CARTESIAN_POINT ( 'NONE',  ( 0.0000000000000000000, 2.999999999999999600, -5.000000000000000000 ) ) ;
#1553 = CARTESIAN_POINT ( 'NONE',  ( 1.662041016787797500, -1.662041016787801000, -2.875000000000000900 ) ) ;
#1554 = EDGE_CURVE ( 'NONE', #2147, #2370, #984, .T. ) ;
#1555 = CARTESIAN_POINT ( 'NONE',  ( -1.265060653844733100, -3.054126587736532900, -2.531250000000000400 ) ) ;
#1556 = CARTESIAN_POINT ( 'NONE',  ( -2.878508968398380700E-016, -2.350480947161674500, -6.875000000000000900 ) ) ;
#1557 = CARTESIAN_POINT ( 'NONE',  ( -1.662041016787797500, 1.662041016787794800, -5.250000000000000000 ) ) ;
#1558 = CARTESIAN_POINT ( 'NONE',  ( -0.9736010864139231800, -2.350480947161677200, 2.937499999999999100 ) ) ;
#1559 = CARTESIAN_POINT ( 'NONE',  ( -2.350480947161672300, -0.9736010864139261800, -3.062500000000000000 ) ) ;
#1560 = ORIENTED_EDGE ( 'NONE', *, *, #492, .F. ) ;
#1561 = CARTESIAN_POINT ( 'NONE',  ( -2.699056387287988600E-011, 2.508669687933967400, -7.591330312066030900 ) ) ;
#1562 = VERTEX_POINT ( 'NONE', #2335 ) ;
#1563 = CARTESIAN_POINT ( 'NONE',  ( 1.999999999999999600, 1.154700538379256300, 8.000000000000000000 ) ) ;
#1564 = CARTESIAN_POINT ( 'NONE',  ( -1.265060653844732700, 3.054126587736525300, -0.8437500000000025500 ) ) ;
#1565 = DIRECTION ( 'NONE',  ( -0.0000000000000000000, 1.224646799147353200E-016, -1.000000000000000000 ) ) ;
#1566 = CARTESIAN_POINT ( 'NONE',  ( -2.350480947161672300, -2.597805732212456900E-015, -5.250000000000000000 ) ) ;
#1567 = ORIENTED_EDGE ( 'NONE', *, *, #2436, .T. ) ;
#1568 = CARTESIAN_POINT ( 'NONE',  ( 0.9736010864139245100, 2.350480947161666600, 3.562500000000000000 ) ) ;
#1569 = CARTESIAN_POINT ( 'NONE',  ( 2.350480947161672300, -2.788198753824207200E-015, -6.625000000000000900 ) ) ;
#1570 = CARTESIAN_POINT ( 'NONE',  ( -1.662041016787797500, 1.662041016787794600, -4.250000000000000000 ) ) ;
#1571 = CARTESIAN_POINT ( 'NONE',  ( -2.000000000000000000, 1.154700538379252400, 5.690000000000000400 ) ) ;
#1572 = CARTESIAN_POINT ( 'NONE',  ( -2.350480947161672300, -4.594405732928069900E-015, 1.875000000000000000 ) ) ;
#1573 = CARTESIAN_POINT ( 'NONE',  ( -3.673940397442062800E-016, -3.000000000000007500, 1.500000000000000000 ) ) ;
#1574 = CARTESIAN_POINT ( 'NONE',  ( 1.662041016787797900, 1.662041016787795300, -7.625000000000000900 ) ) ;
#1575 = CARTESIAN_POINT ( 'NONE',  ( -2.121320343559644600, 2.121320343559640200, 0.1250000000000006900 ) ) ;
#1576 = CARTESIAN_POINT ( 'NONE',  ( -3.740226349862368200E-016, -3.054126587736533300, 0.5937499999999935600 ) ) ;
#1577 = DIRECTION ( 'NONE',  ( -0.0000000000000000000, 1.224646799147353200E-016, -1.000000000000000000 ) ) ;
#1578 = CYLINDRICAL_SURFACE ( 'NONE', #2215, 3.000000000000000000 ) ;
#1579 = CARTESIAN_POINT ( 'NONE',  ( 2.350480947161671900, -0.9736010864139276200, -2.812500000000001300 ) ) ;
#1580 = CARTESIAN_POINT ( 'NONE',  ( 1.242640687119291200, -3.000000000000020400, -0.3125000000000129900 ) ) ;
#1581 = CARTESIAN_POINT ( 'NONE',  ( 0.0000000000000000000, 2.350480947161669200, -3.375000000000000400 ) ) ;
#1582 = ORIENTED_EDGE ( 'NONE', *, *, #3732, .F. ) ;
#1583 = AXIS2_PLACEMENT_3D ( 'NONE', #3642, #1636, #1900 ) ;
#1584 = CARTESIAN_POINT ( 'NONE',  ( 2.350480947161672300, -5.590444368863664200E-015, 3.374999999999999600 ) ) ;
#1585 = COORDINATED_UNIVERSAL_TIME_OFFSET ( 6, 0, .BEHIND. ) ;
#1586 = CARTESIAN_POINT ( 'NONE',  ( 2.121320343559820500, -2.121320343559824500, -3.250000000000151000 ) ) ;
#1587 = CARTESIAN_POINT ( 'NONE',  ( 1.662041016787797900, 1.662041016787795000, -6.625000000000000900 ) ) ;
#1588 = CARTESIAN_POINT ( 'NONE',  ( -1.662041016787797700, -1.662041016787799700, -7.125000000000000900 ) ) ;
#1589 = EDGE_CURVE ( 'NONE', #227, #53, #3108, .T. ) ;
#1590 = CARTESIAN_POINT ( 'NONE',  ( 2.159593620790630600, -2.159593620790636300, 2.718749999999993800 ) ) ;
#1591 = CARTESIAN_POINT ( 'NONE',  ( 1.242640687124464200, -2.999999999994824100, 0.6875000000003641500 ) ) ;
#1592 = CARTESIAN_POINT ( 'NONE',  ( -2.350480947161672300, -0.9736010864139267300, -1.187500000000000400 ) ) ;
#1593 = EDGE_LOOP ( 'NONE', ( #3112, #2779, #2069, #1044 ) ) ;
#1594 = CARTESIAN_POINT ( 'NONE',  ( 2.667261794794735300E-016, -2.309401076758503800, 5.690000000000000400 ) ) ;
#1595 = CARTESIAN_POINT ( 'NONE',  ( -0.9736010864139231800, 2.350480947161669700, -5.312500000000000900 ) ) ;
#1596 = ORIENTED_EDGE ( 'NONE', *, *, #965, .F. ) ;
#1597 = CARTESIAN_POINT ( 'NONE',  ( 2.350480947161671900, -0.9736010864139286200, 0.3125000000000002800 ) ) ;
#1598 = CARTESIAN_POINT ( 'NONE',  ( 1.424972881422052800, -2.509494782027522000, -7.221886500251718700 ) ) ;
#1599 = CARTESIAN_POINT ( 'NONE',  ( -2.121320343559644600, -2.121320343559649500, 1.375000000000000200 ) ) ;
#1600 = CARTESIAN_POINT ( 'NONE',  ( 2.350480947161671900, 0.9736010864139208500, -5.687500000000001800 ) ) ;
#1601 = CARTESIAN_POINT ( 'NONE',  ( 2.350480947161672300, -3.033395245140160100E-015, -5.750000000000000900 ) ) ;
#1602 = CARTESIAN_POINT ( 'NONE',  ( -1.265060653844733100, -3.054126587736534200, 3.531249999999994200 ) ) ;
#1603 = CARTESIAN_POINT ( 'NONE',  ( -0.9736010864139231800, -2.350480947161676300, -0.06250000000000005600 ) ) ;
#1604 = EDGE_CURVE ( 'NONE', #603, #2408, #1937, .T. ) ;
#1605 = APPROVAL ( #362, 'UNSPECIFIED' ) ;
#1606 = CARTESIAN_POINT ( 'NONE',  ( 0.0000000000000000000, 6.279894725374701700E-016, -8.000000000000000000 ) ) ;
#1607 = CARTESIAN_POINT ( 'NONE',  ( 0.9736010864139245100, 2.350480947161669200, -5.437500000000001800 ) ) ;
#1608 = ORIENTED_EDGE ( 'NONE', *, *, #1205, .F. ) ;
#1609 = VERTEX_POINT ( 'NONE', #2081 ) ;
#1610 = CARTESIAN_POINT ( 'NONE',  ( -2.350480947161672300, -0.9736010864139275100, 1.937500000000000000 ) ) ;
#1611 = CARTESIAN_POINT ( 'NONE',  ( 2.999999999999999600, 1.242640687119282800, -4.062500000000002700 ) ) ;
#1612 = EDGE_LOOP ( 'NONE', ( #3089, #2853, #92, #1047 ) ) ;
#1613 = EDGE_CURVE ( 'NONE', #1961, #2624, #3454, .T. ) ;
#1614 = CARTESIAN_POINT ( 'NONE',  ( -1.662041016787797500, 1.662041016787795700, -7.375000000000000900 ) ) ;
#1615 = CARTESIAN_POINT ( 'NONE',  ( 2.350480947161671900, 0.9736010864139211800, -6.687500000000000900 ) ) ;
#1616 = CARTESIAN_POINT ( 'NONE',  ( 3.054126587736528500, 1.265060653844728900, 1.906249999999996400 ) ) ;
#1617 = CARTESIAN_POINT ( 'NONE',  ( 3.000000000000001300, -4.448748556452460000E-015, -1.125000000000004000 ) ) ;
#1618 =( BOUNDED_CURVE ( )  B_SPLINE_CURVE ( 2, ( #2212, #1061, #472 ),
 .UNSPECIFIED., .F., .T. ) 
 B_SPLINE_CURVE_WITH_KNOTS ( ( 3, 3 ),
 ( 0.0000000000000000000, 0.001406399746480719300 ),
 .UNSPECIFIED. ) 
 CURVE ( )  GEOMETRIC_REPRESENTATION_ITEM ( )  RATIONAL_B_SPLINE_CURVE ( ( 0.9633526350013684700, 0.9546066826802107600, 1.000000000000795100 ) ) 
 REPRESENTATION_ITEM ( '' )  );
#1619 = CARTESIAN_POINT ( 'NONE',  ( -2.350480947161672300, -0.9736010864139270600, -0.06250000000000005600 ) ) ;
#1620 = CARTESIAN_POINT ( 'NONE',  ( -1.662041016787797500, 1.662041016787793000, 0.7499999999999988900 ) ) ;
#1621 = CARTESIAN_POINT ( 'NONE',  ( -3.673940397442054900E-016, -2.999999999999999100, -2.375000000000002200 ) ) ;
#1622 = CARTESIAN_POINT ( 'NONE',  ( 2.667261794794735300E-016, -2.309401076758503800, 5.690000000000000400 ) ) ;
#1623 = CARTESIAN_POINT ( 'NONE',  ( 1.265060653844735100, 3.054126587736522700, 4.031249999999998200 ) ) ;
#1624 = FACE_OUTER_BOUND ( 'NONE', #217, .T. ) ;
#1625 = EDGE_LOOP ( 'NONE', ( #698, #873, #3616, #136 ) ) ;
#1626 = DIRECTION ( 'NONE',  ( 0.0000000000000000000, 1.000000000000000000, 0.0000000000000000000 ) ) ;
#1627 = DIRECTION ( 'NONE',  ( 0.0000000000000000000, 1.000000000000000000, 0.0000000000000000000 ) ) ;
#1628 = CARTESIAN_POINT ( 'NONE',  ( 0.0000000000000000000, 2.350480947161668300, -0.3750000000000003300 ) ) ;
#1629 = FACE_OUTER_BOUND ( 'NONE', #2470, .T. ) ;
#1630 = AXIS2_PLACEMENT_3D ( 'NONE', #3528, #1819, #2689 ) ;
#1631 = CARTESIAN_POINT ( 'NONE',  ( -2.878508968398380700E-016, -2.350480947161677700, 4.125000000000000000 ) ) ;
#1632 = CARTESIAN_POINT ( 'NONE',  ( 3.000000000000000900, -3.047625748932731700E-015, -6.125000000000003600 ) ) ;
#1633 = DIRECTION ( 'NONE',  ( 0.0000000000000000000, 0.0000000000000000000, 1.000000000000000000 ) ) ;
#1634 = ORIENTED_EDGE ( 'NONE', *, *, #1191, .F. ) ;
#1635 = CARTESIAN_POINT ( 'NONE',  ( 0.0000000000000000000, 0.0000000000000000000, 5.690000000000000400 ) ) ;
#1636 = DIRECTION ( 'NONE',  ( 1.000000000000000000, -0.0000000000000000000, 0.0000000000000000000 ) ) ;
#1637 = AXIS2_PLACEMENT_3D ( 'NONE', #921, #2323, #2615 ) ;
#1638 = CARTESIAN_POINT ( 'NONE',  ( 1.667326742036600700, -1.656738427833330400, -7.749519053019761300 ) ) ;
#1639 = CARTESIAN_POINT ( 'NONE',  ( -2.878508968398380700E-016, -2.350480947161676300, 0.1250000000000001100 ) ) ;
#1640 = CARTESIAN_POINT ( 'NONE',  ( 2.350480947161671900, -0.9736010864139297300, 4.312500000000000900 ) ) ;
#1641 = CARTESIAN_POINT ( 'NONE',  ( 1.242640687124497000, 2.999999999994787300, -5.937500000000373000 ) ) ;
#1642 = ORIENTED_EDGE ( 'NONE', *, *, #1880, .F. ) ;
#1643 = DIRECTION ( 'NONE',  ( -0.0000000000000000000, 1.224646799147353200E-016, -1.000000000000000000 ) ) ;
#1644 = ORIENTED_EDGE ( 'NONE', *, *, #2187, .T. ) ;
#1645 = CARTESIAN_POINT ( 'NONE',  ( 1.907874343847030100E-011, -3.000000000000000000, -6.374999999999042500 ) ) ;
#1646 = CARTESIAN_POINT ( 'NONE',  ( 0.0000000000000000000, 2.350480947161668300, -1.375000000000000400 ) ) ;
#1647 = EDGE_LOOP ( 'NONE', ( #1928, #966, #1733, #919 ) ) ;
#1648 = CARTESIAN_POINT ( 'NONE',  ( -0.9736010864139231800, -2.350480947161674500, -7.062500000000000900 ) ) ;
#1649 = CARTESIAN_POINT ( 'NONE',  ( 2.350480947161671900, -0.9736010864139266200, -6.687500000000000900 ) ) ;
#1650 = EDGE_CURVE ( 'NONE', #1007, #140, #433, .T. ) ;
#1651 = CARTESIAN_POINT ( 'NONE',  ( 3.000000000000002700, -4.693945047768414000E-015, -0.2499999999999996400 ) ) ;
#1652 = AXIS2_PLACEMENT_3D ( 'NONE', #3561, #1293, #3321 ) ;
#1653 = CARTESIAN_POINT ( 'NONE',  ( -3.054126587736528900, -5.243124250067735500E-015, 4.343749999999995600 ) ) ;
#1654 = DIRECTION ( 'NONE',  ( -0.0000000000000000000, 1.224646799147353200E-016, -1.000000000000000000 ) ) ;
#1655 = CARTESIAN_POINT ( 'NONE',  ( 0.0000000000000000000, 6.279894725374701700E-016, -8.000000000000000000 ) ) ;
#1656 = CARTESIAN_POINT ( 'NONE',  ( -1.662041016787797500, 1.662041016787793300, 0.6249999999999987800 ) ) ;
#1657 = CARTESIAN_POINT ( 'NONE',  ( 1.662041016787797500, -1.662041016787801900, -0.7500000000000006700 ) ) ;
#1658 = CIRCLE ( 'NONE', #369, 2.309401076758501100 ) ;
#1659 = CARTESIAN_POINT ( 'NONE',  ( 1.662041016787797500, -1.662041016787799900, -7.875000000000000000 ) ) ;
#1660 = FACE_OUTER_BOUND ( 'NONE', #1887, .T. ) ;
#1661 = CARTESIAN_POINT ( 'NONE',  ( 2.350480947161671900, -0.9736010864139268400, -5.687500000000000000 ) ) ;
#1662 = LINE ( 'NONE', #3731, #2131 ) ;
#1663 = EDGE_CURVE ( 'NONE', #2918, #3479, #1703, .T. ) ;
#1664 = CARTESIAN_POINT ( 'NONE',  ( 1.662041016787797500, -1.662041016787801000, -3.875000000000000900 ) ) ;
#1665 = PERSON_AND_ORGANIZATION ( #162, #2568 ) ;
#1666 = CARTESIAN_POINT ( 'NONE',  ( -2.999999999999999600, -1.242640687119290300, 3.437499999999998200 ) ) ;
#1667 = DIRECTION ( 'NONE',  ( 0.0000000000000000000, 1.000000000000000000, 0.0000000000000000000 ) ) ;
#1668 = CARTESIAN_POINT ( 'NONE',  ( 0.0000000000000000000, 2.350480947161667900, 0.5000000000000004400 ) ) ;
#1669 = CARTESIAN_POINT ( 'NONE',  ( -0.9736010864139230700, 2.350480947161667900, 2.562499999999998700 ) ) ;
#1670 = VERTEX_POINT ( 'NONE', #2027 ) ;
#1671 = CARTESIAN_POINT ( 'NONE',  ( -1.662041016787797500, 1.662041016787795900, -8.375000000000000000 ) ) ;
#1672 = CARTESIAN_POINT ( 'NONE',  ( 1.662041016787797500, -1.662041016787802800, 3.124999999999999100 ) ) ;
#1673 = EDGE_LOOP ( 'NONE', ( #2218, #377, #903, #110 ) ) ;
#1674 = CARTESIAN_POINT ( 'NONE',  ( -1.662041016787797500, 1.662041016787794100, -2.375000000000000400 ) ) ;
#1675 = CARTESIAN_POINT ( 'NONE',  ( 1.662041016787797900, 1.662041016787793700, -2.625000000000000400 ) ) ;
#1676 = CARTESIAN_POINT ( 'NONE',  ( -1.242640687108984600, -3.000000000010305100, 3.562500000000729200 ) ) ;
#1677 = DIRECTION ( 'NONE',  ( 1.000000000000000000, 0.0000000000000000000, -0.0000000000000000000 ) ) ;
#1678 = CARTESIAN_POINT ( 'NONE',  ( -2.350480947161672300, -3.718703978228240000E-015, -1.250000000000000200 ) ) ;
#1679 = CARTESIAN_POINT ( 'NONE',  ( 2.350480947161671900, 0.9736010864139180700, 4.312500000000000900 ) ) ;
#1680 = CARTESIAN_POINT ( 'NONE',  ( 1.662041016787797900, 1.662041016787792100, 2.500000000000000400 ) ) ;
#1681 = CARTESIAN_POINT ( 'NONE',  ( 1.662041016787797500, -1.662041016787800400, -5.875000000000000000 ) ) ;
#1682 = CARTESIAN_POINT ( 'NONE',  ( -2.350480947161672300, -1.792160117888612500E-015, -8.125000000000000000 ) ) ;
#1683 = ORIENTED_EDGE ( 'NONE', *, *, #792, .T. ) ;
#1684 = CARTESIAN_POINT ( 'NONE',  ( -2.350480947161672300, 0.9736010864139177400, 3.687500000000000400 ) ) ;
#1685 = ORIENTED_EDGE ( 'NONE', *, *, #1130, .F. ) ;
#1686 = B_SPLINE_CURVE_WITH_KNOTS ( 'NONE', 3,
 ( #3698, #932, #321, #1783, #1214, #3498, #604, #2084, #948, #656, #2941, #2632, #2681, #2380, #364, #1483, #68, #1798 ),
 .UNSPECIFIED., .F., .F.,
 ( 4, 2, 2, 2, 2, 2, 2, 2, 4 ),
 ( 0.0000000000000000000, 0.0005866587805460258100, 0.001173317561092051600, 0.001759976341638077500, 0.002346635122184103200, 0.002933293902730128900, 0.003519952683276155100, 0.004106611463822180800, 0.004693270244368206500 ),
 .UNSPECIFIED. ) ;
#1687 = CARTESIAN_POINT ( 'NONE',  ( 1.242640687119297900, -2.999999999999995600, -3.437499999999999600 ) ) ;
#1688 = CARTESIAN_POINT ( 'NONE',  ( 2.350480947161671900, 0.9736010864139205100, -4.687500000000000900 ) ) ;
#1689 = EDGE_LOOP ( 'NONE', ( #1956, #740, #3662, #1608, #1924, #2377, #1352 ) ) ;
#1690 = CARTESIAN_POINT ( 'NONE',  ( -2.350480947161672300, -0.9736010864139264000, -2.187500000000000400 ) ) ;
#1691 = CARTESIAN_POINT ( 'NONE',  ( -2.121320343559674800, 2.121320343559671700, -2.750000000000027500 ) ) ;
#1692 = CARTESIAN_POINT ( 'NONE',  ( -0.1571849286460571500, 2.218650315892150900, 7.909249239133203000 ) ) ;
#1693 = EDGE_CURVE ( 'NONE', #2494, #1415, #199, .T. ) ;
#1694 = AXIS2_PLACEMENT_3D ( 'NONE', #3063, #756, #1329 ) ;
#1695 = CARTESIAN_POINT ( 'NONE',  ( -2.350480947161672300, -0.9736010864139281700, 3.812500000000000000 ) ) ;
#1696 = CARTESIAN_POINT ( 'NONE',  ( -1.662041016787797500, 1.662041016787792100, 3.750000000000000000 ) ) ;
#1697 = CARTESIAN_POINT ( 'NONE',  ( 1.662041016787797500, -1.662041016787802600, 2.125000000000000000 ) ) ;
#1698 = CARTESIAN_POINT ( 'NONE',  ( -2.159593620790631000, -2.159593620790635000, 0.4062500000000003300 ) ) ;
#1699 = CARTESIAN_POINT ( 'NONE',  ( 1.242640687119288500, 2.999999999999997800, -1.062499999999999300 ) ) ;
#1700 = AXIS2_PLACEMENT_3D ( 'NONE', #822, #2528, #2289 ) ;
#1701 = CARTESIAN_POINT ( 'NONE',  ( -1.662041016787797500, 1.662041016787793900, -1.375000000000000400 ) ) ;
#1702 = CARTESIAN_POINT ( 'NONE',  ( -2.350480947161672300, -2.878030293716402500E-015, -4.250000000000000000 ) ) ;
#1703 = LINE ( 'NONE', #1417, #1979 ) ;
#1704 = CARTESIAN_POINT ( 'NONE',  ( -1.843736237883322000, 1.244919463501900100, 7.909781074877350300 ) ) ;
#1705 = CARTESIAN_POINT ( 'NONE',  ( -1.242640687119285200, 2.999999999999993800, 4.187499999999997300 ) ) ;
#1706 = CARTESIAN_POINT ( 'NONE',  ( 2.235435199043586300, -0.7263540141329200000, 5.200312842825359100 ) ) ;
#1707 = LINE ( 'NONE', #2604, #3418 ) ;
#1708 = CARTESIAN_POINT ( 'NONE',  ( 2.350480947161671900, -0.9736010864139296200, 4.312500000000000900 ) ) ;
#1709 = VECTOR ( 'NONE', #3360, 1000.000000000000200 ) ;
#1710 = ADVANCED_FACE ( 'NONE', ( #2752 ), #295, .F. ) ;
#1711 = CARTESIAN_POINT ( 'NONE',  ( -1.662041016787797500, 1.662041016787793900, -2.250000000000000400 ) ) ;
#1712 = CALENDAR_DATE ( 2022, 1, 9 ) ;
#1713 = CARTESIAN_POINT ( 'NONE',  ( -1.662041016787797700, -1.662041016787801900, 1.875000000000000000 ) ) ;
#1714 = CARTESIAN_POINT ( 'NONE',  ( 2.159593620790631000, 2.159593620790626100, -0.09375000000000008300 ) ) ;
#1715 = CARTESIAN_POINT ( 'NONE',  ( -1.242640687119286300, 3.000000000000000900, -5.937499999999999100 ) ) ;
#1716 = DIRECTION ( 'NONE',  ( -0.0000000000000000000, 1.224646799147353200E-016, -1.000000000000000000 ) ) ;
#1717 = CARTESIAN_POINT ( 'NONE',  ( 2.350480947161671900, 0.9736010864139202900, -3.687500000000000900 ) ) ;
#1718 = CARTESIAN_POINT ( 'NONE',  ( -2.350480947161672300, 0.9736010864139198500, -3.312500000000000400 ) ) ;
#1719 = CC_DESIGN_PERSON_AND_ORGANIZATION_ASSIGNMENT ( #2396, #3297, ( #2496 ) ) ;
#1720 = DIRECTION ( 'NONE',  ( -0.0000000000000000000, 1.224646799147353200E-016, -1.000000000000000000 ) ) ;
#1721 = ORIENTED_EDGE ( 'NONE', *, *, #1604, .F. ) ;
#1722 = CARTESIAN_POINT ( 'NONE',  ( -1.265060653844733100, -3.054126587736531100, -8.468750000000005300 ) ) ;
#1723 = CARTESIAN_POINT ( 'NONE',  ( 0.9736010864139224000, -2.350480947161678100, 4.187500000000000000 ) ) ;
#1724 = EDGE_CURVE ( 'NONE', #2138, #191, #3512, .T. ) ;
#1725 = CARTESIAN_POINT ( 'NONE',  ( 0.9736010864139245100, 2.350480947161668800, -4.437500000000000900 ) ) ;
#1726 =( BOUNDED_CURVE ( )  B_SPLINE_CURVE ( 2, ( #183, #1641, #161, #2191, #1632, #471, #3329, #148, #526 ),
 .UNSPECIFIED., .F., .T. ) 
 B_SPLINE_CURVE_WITH_KNOTS ( ( 3, 2, 2, 2, 3 ),
 ( 0.1993933762444428400, 0.2017499436698431400, 0.2041065110952434700, 0.2064630785206437700, 0.2088196459460440700 ),
 .UNSPECIFIED. ) 
 CURVE ( )  GEOMETRIC_REPRESENTATION_ITEM ( )  RATIONAL_B_SPLINE_CURVE ( ( 0.9999999999995831100, 0.9238795325117036300, 1.000000000000000000, 0.9238795325112867400, 1.000000000000000000, 0.9238795325112867400, 1.000000000000000000, 0.9238795325120607900, 0.9999999999992259500 ) ) 
 REPRESENTATION_ITEM ( '' )  );
#1727 = CARTESIAN_POINT ( 'NONE',  ( 1.662041016787797900, 1.662041016787792100, 3.374999999999999600 ) ) ;
#1728 = AXIS2_PLACEMENT_3D ( 'NONE', #491, #3353, #463 ) ;
#1729 = CARTESIAN_POINT ( 'NONE',  ( 1.265060653844735100, 3.054126587736523100, 0.9687500000000008900 ) ) ;
#1730 = CARTESIAN_POINT ( 'NONE',  ( -3.000000000000002700, 1.242640687119284100, -5.812500000000000000 ) ) ;
#1731 =( BOUNDED_CURVE ( )  B_SPLINE_CURVE ( 2, ( #458, #1950, #2487, #186, #2799, #748, #2223, #3077, #1055 ),
 .UNSPECIFIED., .F., .T. ) 
 B_SPLINE_CURVE_WITH_KNOTS ( ( 3, 2, 2, 2, 3 ),
 ( 0.07683016858101171500, 0.07918676654333128800, 0.08154336450565083400, 0.08389996246797037900, 0.08625656043028992500 ),
 .UNSPECIFIED. ) 
 CURVE ( )  GEOMETRIC_REPRESENTATION_ITEM ( )  RATIONAL_B_SPLINE_CURVE ( ( 1.000000000000414600, 0.9238795325108721800, 1.000000000000000000, 0.9238795325112867400, 1.000000000000000000, 0.9238795325112867400, 1.000000000000000000, 0.9238795325119398800, 0.9999999999993468600 ) ) 
 REPRESENTATION_ITEM ( '' )  );
#1732 = CARTESIAN_POINT ( 'NONE',  ( 3.000000000000001800, -1.242640687119293200, 3.687500000000000400 ) ) ;
#1733 = ORIENTED_EDGE ( 'NONE', *, *, #1604, .T. ) ;
#1734 = CARTESIAN_POINT ( 'NONE',  ( -2.878508968398380700E-016, -2.350480947161676300, 0.0000000000000000000 ) ) ;
#1735 = CARTESIAN_POINT ( 'NONE',  ( 2.350480947161671900, -0.9736010864139272900, -3.812500000000000900 ) ) ;
#1736 = ADVANCED_FACE ( 'NONE', ( #475 ), #1578, .T. ) ;
#1737 = DIRECTION ( 'NONE',  ( 0.0000000000000000000, 1.000000000000000000, 0.0000000000000000000 ) ) ;
#1738 = CARTESIAN_POINT ( 'NONE',  ( 3.673940397442059900E-016, -2.999999999999999600, -8.000000000000000000 ) ) ;
#1739 = VERTEX_POINT ( 'NONE', #871 ) ;
#1740 = DIRECTION ( 'NONE',  ( -0.0000000000000000000, 1.224646799147353200E-016, -1.000000000000000000 ) ) ;
#1741 = CARTESIAN_POINT ( 'NONE',  ( -3.740226349862368200E-016, -3.054126587736531100, -7.406250000000006200 ) ) ;
#1742 = CARTESIAN_POINT ( 'NONE',  ( -2.350480947161672300, 0.9736010864139180700, 2.812499999999999100 ) ) ;
#1743 = ORIENTED_EDGE ( 'NONE', *, *, #763, .F. ) ;
#1744 = CARTESIAN_POINT ( 'NONE',  ( -2.350480947161672300, 0.9736010864139190700, -1.187500000000000400 ) ) ;
#1745 = CARTESIAN_POINT ( 'NONE',  ( -3.054126587736528900, -2.423364599934282700E-015, -5.718750000000000000 ) ) ;
#1746 = EDGE_CURVE ( 'NONE', #3391, #1356, #2659, .T. ) ;
#1747 = CARTESIAN_POINT ( 'NONE',  ( -2.159593620790630600, 2.159593620790626600, 1.156249999999999300 ) ) ;
#1748 = VERTEX_POINT ( 'NONE', #1155 ) ;
#1749 = CARTESIAN_POINT ( 'NONE',  ( -2.590115323979463200, 0.5675288494732279000, -7.454173397100694500 ) ) ;
#1750 = CARTESIAN_POINT ( 'NONE',  ( -1.662041016787797500, 1.662041016787792800, 2.624999999999998700 ) ) ;
#1751 = CARTESIAN_POINT ( 'NONE',  ( 0.9736010864139224000, -2.350480947161677200, 1.062499999999999100 ) ) ;
#1752 = CARTESIAN_POINT ( 'NONE',  ( 2.121320343559863100, 2.121320343559857800, 1.999999999999819300 ) ) ;
#1753 = CARTESIAN_POINT ( 'NONE',  ( 3.000000000000034600, 1.242640687119295400, 2.937499999999976900 ) ) ;
#1754 = DIRECTION ( 'NONE',  ( 0.0000000000000000000, -1.000000000000000000, 0.0000000000000000000 ) ) ;
#1755 = CARTESIAN_POINT ( 'NONE',  ( 2.159593620790630600, -2.159593620790633700, -5.281250000000006200 ) ) ;
#1756 = CARTESIAN_POINT ( 'NONE',  ( 1.662041016787797500, -1.662041016787801900, -0.7500000000000006700 ) ) ;
#1757 = CIRCLE ( 'NONE', #3635, 2.309401076758501100 ) ;
#1758 = CARTESIAN_POINT ( 'NONE',  ( 3.054126587736528000, -1.265060653844737800, -4.281250000000000900 ) ) ;
#1759 = CARTESIAN_POINT ( 'NONE',  ( 1.265060653844735100, 3.054126587736524000, -0.03125000000000002800 ) ) ;
#1760 = CARTESIAN_POINT ( 'NONE',  ( -2.121320343559644600, 2.121320343559641900, -5.874999999999999100 ) ) ;
#1761 = CARTESIAN_POINT ( 'NONE',  ( 0.0000000000000000000, -3.000000000000001300, 4.700000000000001100 ) ) ;
#1762 = VECTOR ( 'NONE', #3300, 1000.000000000000000 ) ;
#1763 = CARTESIAN_POINT ( 'NONE',  ( 2.350480947161671900, -0.9736010864139282800, -0.8125000000000007800 ) ) ;
#1764 = CYLINDRICAL_SURFACE ( 'NONE', #286, 3.000000000000000000 ) ;
#1765 = CARTESIAN_POINT ( 'NONE',  ( -0.9736010864139232900, -2.350480947161676800, 0.9374999999999993300 ) ) ;
#1766 = PERSON_AND_ORGANIZATION_ROLE ( 'design_owner' ) ;
#1767 = CARTESIAN_POINT ( 'NONE',  ( -3.673940397442054400E-016, -3.000000000000000000, 2.624999999999997800 ) ) ;
#1768 = CARTESIAN_POINT ( 'NONE',  ( -3.673940397442062800E-016, -3.000000000000008000, 3.500000000000000000 ) ) ;
#1769 = CARTESIAN_POINT ( 'NONE',  ( 0.0000000000000000000, 2.999999999999999100, -1.875000000000003300 ) ) ;
#1770 = CARTESIAN_POINT ( 'NONE',  ( -1.265060653844733100, -3.054126587736532900, -4.468750000000005300 ) ) ;
#1771 = CARTESIAN_POINT ( 'NONE',  ( -0.1562637621166969000, -2.219182151635845600, 7.909781074877355600 ) ) ;
#1772 = CARTESIAN_POINT ( 'NONE',  ( 0.9736010864139245100, 2.350480947161667900, -2.437500000000000400 ) ) ;
#1773 = CARTESIAN_POINT ( 'NONE',  ( 2.159593620790630600, -2.159593620790633200, -7.343750000000000900 ) ) ;
#1774 = CARTESIAN_POINT ( 'NONE',  ( -3.054126587736528900, -1.265060653844738200, 5.343749999999999100 ) ) ;
#1775 = DIRECTION ( 'NONE',  ( -0.0000000000000000000, 1.224646799147353200E-016, -1.000000000000000000 ) ) ;
#1776 = ORIENTED_EDGE ( 'NONE', *, *, #2187, .F. ) ;
#1777 = CARTESIAN_POINT ( 'NONE',  ( 0.0000000000000000000, 3.000000000000000400, -8.000000000000000000 ) ) ;
#1778 = CARTESIAN_POINT ( 'NONE',  ( 0.0000000000000000000, 2.350480947161668300, -0.5000000000000004400 ) ) ;
#1779 = CARTESIAN_POINT ( 'NONE',  ( 2.350480947161671900, 0.9736010864139191800, 0.3125000000000002800 ) ) ;
#1780 = ADVANCED_FACE ( 'NONE', ( #3414 ), #123, .T. ) ;
#1781 = ORIENTED_EDGE ( 'NONE', *, *, #1554, .T. ) ;
#1782 = CARTESIAN_POINT ( 'NONE',  ( -3.000000000000002700, -1.242640687119290300, -0.6874999999999992200 ) ) ;
#1783 = CARTESIAN_POINT ( 'NONE',  ( 2.214370618586986700, -1.110192551441760100, -7.630311614170739900 ) ) ;
#1784 = CARTESIAN_POINT ( 'NONE',  ( 3.054126587736528500, 1.265060653844730900, -6.093750000000004400 ) ) ;
#1785 = UNCERTAINTY_MEASURE_WITH_UNIT (LENGTH_MEASURE( 1.000000000000000100E-005 ), #2367, 'distance_accuracy_value', 'NONE');
#1786 = CARTESIAN_POINT ( 'NONE',  ( -2.121320343559644600, 2.121320343559641100, -2.874999999999999100 ) ) ;
#1787 = EDGE_CURVE ( 'NONE', #152, #632, #2929, .T. ) ;
#1788 = CARTESIAN_POINT ( 'NONE',  ( -2.350480947161672300, 0.9736010864139187400, 0.8124999999999990000 ) ) ;
#1789 = CARTESIAN_POINT ( 'NONE',  ( -2.159593620790631000, -2.159593620790633700, -5.593750000000000000 ) ) ;
#1790 = AXIS2_PLACEMENT_3D ( 'NONE', #1635, #185, #1439 ) ;
#1791 = CARTESIAN_POINT ( 'NONE',  ( -3.054126587736528900, 1.265060653844727300, 5.218749999999999100 ) ) ;
#1792 = CARTESIAN_POINT ( 'NONE',  ( 1.662041016787797500, -1.662041016787802100, 1.124999999999999300 ) ) ;
#1793 = ORIENTED_EDGE ( 'NONE', *, *, #3550, .F. ) ;
#1794 = ORIENTED_EDGE ( 'NONE', *, *, #2566, .F. ) ;
#1795 = DIRECTION ( 'NONE',  ( -0.0000000000000000000, 1.224646799147353200E-016, -1.000000000000000000 ) ) ;
#1796 = CARTESIAN_POINT ( 'NONE',  ( -1.242640687119595400, 2.999999999999734400, 2.187499999999998700 ) ) ;
#1797 = VERTEX_POINT ( 'NONE', #3188 ) ;
#1798 = CARTESIAN_POINT ( 'NONE',  ( 1.753773599790809500, 2.433984009946816900, -7.099999999999998800 ) ) ;
#1799 = CARTESIAN_POINT ( 'NONE',  ( 1.265060653844735100, 3.054126587736525300, -3.968750000000002700 ) ) ;
#1800 = CARTESIAN_POINT ( 'NONE',  ( -2.333355606272191900E-011, -3.000000000000000000, -5.375000000001176800 ) ) ;
#1801 = CARTESIAN_POINT ( 'NONE',  ( 0.9736010864139224000, -2.350480947161677200, 1.187499999999999300 ) ) ;
#1802 = CARTESIAN_POINT ( 'NONE',  ( -2.159593620790631000, -2.159593620790632800, -7.593750000000000000 ) ) ;
#1803 = EDGE_CURVE ( 'NONE', #277, #3079, #1686, .T. ) ;
#1804 = CARTESIAN_POINT ( 'NONE',  ( 2.350480947161671900, 0.9736010864139215100, -7.562500000000000900 ) ) ;
#1805 = CARTESIAN_POINT ( 'NONE',  ( 1.667326742036600700, -1.656738427833330400, -7.749519053019761300 ) ) ;
#1806 = CARTESIAN_POINT ( 'NONE',  ( -2.350480947161672300, -0.9736010864139277300, 2.812499999999999100 ) ) ;
#1807 = CC_DESIGN_APPROVAL ( #3346, ( #2496 ) ) ;
#1808 = CARTESIAN_POINT ( 'NONE',  ( -2.878508968398380700E-016, -2.350480947161675400, -3.875000000000000000 ) ) ;
#1809 = CARTESIAN_POINT ( 'NONE',  ( -1.242640687119286800, -3.000000000000008400, 4.437500000000001800 ) ) ;
#1810 = CARTESIAN_POINT ( 'NONE',  ( -2.121320343559644600, 2.121320343559639300, 3.125000000000000000 ) ) ;
#1811 = EDGE_CURVE ( 'NONE', #1316, #2809, #2167, .T. ) ;
#1812 = CARTESIAN_POINT ( 'NONE',  ( 3.054126587736528500, 1.265060653844729800, -1.093750000000004400 ) ) ;
#1813 = DIRECTION ( 'NONE',  ( 0.0000000000000000000, 1.000000000000000000, 0.0000000000000000000 ) ) ;
#1814 = CYLINDRICAL_SURFACE ( 'NONE', #1700, 6.000000000000000000 ) ;
#1815 = CARTESIAN_POINT ( 'NONE',  ( 0.9736010864139245100, 2.350480947161667400, 2.562500000000000400 ) ) ;
#1816 = CYLINDRICAL_SURFACE ( 'NONE', #2947, 3.000000000000000000 ) ;
#1817 = CARTESIAN_POINT ( 'NONE',  ( -3.740226349862368200E-016, -3.054126587736532400, -3.468749999999999600 ) ) ;
#1818 = CARTESIAN_POINT ( 'NONE',  ( -1.265060653844733100, -3.054126587736534200, 3.468749999999999600 ) ) ;
#1819 = DIRECTION ( 'NONE',  ( -0.0000000000000000000, 1.224646799147353200E-016, -1.000000000000000000 ) ) ;
#1820 = DIRECTION ( 'NONE',  ( 0.0000000000000000000, -1.224646799147353200E-016, 1.000000000000000000 ) ) ;
#1821 = CARTESIAN_POINT ( 'NONE',  ( 2.350480947161671900, -0.9736010864139272900, -3.687500000000000900 ) ) ;
#1822 = DATE_AND_TIME ( #3034, #42 ) ;
#1823 = MECHANICAL_CONTEXT ( 'NONE', #333, 'mechanical' ) ;
#1824 = DIRECTION ( 'NONE',  ( -0.0000000000000000000, 1.224646799147353200E-016, -1.000000000000000000 ) ) ;
#1825 = CARTESIAN_POINT ( 'NONE',  ( 0.0000000000000000000, 3.054126587736525300, -1.906250000000002700 ) ) ;
#1826 = CARTESIAN_POINT ( 'NONE',  ( 0.0000000000000000000, 2.999999999999999600, -0.8750000000000035500 ) ) ;
#1827 = CARTESIAN_POINT ( 'NONE',  ( -0.9736010864139230700, 2.350480947161669200, -4.437500000000000900 ) ) ;
#1828 = VERTEX_POINT ( 'NONE', #576 ) ;
#1829 = CARTESIAN_POINT ( 'NONE',  ( 2.350480947161671900, -0.9736010864139287300, 1.312499999999999600 ) ) ;
#1830 = CARTESIAN_POINT ( 'NONE',  ( 1.265060653844735100, 3.054126587736524900, -3.031250000000000000 ) ) ;
#1831 = CARTESIAN_POINT ( 'NONE',  ( 1.265060653844735100, 3.054126587736522200, 3.968750000000000400 ) ) ;
#1832 = CARTESIAN_POINT ( 'NONE',  ( -1.662041016787797500, 1.662041016787795500, -7.250000000000000000 ) ) ;
#1833 = CARTESIAN_POINT ( 'NONE',  ( 0.9736010864139245100, 2.350480947161666600, 4.437500000000000900 ) ) ;
#1834 = CARTESIAN_POINT ( 'NONE',  ( -2.878508968398380700E-016, -2.350480947161675900, -1.875000000000000000 ) ) ;
#1835 = AXIS2_PLACEMENT_3D ( 'NONE', #3625, #214, #2232 ) ;
#1836 = DIRECTION ( 'NONE',  ( -0.0000000000000000000, -0.0000000000000000000, 1.000000000000000000 ) ) ;
#1837 = CARTESIAN_POINT ( 'NONE',  ( -3.054126587736528900, -3.001327758036170400E-015, -3.656250000000004000 ) ) ;
#1838 = CARTESIAN_POINT ( 'NONE',  ( 2.350480947161672300, -4.154293491155943200E-015, -1.750000000000000700 ) ) ;
#1839 = ORIENTED_EDGE ( 'NONE', *, *, #1205, .T. ) ;
#1840 = CARTESIAN_POINT ( 'NONE',  ( 1.662041016787797500, -1.662041016787802400, 1.249999999999999300 ) ) ;
#1841 = CARTESIAN_POINT ( 'NONE',  ( -3.054126587736528900, -1.265060653844736200, -1.656249999999999800 ) ) ;
#1842 = AXIS2_PLACEMENT_3D ( 'NONE', #765, #1074, #773 ) ;
#1843 = CARTESIAN_POINT ( 'NONE',  ( -2.350480947161672300, 0.9736010864139202900, -5.187500000000001800 ) ) ;
#1844 = CARTESIAN_POINT ( 'NONE',  ( 2.279789981859874400, 1.555549890351790800, 4.700000000000000200 ) ) ;
#1845 = EDGE_LOOP ( 'NONE', ( #16, #824 ) ) ;
#1846 = CARTESIAN_POINT ( 'NONE',  ( -2.878508968398380700E-016, -2.350480947161677700, 4.000000000000000000 ) ) ;
#1847 = CARTESIAN_POINT ( 'NONE',  ( 1.662041016787797900, 1.662041016787793300, -1.500000000000000400 ) ) ;
#1848 = CARTESIAN_POINT ( 'NONE',  ( 3.673940397442059900E-016, -2.999999999999999600, -8.000000000000000000 ) ) ;
#1849 = CARTESIAN_POINT ( 'NONE',  ( -1.821459649775647400E-014, -2.309401076758493600, 8.000000000000000000 ) ) ;
#1850 = CARTESIAN_POINT ( 'NONE',  ( 2.000000000000000000, 0.9760416760967155500, 7.910670568858730400 ) ) ;
#1851 = CARTESIAN_POINT ( 'NONE',  ( 3.054126587736528000, -1.265060653844738200, -2.218750000000004900 ) ) ;
#1852 = DIRECTION ( 'NONE',  ( -0.0000000000000000000, 1.224646799147353200E-016, -1.000000000000000000 ) ) ;
#1853 = CARTESIAN_POINT ( 'NONE',  ( 0.9736010864139245100, 2.350480947161669200, -5.562500000000002700 ) ) ;
#1854 = CARTESIAN_POINT ( 'NONE',  ( 1.662041016787797900, 1.662041016787791700, 4.500000000000000900 ) ) ;
#1855 = CARTESIAN_POINT ( 'NONE',  ( -2.878508968398380700E-016, -2.350480947161675000, -5.875000000000000000 ) ) ;
#1856 = CARTESIAN_POINT ( 'NONE',  ( -0.9736010864139232900, -2.350480947161675000, -5.937500000000000000 ) ) ;
#1857 = CARTESIAN_POINT ( 'NONE',  ( 2.235440221225834600, -0.7263385576271117500, 5.200313968591988400 ) ) ;
#1858 = CARTESIAN_POINT ( 'NONE',  ( -1.662041016787797700, -1.662041016787801000, -2.000000000000000000 ) ) ;
#1859 =( BOUNDED_CURVE ( )  B_SPLINE_CURVE ( 2, ( #1075, #1960, #2833, #1359, #3114, #1385, #3670, #796, #1085 ),
 .UNSPECIFIED., .F., .F. ) 
 B_SPLINE_CURVE_WITH_KNOTS ( ( 3, 2, 2, 2, 3 ),
 ( 0.1805356909440471700, 0.1828929142483966500, 0.1852501375527461600, 0.1876073608570956200, 0.1899645841614451300 ),
 .UNSPECIFIED. ) 
 CURVE ( )  GEOMETRIC_REPRESENTATION_ITEM ( )  RATIONAL_B_SPLINE_CURVE ( ( 1.000000000000675900, 0.9238795325106109500, 1.000000000000000000, 0.9238795325112867400, 1.000000000000000000, 0.9238795325112867400, 1.000000000000000000, 0.9238795325104982600, 1.000000000000788500 ) ) 
 REPRESENTATION_ITEM ( '' )  );
#1860 = FACE_OUTER_BOUND ( 'NONE', #157, .T. ) ;
#1861 = CYLINDRICAL_SURFACE ( 'NONE', #1630, 3.000000000000000000 ) ;
#1862 = EDGE_CURVE ( 'NONE', #2624, #2527, #32, .T. ) ;
#1863 = CARTESIAN_POINT ( 'NONE',  ( 1.265060653844732400, -3.054126587736533800, -1.343750000000006200 ) ) ;
#1864 = CARTESIAN_POINT ( 'NONE',  ( 0.0000000000000000000, 3.000000000000000400, -8.000000000000000000 ) ) ;
#1865 = CARTESIAN_POINT ( 'NONE',  ( 1.662041016787797900, 1.662041016787794600, -5.625000000000000900 ) ) ;
#1866 = CARTESIAN_POINT ( 'NONE',  ( -2.350480947161672300, -5.435079417439906600E-015, 4.874999999999999100 ) ) ;
#1867 = CARTESIAN_POINT ( 'NONE',  ( 0.9736010864139224000, -2.350480947161675400, -4.812500000000000900 ) ) ;
#1868 = CARTESIAN_POINT ( 'NONE',  ( 0.9736010864139224000, -2.350480947161675900, -3.812500000000000900 ) ) ;
#1869 = DIRECTION ( 'NONE',  ( -0.0000000000000000000, 0.0000000000000000000, 1.000000000000000000 ) ) ;
#1870 = CARTESIAN_POINT ( 'NONE',  ( -2.350480947161672300, -0.9736010864139270600, -0.06250000000000005600 ) ) ;
#1871 = VERTEX_POINT ( 'NONE', #1470 ) ;
#1872 = APPROVAL_ROLE ( '' ) ;
#1873 = DIRECTION ( 'NONE',  ( -0.0000000000000000000, 1.224646799147353200E-016, -1.000000000000000000 ) ) ;
#1874 = CARTESIAN_POINT ( 'NONE',  ( 2.350480947161671900, -0.9736010864139266200, -6.812500000000001800 ) ) ;
#1875 = CARTESIAN_POINT ( 'NONE',  ( -3.000000000000002700, -1.242640687119290300, 0.3125000000000009400 ) ) ;
#1876 = ORIENTED_EDGE ( 'NONE', *, *, #2696, .T. ) ;
#1877 = CARTESIAN_POINT ( 'NONE',  ( 2.159593620790630600, -2.159593620790635400, 0.7187499999999936700 ) ) ;
#1878 = DIRECTION ( 'NONE',  ( 0.7071067811865487900, 0.0000000000000000000, 0.7071067811865463500 ) ) ;
#1879 = CARTESIAN_POINT ( 'NONE',  ( -1.662041016787797500, 1.662041016787794100, -2.375000000000000400 ) ) ;
#1880 = EDGE_CURVE ( 'NONE', #3493, #3039, #812, .T. ) ;
#1881 = CARTESIAN_POINT ( 'NONE',  ( -2.878508968398380700E-016, -2.350480947161674500, -6.875000000000000900 ) ) ;
#1882 = CARTESIAN_POINT ( 'NONE',  ( -2.350480947161672300, -4.314181171424124300E-015, 0.8749999999999990000 ) ) ;
#1883 = EDGE_CURVE ( 'NONE', #1316, #3520, #2407, .T. ) ;
#1884 = CARTESIAN_POINT ( 'NONE',  ( 3.054126587736528500, 1.265060653844729800, -1.156250000000000400 ) ) ;
#1885 = EDGE_LOOP ( 'NONE', ( #2740, #3182 ) ) ;
#1886 = CARTESIAN_POINT ( 'NONE',  ( 1.662041016787797900, 1.662041016787795300, -7.625000000000000900 ) ) ;
#1887 = EDGE_LOOP ( 'NONE', ( #1268, #1839 ) ) ;
#1888 = CARTESIAN_POINT ( 'NONE',  ( -1.265060653844733100, -3.054126587736533800, 2.531249999999993800 ) ) ;
#1889 = CARTESIAN_POINT ( 'NONE',  ( -2.333355606272191900E-011, -3.000000000000000400, -5.375000000001176800 ) ) ;
#1890 = CARTESIAN_POINT ( 'NONE',  ( -1.662041016787797500, 1.662041016787793900, -1.375000000000000400 ) ) ;
#1891 = EDGE_LOOP ( 'NONE', ( #529, #2524, #2812, #3443 ) ) ;
#1892 = CARTESIAN_POINT ( 'NONE',  ( 2.350480947161671900, -0.9736010864139297300, 4.312500000000000900 ) ) ;
#1893 = CARTESIAN_POINT ( 'NONE',  ( -0.9736010864139232900, -2.350480947161675400, -3.937500000000000000 ) ) ;
#1894 = CARTESIAN_POINT ( 'NONE',  ( -1.662041016787797700, -1.662041016787801900, 0.9999999999999991100 ) ) ;
#1895 = CARTESIAN_POINT ( 'NONE',  ( 2.992977325919867800, 0.06041832059649576700, -7.113808028875323200 ) ) ;
#1896 = CARTESIAN_POINT ( 'NONE',  ( 2.121320343559644600, -2.121320343559647700, -5.374999999999999100 ) ) ;
#1897 = CARTESIAN_POINT ( 'NONE',  ( -0.9736010864139231800, 2.350480947161669700, -5.437500000000001800 ) ) ;
#1898 = CARTESIAN_POINT ( 'NONE',  ( 0.9736010864139224000, -2.350480947161675000, -6.937500000000000900 ) ) ;
#1899 = CARTESIAN_POINT ( 'NONE',  ( 2.159593620790630600, -2.159593620790636300, 3.718749999999994700 ) ) ;
#1900 = DIRECTION ( 'NONE',  ( 0.0000000000000000000, 0.0000000000000000000, -1.000000000000000000 ) ) ;
#1901 = CARTESIAN_POINT ( 'NONE',  ( 0.9736010864139245100, 2.350480947161667900, 0.4375000000000003300 ) ) ;
#1902 = CARTESIAN_POINT ( 'NONE',  ( 2.121320343559653500, 2.121320343559648200, -9.469828350303077800E-015 ) ) ;
#1903 =( BOUNDED_CURVE ( )  B_SPLINE_CURVE ( 2, ( #2798, #2790, #3653, #1102, #2222, #506, #3127, #2513, #882 ),
 .UNSPECIFIED., .F., .T. ) 
 B_SPLINE_CURVE_WITH_KNOTS ( ( 3, 2, 2, 2, 3 ),
 ( 0.1711093418939864100, 0.1734659291565016100, 0.1758225164190168100, 0.1781791036815319800, 0.1805356909440471700 ),
 .UNSPECIFIED. ) 
 CURVE ( )  GEOMETRIC_REPRESENTATION_ITEM ( )  RATIONAL_B_SPLINE_CURVE ( ( 0.9999999999995787800, 0.9238795325117079600, 1.000000000000000000, 0.9238795325112867400, 1.000000000000000000, 0.9238795325112867400, 1.000000000000000000, 0.9238795325119625300, 0.9999999999993242100 ) ) 
 REPRESENTATION_ITEM ( '' )  );
#1904 = CARTESIAN_POINT ( 'NONE',  ( -2.350480947161672300, 0.9736010864139202900, -5.187500000000000900 ) ) ;
#1905 = CYLINDRICAL_SURFACE ( 'NONE', #1271, 3.000000000000000000 ) ;
#1906 = AXIS2_PLACEMENT_3D ( 'NONE', #774, #1654, #3405 ) ;
#1907 = CARTESIAN_POINT ( 'NONE',  ( -2.878508968398380700E-016, -2.350480947161676800, 1.124999999999999300 ) ) ;
#1908 = CARTESIAN_POINT ( 'NONE',  ( -1.574013676125333600, 1.752363319788290400, 4.699999999999998400 ) ) ;
#1909 = CARTESIAN_POINT ( 'NONE',  ( 0.9736010864139245100, 2.350480947161669700, -6.562500000000000900 ) ) ;
#1910 = CARTESIAN_POINT ( 'NONE',  ( 2.350480947161671900, -0.9736010864139266200, -6.812500000000001800 ) ) ;
#1911 = CARTESIAN_POINT ( 'NONE',  ( 1.265060653844732400, -3.054126587736534700, 2.656249999999993800 ) ) ;
#1912 = DIRECTION ( 'NONE',  ( -0.0000000000000000000, 1.224646799147353200E-016, -1.000000000000000000 ) ) ;
#1913 = ORIENTED_EDGE ( 'NONE', *, *, #3019, .F. ) ;
#1914 = CARTESIAN_POINT ( 'NONE',  ( -1.242640687119442000, 2.999999999999841500, -6.812499999999989300 ) ) ;
#1915 = CARTESIAN_POINT ( 'NONE',  ( 2.146987779271481200E-011, -3.000000000000000000, -1.374999999998923100 ) ) ;
#1916 = CARTESIAN_POINT ( 'NONE',  ( -0.9736010864139232900, -2.350480947161676300, 0.06250000000000005600 ) ) ;
#1917 = VERTEX_POINT ( 'NONE', #1520 ) ;
#1918 = CARTESIAN_POINT ( 'NONE',  ( -0.9736010864139230700, 2.350480947161667900, 2.687499999999999100 ) ) ;
#1919 = CARTESIAN_POINT ( 'NONE',  ( 2.104847632927449900, -2.015816372382361900, -7.193100484109871600 ) ) ;
#1920 = CARTESIAN_POINT ( 'NONE',  ( 0.0000000000000000000, 6.279894725374701700E-016, -8.000000000000000000 ) ) ;
#1921 = CARTESIAN_POINT ( 'NONE',  ( -2.159593620790631000, -2.159593620790635400, 1.468749999999994400 ) ) ;
#1922 = CARTESIAN_POINT ( 'NONE',  ( 2.121320343559644600, -2.121320343559648200, -4.375000000000000000 ) ) ;
#1923 = CC_DESIGN_DATE_AND_TIME_ASSIGNMENT ( #2293, #3559, ( #168 ) ) ;
#1924 = ORIENTED_EDGE ( 'NONE', *, *, #3714, .F. ) ;
#1925 = CARTESIAN_POINT ( 'NONE',  ( 1.662041016787797500, -1.662041016787802100, 0.2500000000000002200 ) ) ;
#1926 = ORIENTED_EDGE ( 'NONE', *, *, #3707, .T. ) ;
#1927 = CARTESIAN_POINT ( 'NONE',  ( -1.662041016787797700, -1.662041016787802800, 4.000000000000000000 ) ) ;
#1928 = ORIENTED_EDGE ( 'NONE', *, *, #3390, .F. ) ;
#1929 = EDGE_CURVE ( 'NONE', #1739, #3592, #1380, .T. ) ;
#1930 = CARTESIAN_POINT ( 'NONE',  ( -3.673940397442062800E-016, -3.000000000000007100, -0.4999999999999998900 ) ) ;
#1931 = AXIS2_PLACEMENT_3D ( 'NONE', #3285, #3016, #100 ) ;
#1932 = DIRECTION ( 'NONE',  ( 8.659560562354947600E-017, 0.7071067811865485700, 0.7071067811865465700 ) ) ;
#1933 = CARTESIAN_POINT ( 'NONE',  ( -2.878508968398380700E-016, -2.350480947161675900, -2.875000000000000900 ) ) ;
#1934 = CARTESIAN_POINT ( 'NONE',  ( -1.662041016787797700, -1.662041016787803000, 4.999999999999999100 ) ) ;
#1935 = CARTESIAN_POINT ( 'NONE',  ( 3.000000000000047500, 1.242640687119301600, -2.062500000000030600 ) ) ;
#1936 = CARTESIAN_POINT ( 'NONE',  ( 0.0000000000000000000, 8.127580809560354500E-015, 8.000000000000000000 ) ) ;
#1937 = LINE ( 'NONE', #1761, #1153 ) ;
#1938 = EDGE_CURVE ( 'NONE', #1289, #227, #1333, .T. ) ;
#1939 = PLANE ( 'NONE',  #1790 ) ;
#1940 = VECTOR ( 'NONE', #1852, 1000.000000000000000 ) ;
#1941 = ORIENTED_EDGE ( 'NONE', *, *, #302, .T. ) ;
#1942 = CARTESIAN_POINT ( 'NONE',  ( -3.000000000000000000, -2.172725388692347200E-015, -6.625000000000003600 ) ) ;
#1943 = CARTESIAN_POINT ( 'NONE',  ( -0.9736010864139232900, -2.350480947161675900, -2.937500000000000000 ) ) ;
#1944 = CARTESIAN_POINT ( 'NONE',  ( 2.350480947161672300, -2.753170683636214500E-015, -6.750000000000000900 ) ) ;
#1945 = CARTESIAN_POINT ( 'NONE',  ( -2.350480947161672300, -0.9736010864139254000, -6.062500000000000000 ) ) ;
#1946 = CARTESIAN_POINT ( 'NONE',  ( -1.974060024552401600, 1.285005532224404700, 4.700000000000000200 ) ) ;
#1947 = ORIENTED_EDGE ( 'NONE', *, *, #3401, .F. ) ;
#1948 = CARTESIAN_POINT ( 'NONE',  ( 0.0000000000000000000, 3.000000000000000900, -2.875000000000003600 ) ) ;
#1949 = CARTESIAN_POINT ( 'NONE',  ( -2.999999999999999600, 1.242640687119280100, 3.312499999999997800 ) ) ;
#1950 = CARTESIAN_POINT ( 'NONE',  ( -1.242640687114111600, -3.000000000005198100, 0.5625000000003548300 ) ) ;
#1951 = CARTESIAN_POINT ( 'NONE',  ( -0.9736010864139231800, -2.350480947161677200, 1.937500000000000000 ) ) ;
#1952 = ORIENTED_EDGE ( 'NONE', *, *, #1929, .F. ) ;
#1953 = CARTESIAN_POINT ( 'NONE',  ( -1.662041016787797500, 1.662041016787793500, -0.2500000000000002200 ) ) ;
#1954 = CARTESIAN_POINT ( 'NONE',  ( -0.9736010864139231800, -2.350480947161678100, 5.062500000000000900 ) ) ;
#1955 = CARTESIAN_POINT ( 'NONE',  ( 1.662041016787797500, -1.662041016787801000, -4.750000000000000900 ) ) ;
#1956 = ORIENTED_EDGE ( 'NONE', *, *, #384, .F. ) ;
#1957 = CARTESIAN_POINT ( 'NONE',  ( 1.662041016787797900, 1.662041016787794400, -4.625000000000000900 ) ) ;
#1958 = DIRECTION ( 'NONE',  ( -0.0000000000000000000, -0.0000000000000000000, 1.000000000000000000 ) ) ;
#1959 = CARTESIAN_POINT ( 'NONE',  ( -2.159593620790630600, 2.159593620790626100, 4.218749999999996400 ) ) ;
#1960 = CARTESIAN_POINT ( 'NONE',  ( 1.242640687110848000, 3.000000000008452300, -4.937499999999408500 ) ) ;
#1961 = VERTEX_POINT ( 'NONE', #3201 ) ;
#1962 = ORIENTED_EDGE ( 'NONE', *, *, #1982, .T. ) ;
#1963 = CARTESIAN_POINT ( 'NONE',  ( -2.350480947161672300, -4.279153101236131200E-015, 0.7499999999999988900 ) ) ;
#1964 = CARTESIAN_POINT ( 'NONE',  ( 2.551645451822291300, 0.2468181795993794100, 5.271193436556362000 ) ) ;
#1965 = ORIENTED_EDGE ( 'NONE', *, *, #807, .F. ) ;
#1966 = CARTESIAN_POINT ( 'NONE',  ( -0.9736010864139230700, 2.350480947161667400, 3.687499999999999600 ) ) ;
#1967 = CARTESIAN_POINT ( 'NONE',  ( -2.350480947161672300, -0.9736010864139247300, -8.062500000000000000 ) ) ;
#1968 = CARTESIAN_POINT ( 'NONE',  ( -2.350480947161672300, 0.9736010864139180700, 2.687499999999999100 ) ) ;
#1969 = EDGE_CURVE ( 'NONE', #2158, #3187, #767, .T. ) ;
#1970 = CARTESIAN_POINT ( 'NONE',  ( -0.9736010864139231800, -2.350480947161675900, -2.062500000000000000 ) ) ;
#1971 = CARTESIAN_POINT ( 'NONE',  ( -2.350480947161672300, -0.9736010864139261800, -3.187500000000000400 ) ) ;
#1972 = CARTESIAN_POINT ( 'NONE',  ( -3.000000000000045700, -3.293623634708120100E-015, -2.625000000000029800 ) ) ;
#1973 = CARTESIAN_POINT ( 'NONE',  ( 0.0000000000000000000, 0.0000000000000000000, 4.700000000000000200 ) ) ;
#1974 = CARTESIAN_POINT ( 'NONE',  ( 1.662041016787797500, -1.662041016787801700, -0.8750000000000007800 ) ) ;
#1975 = CARTESIAN_POINT ( 'NONE',  ( -2.350480947161672300, -4.839602224244022400E-015, 2.749999999999999100 ) ) ;
#1976 = CARTESIAN_POINT ( 'NONE',  ( 2.350480947161672300, -5.029995245855773000E-015, 1.374999999999999600 ) ) ;
#1977 = CARTESIAN_POINT ( 'NONE',  ( -2.350480947161672300, -0.9736010864139254000, -6.187500000000000900 ) ) ;
#1978 = CARTESIAN_POINT ( 'NONE',  ( -1.662041016787797700, -1.662041016787800100, -6.000000000000000000 ) ) ;
#1979 = VECTOR ( 'NONE', #3725, 1000.000000000000000 ) ;
#1980 = CARTESIAN_POINT ( 'NONE',  ( -2.878508968398380700E-016, -2.350480947161677700, 4.000000000000000000 ) ) ;
#1981 = FACE_OUTER_BOUND ( 'NONE', #546, .T. ) ;
#1982 = EDGE_CURVE ( 'NONE', #324, #2091, #658, .T. ) ;
#1983 = CARTESIAN_POINT ( 'NONE',  ( -2.350480947161672300, -3.158254855220348100E-015, -3.250000000000000400 ) ) ;
#1984 = CARTESIAN_POINT ( 'NONE',  ( 0.9736010864139224000, -2.350480947161676300, -1.937500000000001100 ) ) ;
#1985 = CALENDAR_DATE ( 2022, 1, 9 ) ;
#1986 = CARTESIAN_POINT ( 'NONE',  ( 5.710171592217876900E-014, 3.000000000000000400, -6.875000000000006200 ) ) ;
#1987 = CARTESIAN_POINT ( 'NONE',  ( 0.0000000000000000000, -1.331445406098294800E-015, 8.000000000000000000 ) ) ;
#1988 = CARTESIAN_POINT ( 'NONE',  ( 1.662041016787797500, -1.662041016787802800, 3.124999999999999100 ) ) ;
#1989 = PRODUCT_DEFINITION_SHAPE ( 'NONE', 'NONE',  #680 ) ;
#1990 = CARTESIAN_POINT ( 'NONE',  ( -2.350480947161672300, -4.874630294432015500E-015, 2.874999999999999100 ) ) ;
#1991 = ORIENTED_EDGE ( 'NONE', *, *, #119, .T. ) ;
#1992 = EDGE_CURVE ( 'NONE', #1670, #2258, #761, .T. ) ;
#1993 = CARTESIAN_POINT ( 'NONE',  ( -2.350480947161672300, 0.9736010864139209600, -7.187500000000000000 ) ) ;
#1994 = CARTESIAN_POINT ( 'NONE',  ( -1.662041016787797500, 1.662041016787792100, 4.624999999999999100 ) ) ;
#1995 = AXIS2_PLACEMENT_3D ( 'NONE', #916, #1820, #708 ) ;
#1996 = CARTESIAN_POINT ( 'NONE',  ( 2.159593620790631000, 2.159593620790625700, 0.9062500000000007800 ) ) ;
#1997 = EDGE_LOOP ( 'NONE', ( #3613, #2180, #1277, #1292 ) ) ;
#1998 = CARTESIAN_POINT ( 'NONE',  ( 3.000000000000002200, 1.242640687119283700, -3.187500000000000000 ) ) ;
#1999 = CARTESIAN_POINT ( 'NONE',  ( 1.662041016787797500, -1.662041016787800800, -4.875000000000000900 ) ) ;
#2000 = CARTESIAN_POINT ( 'NONE',  ( -2.878508968398380700E-016, -2.350480947161675000, -5.000000000000000900 ) ) ;
#2001 = DIRECTION ( 'NONE',  ( -0.0000000000000000000, -0.0000000000000000000, 1.000000000000000000 ) ) ;
#2002 = CARTESIAN_POINT ( 'NONE',  ( -0.9736010864139230700, 2.350480947161667400, 4.562500000000000000 ) ) ;
#2003 = CARTESIAN_POINT ( 'NONE',  ( 0.9736010864139245100, 2.350480947161666600, 4.562500000000001800 ) ) ;
#2004 = CARTESIAN_POINT ( 'NONE',  ( 1.662041016787797900, 1.662041016787793900, -3.500000000000000400 ) ) ;
#2005 =( BOUNDED_CURVE ( )  B_SPLINE_CURVE ( 2, ( #236, #2238, #2844 ),
 .UNSPECIFIED., .F., .T. ) 
 B_SPLINE_CURVE_WITH_KNOTS ( ( 3, 3 ),
 ( 0.06435277508831942200, 0.07142857142857149400 ),
 .UNSPECIFIED. ) 
 CURVE ( )  GEOMETRIC_REPRESENTATION_ITEM ( )  RATIONAL_B_SPLINE_CURVE ( ( 0.9749639670273977400, 0.9396753523692098500, 1.000000000000000700 ) ) 
 REPRESENTATION_ITEM ( '' )  );
#2006 = CARTESIAN_POINT ( 'NONE',  ( -0.9736010864139231800, 2.350480947161667400, 3.562499999999999600 ) ) ;
#2007 = VERTEX_POINT ( 'NONE', #1241 ) ;
#2008 = CARTESIAN_POINT ( 'NONE',  ( 3.054126587736528000, -1.265060653844738600, -0.2812500000000002200 ) ) ;
#2009 = CARTESIAN_POINT ( 'NONE',  ( -0.9736010864139230700, 2.350480947161668800, -2.437500000000000400 ) ) ;
#2010 = ORIENTED_EDGE ( 'NONE', *, *, #1285, .F. ) ;
#2011 = CARTESIAN_POINT ( 'NONE',  ( -2.350480947161672300, -3.718703978228240000E-015, -1.250000000000000200 ) ) ;
#2012 = CARTESIAN_POINT ( 'NONE',  ( 1.630217250175114000E-011, -3.000000000000000000, 1.625000000000818200 ) ) ;
#2013 = CARTESIAN_POINT ( 'NONE',  ( -1.351493277329150800, 1.529116069284548900, 7.729005241798623700 ) ) ;
#2014 = CARTESIAN_POINT ( 'NONE',  ( -3.000000000000251800, -1.242640687119392700, -3.562500000000147900 ) ) ;
#2015 = CARTESIAN_POINT ( 'NONE',  ( 1.265060653844735100, 3.054126587736526700, -7.968750000000003600 ) ) ;
#2016 = CARTESIAN_POINT ( 'NONE',  ( 1.662041016787797500, -1.662041016787803000, 3.249999999999999600 ) ) ;
#2017 = ADVANCED_FACE ( 'NONE', ( #518 ), #1496, .T. ) ;
#2018 = CARTESIAN_POINT ( 'NONE',  ( -2.350480947161672300, -3.193282925408341600E-015, -3.125000000000000000 ) ) ;
#2019 = CARTESIAN_POINT ( 'NONE',  ( -1.265060653844732700, 3.054126587736527100, -7.906250000000000900 ) ) ;
#2020 = CARTESIAN_POINT ( 'NONE',  ( 3.054126587736528500, 1.265060653844728900, 1.843749999999999800 ) ) ;
#2021 = DIRECTION ( 'NONE',  ( 0.0000000000000000000, 1.000000000000000000, 0.0000000000000000000 ) ) ;
#2022 = CARTESIAN_POINT ( 'NONE',  ( 2.121320343559644600, -2.121320343559650400, 3.625000000000000000 ) ) ;
#2023 = CARTESIAN_POINT ( 'NONE',  ( -0.9736010864139230700, 2.350480947161667900, 1.562499999999999600 ) ) ;
#2024 = CARTESIAN_POINT ( 'NONE',  ( 2.350480947161671900, 0.9736010864139195100, -0.6875000000000006700 ) ) ;
#2025 = DIRECTION ( 'NONE',  ( 0.0000000000000000000, 0.0000000000000000000, 1.000000000000000000 ) ) ;
#2026 = VECTOR ( 'NONE', #263, 1000.000000000000000 ) ;
#2027 = CARTESIAN_POINT ( 'NONE',  ( 1.999999999999999600, 1.154700538379256300, 8.000000000000000000 ) ) ;
#2028 = CARTESIAN_POINT ( 'NONE',  ( 2.159593620790630600, -2.159593620790633200, -7.281250000000006200 ) ) ;
#2029 = FACE_OUTER_BOUND ( 'NONE', #310, .T. ) ;
#2030 = CARTESIAN_POINT ( 'NONE',  ( -0.9736010864139232900, -2.350480947161677200, 2.062500000000000000 ) ) ;
#2031 = LINE ( 'NONE', #2761, #620 ) ;
#2032 = CARTESIAN_POINT ( 'NONE',  ( -2.878508968398380700E-016, -2.350480947161675900, -1.875000000000000000 ) ) ;
#2033 = CARTESIAN_POINT ( 'NONE',  ( -3.054126587736528900, -2.143140038430336700E-015, -6.718750000000000000 ) ) ;
#2034 = CARTESIAN_POINT ( 'NONE',  ( 3.054126587736528900, -5.273094081186348900E-015, 1.781249999999999800 ) ) ;
#2035 = CARTESIAN_POINT ( 'NONE',  ( 0.0000000000000000000, 6.279894725374701700E-016, -8.000000000000000000 ) ) ;
#2036 = CARTESIAN_POINT ( 'NONE',  ( -2.322264087878668900, -1.466662953898372900, -7.375427070212668700 ) ) ;
#2037 = CARTESIAN_POINT ( 'NONE',  ( 0.0000000000000000000, 2.350480947161667400, 2.499999999999998700 ) ) ;
#2038 = CARTESIAN_POINT ( 'NONE',  ( 2.350480947161671900, -0.9736010864139287300, 1.187499999999999300 ) ) ;
#2039 = ADVANCED_FACE ( 'NONE', ( #3514 ), #1939, .T. ) ;
#2040 = CARTESIAN_POINT ( 'NONE',  ( -3.673940397442062800E-016, -3.000000000000005300, -6.500000000000000000 ) ) ;
#2041 = CARTESIAN_POINT ( 'NONE',  ( 0.0000000000000000000, 8.127580809560354500E-015, 8.000000000000000000 ) ) ;
#2042 = CARTESIAN_POINT ( 'NONE',  ( 3.122849337825752400E-016, 2.100000000000001900, -8.000000000000000000 ) ) ;
#2043 = ORIENTED_EDGE ( 'NONE', *, *, #1650, .T. ) ;
#2044 = CARTESIAN_POINT ( 'NONE',  ( -1.265060653844733100, -3.054126587736532400, -5.468750000000008000 ) ) ;
#2045 = CARTESIAN_POINT ( 'NONE',  ( -2.000000000000000000, -1.154700538379239700, 8.000000000000000000 ) ) ;
#2046 = EDGE_CURVE ( 'NONE', #603, #3319, #297, .T. ) ;
#2047 = VERTEX_POINT ( 'NONE', #3661 ) ;
#2048 = CARTESIAN_POINT ( 'NONE',  ( 2.350480947161671900, -0.9736010864139272900, -3.687500000000000900 ) ) ;
#2049 = CARTESIAN_POINT ( 'NONE',  ( 1.265060653844732400, -3.054126587736532900, -5.406250000000000000 ) ) ;
#2050 = AXIS2_PLACEMENT_3D ( 'NONE', #3429, #519, #1677 ) ;
#2051 = CARTESIAN_POINT ( 'NONE',  ( 2.159593620790631000, 2.159593620790625200, 2.906250000000000900 ) ) ;
#2052 = CARTESIAN_POINT ( 'NONE',  ( 1.242640687119309200, -2.999999999999985300, 2.562500000000003100 ) ) ;
#2053 = CARTESIAN_POINT ( 'NONE',  ( 3.000000000000002200, 1.242640687119281900, 3.812500000000000900 ) ) ;
#2054 = CARTESIAN_POINT ( 'NONE',  ( -0.9736010864139231800, -2.350480947161676800, 0.9374999999999992200 ) ) ;
#2055 = CARTESIAN_POINT ( 'NONE',  ( -0.9736010864139232900, -2.350480947161676300, -0.06250000000000005600 ) ) ;
#2056 = DATE_TIME_ROLE ( 'creation_date' ) ;
#2057 = CARTESIAN_POINT ( 'NONE',  ( 0.0000000000000000000, 2.999999999999998200, 2.124999999999996000 ) ) ;
#2058 = CARTESIAN_POINT ( 'NONE',  ( 2.121320343559667300, -2.121320343559672600, 2.749999999999975100 ) ) ;
#2059 = CARTESIAN_POINT ( 'NONE',  ( 0.0000000000000000000, 3.000000000000000400, -8.000000000000000000 ) ) ;
#2060 = CARTESIAN_POINT ( 'NONE',  ( 2.159593620790630600, -2.159593620790634100, -4.281250000000006200 ) ) ;
#2061 = ORIENTED_EDGE ( 'NONE', *, *, #1191, .T. ) ;
#2062 = ADVANCED_FACE ( 'NONE', ( #2083 ), #1816, .T. ) ;
#2063 = ORIENTED_EDGE ( 'NONE', *, *, #3225, .F. ) ;
#2064 =( BOUNDED_CURVE ( )  B_SPLINE_CURVE ( 2, ( #294, #2340, #589, #1753, #3200, #1187, #2058, #1468, #1170 ),
 .UNSPECIFIED., .F., .T. ) 
 B_SPLINE_CURVE_WITH_KNOTS ( ( 3, 2, 2, 2, 3 ),
 ( 0.02968966830045079900, 0.03204695132783867700, 0.03440423435522655500, 0.03676151738261443400, 0.03911880041000234000 ),
 .UNSPECIFIED. ) 
 CURVE ( )  GEOMETRIC_REPRESENTATION_ITEM ( )  RATIONAL_B_SPLINE_CURVE ( ( 1.000000000000000000, 0.9238795325112867400, 1.000000000000000000, 0.9238795325112867400, 1.000000000000000000, 0.9238795325112867400, 1.000000000000000000, 0.9238795325112896300, 0.9999999999999971100 ) ) 
 REPRESENTATION_ITEM ( '' )  );
#2065 = CARTESIAN_POINT ( 'NONE',  ( -0.9736010864139230700, 2.350480947161668800, -2.312500000000000900 ) ) ;
#2066 = CARTESIAN_POINT ( 'NONE',  ( -1.265060653844733100, -3.054126587736532900, -5.531250000000000000 ) ) ;
#2067 = EDGE_CURVE ( 'NONE', #191, #3015, #1390, .T. ) ;
#2068 = CARTESIAN_POINT ( 'NONE',  ( -1.662041016787797500, 1.662041016787795700, -8.250000000000000000 ) ) ;
#2069 = ORIENTED_EDGE ( 'NONE', *, *, #1506, .T. ) ;
#2070 = CARTESIAN_POINT ( 'NONE',  ( -0.9736010864139230700, 2.350480947161667900, 0.5624999999999987800 ) ) ;
#2071 = CARTESIAN_POINT ( 'NONE',  ( 1.662041016787797900, 1.662041016787793000, 0.3750000000000003300 ) ) ;
#2072 = CARTESIAN_POINT ( 'NONE',  ( -1.242640687119283700, 3.000000000000435700, 1.187499999999810400 ) ) ;
#2073 = CARTESIAN_POINT ( 'NONE',  ( -1.242640687119275000, -3.000000000000018700, -0.5624999999999983300 ) ) ;
#2074 = CARTESIAN_POINT ( 'NONE',  ( -1.242640687119286300, 2.999999999999997300, 3.062500000000000000 ) ) ;
#2075 = EDGE_CURVE ( 'NONE', #971, #1118, #745, .T. ) ;
#2076 = CARTESIAN_POINT ( 'NONE',  ( 1.265060653844732400, -3.054126587736532900, -5.343750000000008000 ) ) ;
#2077 = CARTESIAN_POINT ( 'NONE',  ( -2.350480947161672300, -4.033956609920177900E-015, -0.1250000000000001100 ) ) ;
#2078 = CARTESIAN_POINT ( 'NONE',  ( 3.054126587736528500, 1.265060653844730400, -4.156250000000000000 ) ) ;
#2079 = CARTESIAN_POINT ( 'NONE',  ( -2.159593620790630600, 2.159593620790625700, 4.156250000000000000 ) ) ;
#2080 = CARTESIAN_POINT ( 'NONE',  ( -2.414915510495118300, 0.2349312219399566600, 4.700000000000001100 ) ) ;
#2081 = CARTESIAN_POINT ( 'NONE',  ( -2.000000000000003100, 1.154700538379250800, 8.000000000000000000 ) ) ;
#2082 = CARTESIAN_POINT ( 'NONE',  ( -0.9736010864139231800, -2.350480947161677200, 1.937500000000000000 ) ) ;
#2083 = FACE_OUTER_BOUND ( 'NONE', #2843, .T. ) ;
#2084 = CARTESIAN_POINT ( 'NONE',  ( 2.648292122860853600, -0.03237430614580776000, -7.458610697339374000 ) ) ;
#2085 = SHAPE_DEFINITION_REPRESENTATION ( #1989, #2176 ) ;
#2086 = CARTESIAN_POINT ( 'NONE',  ( -2.159593620790631000, -2.159593620790633200, -6.531250000000006200 ) ) ;
#2087 = CARTESIAN_POINT ( 'NONE',  ( -1.662041016787797700, -1.662041016787801900, 0.9999999999999991100 ) ) ;
#2088 = CARTESIAN_POINT ( 'NONE',  ( 3.054126587736528500, 1.265060653844730700, -5.156250000000000000 ) ) ;
#2089 = CARTESIAN_POINT ( 'NONE',  ( 1.662041016787797500, -1.662041016787800100, -7.750000000000000900 ) ) ;
#2090 = CARTESIAN_POINT ( 'NONE',  ( 2.101570958267566800, 1.748685253475081200, 4.700000000000000200 ) ) ;
#2091 = VERTEX_POINT ( 'NONE', #3669 ) ;
#2092 = CARTESIAN_POINT ( 'NONE',  ( -2.350480947161672300, 0.9736010864139177400, 3.687499999999999600 ) ) ;
#2093 = CARTESIAN_POINT ( 'NONE',  ( -1.662041016787797700, -1.662041016787800800, -4.000000000000000000 ) ) ;
#2094 = ORIENTED_EDGE ( 'NONE', *, *, #365, .T. ) ;
#2095 = CARTESIAN_POINT ( 'NONE',  ( 2.121320343559644600, -2.121320343559650400, 4.625000000000001800 ) ) ;
#2096 = CARTESIAN_POINT ( 'NONE',  ( -3.000000000000002700, 1.242640687119281900, 2.187500000000000900 ) ) ;
#2097 = CARTESIAN_POINT ( 'NONE',  ( -3.054126587736528900, -1.265060653844736200, -1.593750000000004000 ) ) ;
#2098 = CARTESIAN_POINT ( 'NONE',  ( -2.350480947161672300, 0.9736010864139180700, 2.812499999999999100 ) ) ;
#2099 = CARTESIAN_POINT ( 'NONE',  ( -3.054126587736528900, -1.265060653844736000, -2.656249999999999600 ) ) ;
#2100 = CARTESIAN_POINT ( 'NONE',  ( -3.054126587736528900, -1.265060653844738200, 3.343749999999999600 ) ) ;
#2101 = CARTESIAN_POINT ( 'NONE',  ( -2.449024379900234000, -0.5588890438743421300, 4.700000000000001100 ) ) ;
#2102 = CARTESIAN_POINT ( 'NONE',  ( -2.878508968398380700E-016, -2.350480947161677200, 2.999999999999999100 ) ) ;
#2103 = CARTESIAN_POINT ( 'NONE',  ( -1.662041016787797700, -1.662041016787801000, -3.000000000000000000 ) ) ;
#2104 = EDGE_LOOP ( 'NONE', ( #2760, #2195, #1941, #2895 ) ) ;
#2105 = APPLICATION_PROTOCOL_DEFINITION ( 'international standard', 'config_control_design', 1994, #75 ) ;
#2106 = CARTESIAN_POINT ( 'NONE',  ( 0.0000000000000000000, 2.999999999999999100, -2.999999999999999600 ) ) ;
#2107 = ORIENTED_EDGE ( 'NONE', *, *, #355, .F. ) ;
#2108 = CARTESIAN_POINT ( 'NONE',  ( -1.242640687110392500, -3.000000000008897300, -1.437499999999372700 ) ) ;
#2109 = CARTESIAN_POINT ( 'NONE',  ( 1.265060653844732400, -3.054126587736534200, -0.3437500000000055000 ) ) ;
#2110 = CARTESIAN_POINT ( 'NONE',  ( 0.0000000000000000000, 8.127580809560354500E-015, 8.000000000000000000 ) ) ;
#2111 = CARTESIAN_POINT ( 'NONE',  ( 0.9736010864139245100, 2.350480947161667900, -2.562500000000000400 ) ) ;
#2112 = CARTESIAN_POINT ( 'NONE',  ( -1.662041016787797700, -1.662041016787802600, 2.999999999999999100 ) ) ;
#2113 = CARTESIAN_POINT ( 'NONE',  ( 1.265060653844732400, -3.054126587736533300, -3.406250000000000900 ) ) ;
#2114 = CARTESIAN_POINT ( 'NONE',  ( -2.159593620790630600, 2.159593620790626100, 3.156249999999999100 ) ) ;
#2115 = CARTESIAN_POINT ( 'NONE',  ( -2.465360931965559800, -0.2953113731904843400, 4.700000000000000200 ) ) ;
#2116 = CARTESIAN_POINT ( 'NONE',  ( -2.350480947161672300, -0.9736010864139285100, 4.812500000000000000 ) ) ;
#2117 = CARTESIAN_POINT ( 'NONE',  ( 2.350480947161672300, -4.469546122847881900E-015, -0.6250000000000005600 ) ) ;
#2118 = CARTESIAN_POINT ( 'NONE',  ( 0.0000000000000000000, 6.279894725374701700E-016, -8.000000000000000000 ) ) ;
#2119 = CARTESIAN_POINT ( 'NONE',  ( -2.350480947161672300, -0.9736010864139247300, -8.187500000000000000 ) ) ;
#2120 = EDGE_CURVE ( 'NONE', #2913, #1828, #3679, .T. ) ;
#2121 = CARTESIAN_POINT ( 'NONE',  ( 1.265060653844735100, 3.054126587736524900, -1.968750000000002700 ) ) ;
#2122 = CARTESIAN_POINT ( 'NONE',  ( 3.000000000000002200, 1.242640687119283200, -2.187500000000000400 ) ) ;
#2123 = VECTOR ( 'NONE', #317, 1000.000000000000000 ) ;
#2124 = CARTESIAN_POINT ( 'NONE',  ( -1.662041016787797700, -1.662041016787800100, -5.125000000000000900 ) ) ;
#2125 = AXIS2_PLACEMENT_3D ( 'NONE', #3373, #481, #3365 ) ;
#2126 = CARTESIAN_POINT ( 'NONE',  ( -2.350480947161672300, -0.9736010864139277300, 2.937499999999999100 ) ) ;
#2127 = FACE_OUTER_BOUND ( 'NONE', #3688, .T. ) ;
#2128 = CARTESIAN_POINT ( 'NONE',  ( 1.265060653844732400, -3.054126587736533800, -1.406250000000000700 ) ) ;
#2129 = CARTESIAN_POINT ( 'NONE',  ( -1.662041016787797700, -1.662041016787800400, -5.000000000000000900 ) ) ;
#2130 = CARTESIAN_POINT ( 'NONE',  ( 0.1832185425386466900, 2.506543830268220100, 4.699999999999996600 ) ) ;
#2131 = VECTOR ( 'NONE', #3136, 1000.000000000000000 ) ;
#2132 = CARTESIAN_POINT ( 'NONE',  ( -0.9736010864139230700, 2.350480947161667400, 3.562500000000000000 ) ) ;
#2133 = CARTESIAN_POINT ( 'NONE',  ( -0.9736010864139231800, -2.350480947161675900, -2.937500000000000400 ) ) ;
#2134 =( BOUNDED_CURVE ( )  B_SPLINE_CURVE ( 2, ( #274, #1715, #1760, #1730, #3179, #878, #20, #2903, #261 ),
 .UNSPECIFIED., .F., .T. ) 
 B_SPLINE_CURVE_WITH_KNOTS ( ( 3, 2, 2, 2, 3 ),
 ( 0.1428571428571428500, 0.1517857142857143000, 0.1607142857142858100, 0.1696428571428572600, 0.1785714285714287100 ),
 .UNSPECIFIED. ) 
 CURVE ( )  GEOMETRIC_REPRESENTATION_ITEM ( )  RATIONAL_B_SPLINE_CURVE ( ( 1.000000000000000000, 0.9238795325112867400, 1.000000000000000000, 0.9238795325112867400, 1.000000000000000000, 0.9238795325112867400, 1.000000000000000000, 0.9238795325112855200, 1.000000000000001100 ) ) 
 REPRESENTATION_ITEM ( '' )  );
#2135 = CYLINDRICAL_SURFACE ( 'NONE', #1906, 3.000000000000000000 ) ;
#2136 = CARTESIAN_POINT ( 'NONE',  ( 1.242640687119288500, 2.999999999999998700, -5.062500000000000000 ) ) ;
#2137 = CARTESIAN_POINT ( 'NONE',  ( -2.121320343559644600, -2.121320343559649000, 0.3750000000000009400 ) ) ;
#2138 = VERTEX_POINT ( 'NONE', #3374 ) ;
#2139 = CARTESIAN_POINT ( 'NONE',  ( -2.159593620790630600, 2.159593620790628300, -3.781250000000002700 ) ) ;
#2140 = CARTESIAN_POINT ( 'NONE',  ( 2.350480947161672300, -3.313619806644105700E-015, -4.750000000000000900 ) ) ;
#2141 = EDGE_CURVE ( 'NONE', #2258, #191, #3381, .T. ) ;
#2142 = VERTEX_POINT ( 'NONE', #192 ) ;
#2143 = CARTESIAN_POINT ( 'NONE',  ( 2.350480947161672300, -5.590444368863664200E-015, 3.374999999999999600 ) ) ;
#2144 = CARTESIAN_POINT ( 'NONE',  ( -1.662041016787797500, 1.662041016787795500, -7.250000000000000000 ) ) ;
#2145 = CARTESIAN_POINT ( 'NONE',  ( 0.0000000000000000000, 2.350480947161669700, -5.375000000000000000 ) ) ;
#2146 = DIRECTION ( 'NONE',  ( 0.8660254037844387100, 0.4999999999999997800, 0.0000000000000000000 ) ) ;
#2147 = VERTEX_POINT ( 'NONE', #1948 ) ;
#2148 = CARTESIAN_POINT ( 'NONE',  ( -0.9736010864139230700, 2.350480947161669200, -4.312500000000000900 ) ) ;
#2149 = CARTESIAN_POINT ( 'NONE',  ( -0.9736010864139231800, 2.350480947161670100, -7.437500000000000900 ) ) ;
#2150 = CARTESIAN_POINT ( 'NONE',  ( 1.999999999999999100, 0.7881141333680580200, 7.832262324725626000 ) ) ;
#2151 = CARTESIAN_POINT ( 'NONE',  ( -2.159593620790631000, -2.159593620790634100, -2.531250000000005800 ) ) ;
#2152 = CARTESIAN_POINT ( 'NONE',  ( -1.662041016787797700, -1.662041016787800600, -4.125000000000000000 ) ) ;
#2153 = CARTESIAN_POINT ( 'NONE',  ( 1.662041016787797900, 1.662041016787794400, -5.500000000000000900 ) ) ;
#2154 = CARTESIAN_POINT ( 'NONE',  ( -1.662041016787797500, 1.662041016787794100, -3.250000000000000400 ) ) ;
#2155 = ORIENTED_EDGE ( 'NONE', *, *, #30, .F. ) ;
#2156 = CARTESIAN_POINT ( 'NONE',  ( 1.680970813925578800, 1.338892124838666700, 7.831434952634124300 ) ) ;
#2157 = CARTESIAN_POINT ( 'NONE',  ( -0.9736010864139231800, -2.350480947161676800, 1.062499999999999300 ) ) ;
#2158 = VERTEX_POINT ( 'NONE', #66 ) ;
#2159 = CARTESIAN_POINT ( 'NONE',  ( 0.0000000000000000000, -2.100000000000001000, -8.000000000000000000 ) ) ;
#2160 = CARTESIAN_POINT ( 'NONE',  ( 2.350469022712048600, 0.007487071597012486000, -7.749519052838329500 ) ) ;
#2161 = CARTESIAN_POINT ( 'NONE',  ( -2.350480947161672300, -0.9736010864139249500, -7.187500000000000000 ) ) ;
#2162 = CARTESIAN_POINT ( 'NONE',  ( 2.159593620790631000, 2.159593620790625700, 1.968749999999998200 ) ) ;
#2163 = CARTESIAN_POINT ( 'NONE',  ( 2.350480947161671900, 0.9736010864139205100, -4.687500000000000900 ) ) ;
#2164 = CARTESIAN_POINT ( 'NONE',  ( 2.350480947161671900, 0.9736010864139182900, 3.437499999999999600 ) ) ;
#2165 = CARTESIAN_POINT ( 'NONE',  ( -2.350480947161672300, -2.913058363904395600E-015, -4.125000000000000000 ) ) ;
#2166 = CARTESIAN_POINT ( 'NONE',  ( 0.9736010864139224000, -2.350480947161677200, 1.187499999999999300 ) ) ;
#2167 = LINE ( 'NONE', #349, #616 ) ;
#2168 = APPROVAL_STATUS ( 'not_yet_approved' ) ;
#2169 = CARTESIAN_POINT ( 'NONE',  ( -5.999354112226073000E-013, -3.000000000000000000, -3.375000000000033300 ) ) ;
#2170 = CARTESIAN_POINT ( 'NONE',  ( 0.9736010864139245100, 2.350480947161669700, -7.562500000000000900 ) ) ;
#2171 = CARTESIAN_POINT ( 'NONE',  ( -3.000000000000002700, 1.242640687119284300, -6.812499999999999100 ) ) ;
#2172 = CARTESIAN_POINT ( 'NONE',  ( 3.054126587736528500, 1.265060653844728700, 2.906249999999995600 ) ) ;
#2173 = CARTESIAN_POINT ( 'NONE',  ( -1.242640687119286300, 2.999999999999999600, -4.937500000000000000 ) ) ;
#2174 = CARTESIAN_POINT ( 'NONE',  ( 2.350480947161672300, -4.434518052659888800E-015, -0.7500000000000006700 ) ) ;
#2175 = CARTESIAN_POINT ( 'NONE',  ( 2.061058156549072900, -1.263023877026528700, 5.286224759975116400 ) ) ;
#2176 = ADVANCED_BREP_SHAPE_REPRESENTATION ( '91294A238_Black-Oxide Alloy Steel Hex Drive Flat Head Screw', ( #661, #2409, #1400 ), #2588 ) ;
#2177 = CARTESIAN_POINT ( 'NONE',  ( -2.878508968398380700E-016, -2.350480947161675000, -5.875000000000000000 ) ) ;
#2178 = CARTESIAN_POINT ( 'NONE',  ( 0.9736010864139245100, 2.350480947161667900, -0.4375000000000003300 ) ) ;
#2179 = CARTESIAN_POINT ( 'NONE',  ( 3.000000000000000000, -3.608074871940623300E-015, -4.125000000000003600 ) ) ;
#2180 = ORIENTED_EDGE ( 'NONE', *, *, #1613, .T. ) ;
#2181 = CARTESIAN_POINT ( 'NONE',  ( 3.000000000000001800, -1.242640687119290800, -5.312499999999998200 ) ) ;
#2182 = DIRECTION ( 'NONE',  ( -0.0000000000000000000, -0.0000000000000000000, 1.000000000000000000 ) ) ;
#2183 = CARTESIAN_POINT ( 'NONE',  ( 1.662041016787797500, -1.662041016787800100, -6.875000000000000900 ) ) ;
#2184 = EDGE_LOOP ( 'NONE', ( #1469, #3586, #804, #428 ) ) ;
#2185 = CARTESIAN_POINT ( 'NONE',  ( 3.054126587736528500, 1.265060653844728000, 3.906249999999996900 ) ) ;
#2186 = CARTESIAN_POINT ( 'NONE',  ( 0.0000000000000000000, 2.999999999999999600, -5.000000000000000000 ) ) ;
#2187 = EDGE_CURVE ( 'NONE', #2047, #3391, #622, .T. ) ;
#2188 = CARTESIAN_POINT ( 'NONE',  ( -3.673940397442055400E-016, -3.000000000000000000, -0.3750000000000021600 ) ) ;
#2189 = CARTESIAN_POINT ( 'NONE',  ( -2.350480947161672300, -2.072384679392558100E-015, -7.125000000000000000 ) ) ;
#2190 = CARTESIAN_POINT ( 'NONE',  ( -1.662041016787797500, 1.662041016787792600, 2.749999999999999100 ) ) ;
#2191 = CARTESIAN_POINT ( 'NONE',  ( 3.000000000000000900, 1.242640687119283700, -6.062500000000004400 ) ) ;
#2192 = EDGE_CURVE ( 'NONE', #3592, #1415, #3724, .T. ) ;
#2193 = DIRECTION ( 'NONE',  ( 1.000000000000000000, 0.0000000000000000000, 0.0000000000000000000 ) ) ;
#2194 = ORIENTED_EDGE ( 'NONE', *, *, #2046, .F. ) ;
#2195 = ORIENTED_EDGE ( 'NONE', *, *, #3139, .T. ) ;
#2196 = CARTESIAN_POINT ( 'NONE',  ( -3.054126587736528900, -4.962899688563790700E-015, 3.343749999999996000 ) ) ;
#2197 = CARTESIAN_POINT ( 'NONE',  ( -2.000000000000000000, -1.154700538379251700, 5.690000000000000400 ) ) ;
#2198 = ORIENTED_EDGE ( 'NONE', *, *, #2619, .F. ) ;
#2199 = CARTESIAN_POINT ( 'NONE',  ( 3.000000000000001800, -1.242640687119292800, 1.687500000000000200 ) ) ;
#2200 = CARTESIAN_POINT ( 'NONE',  ( -1.662041016787797700, -1.662041016787801500, -1.000000000000000000 ) ) ;
#2201 = CARTESIAN_POINT ( 'NONE',  ( 2.350480947161672300, -5.029995245855773000E-015, 1.374999999999999600 ) ) ;
#2202 = CARTESIAN_POINT ( 'NONE',  ( 2.121320343559642400, -2.121320343559645900, -4.250000000000005300 ) ) ;
#2203 = CARTESIAN_POINT ( 'NONE',  ( -2.185807136698888700, 0.8781112385065413800, 4.700000000000001100 ) ) ;
#2204 = CARTESIAN_POINT ( 'NONE',  ( 3.054126587736528900, -5.851057239288236600E-015, 3.843749999999996400 ) ) ;
#2205 = CARTESIAN_POINT ( 'NONE',  ( 2.999999999999998200, 1.242640687119281000, 0.9374999999999976700 ) ) ;
#2206 = CARTESIAN_POINT ( 'NONE',  ( -2.350480947161672300, -3.753732048416232300E-015, -1.125000000000000200 ) ) ;
#2207 = FACE_OUTER_BOUND ( 'NONE', #2520, .T. ) ;
#2208 = AXIS2_PLACEMENT_3D ( 'NONE', #3083, #2547, #517 ) ;
#2209 = CARTESIAN_POINT ( 'NONE',  ( -1.662041016787797500, 1.662041016787791900, 4.749999999999999100 ) ) ;
#2210 = LINE ( 'NONE', #3545, #1343 ) ;
#2211 = CYLINDRICAL_SURFACE ( 'NONE', #2441, 3.000000000000000000 ) ;
#2212 = CARTESIAN_POINT ( 'NONE',  ( 1.356814831149123900, -2.675640766989054500, 4.700000000000001100 ) ) ;
#2213 = FACE_OUTER_BOUND ( 'NONE', #479, .T. ) ;
#2214 = CARTESIAN_POINT ( 'NONE',  ( 0.0000000000000000000, 6.279894725374701700E-016, -8.000000000000000000 ) ) ;
#2215 = AXIS2_PLACEMENT_3D ( 'NONE', #3711, #3416, #254 ) ;
#2216 = CARTESIAN_POINT ( 'NONE',  ( 2.121320343559644600, 2.121320343559640200, -4.124999999999999100 ) ) ;
#2217 = CARTESIAN_POINT ( 'NONE',  ( -2.350480947161672300, 0.9736010864139195100, -2.187500000000000400 ) ) ;
#2218 = ORIENTED_EDGE ( 'NONE', *, *, #1693, .F. ) ;
#2219 = CARTESIAN_POINT ( 'NONE',  ( -0.9736010864139231800, -2.350480947161677700, 4.062500000000000000 ) ) ;
#2220 = ORIENTED_EDGE ( 'NONE', *, *, #949, .F. ) ;
#2221 = CARTESIAN_POINT ( 'NONE',  ( -2.159593620790631000, -2.159593620790636300, 4.468749999999993800 ) ) ;
#2222 = CARTESIAN_POINT ( 'NONE',  ( -3.000000000000010700, -2.733174511700236000E-015, -4.625000000000008900 ) ) ;
#2223 = CARTESIAN_POINT ( 'NONE',  ( -2.121320343559653000, 2.121320343559648600, 0.2499999999999894300 ) ) ;
#2224 = CARTESIAN_POINT ( 'NONE',  ( -1.662041016787797700, -1.662041016787801700, 0.8749999999999990000 ) ) ;
#2225 = CARTESIAN_POINT ( 'NONE',  ( 1.662041016787797500, -1.662041016787801300, -2.750000000000000900 ) ) ;
#2226 = CARTESIAN_POINT ( 'NONE',  ( -2.350480947161672300, 0.9736010864139209600, -7.312500000000000900 ) ) ;
#2227 = CARTESIAN_POINT ( 'NONE',  ( -1.662041016787797700, -1.662041016787799500, -8.000000000000000000 ) ) ;
#2228 = ORIENTED_EDGE ( 'NONE', *, *, #2500, .F. ) ;
#2229 = EDGE_CURVE ( 'NONE', #494, #107, #3507, .T. ) ;
#2230 = ORIENTED_EDGE ( 'NONE', *, *, #551, .F. ) ;
#2231 = CARTESIAN_POINT ( 'NONE',  ( -2.699056387287988600E-011, 2.508669687933967400, -7.591330312066030900 ) ) ;
#2232 = DIRECTION ( 'NONE',  ( 0.0000000000000000000, 1.000000000000000000, 0.0000000000000000000 ) ) ;
#2233 = CARTESIAN_POINT ( 'NONE',  ( 1.242640687119303200, -2.999999999999988500, -4.437499999999999100 ) ) ;
#2234 = CARTESIAN_POINT ( 'NONE',  ( 1.662041016787797500, -1.662041016787802600, 2.125000000000000000 ) ) ;
#2235 = CARTESIAN_POINT ( 'NONE',  ( -2.350480947161672300, 0.9736010864139189600, -0.1875000000000001700 ) ) ;
#2236 = CARTESIAN_POINT ( 'NONE',  ( -0.9736010864139231800, -2.350480947161673700, -8.062500000000000000 ) ) ;
#2237 = CARTESIAN_POINT ( 'NONE',  ( -2.350480947161672300, -0.9736010864139249500, -7.062500000000000000 ) ) ;
#2238 = CARTESIAN_POINT ( 'NONE',  ( 0.9682253002109740800, 3.000000000000006200, -7.048697971900042900 ) ) ;
#2239 = EDGE_CURVE ( 'NONE', #1609, #996, #399, .T. ) ;
#2240 = CARTESIAN_POINT ( 'NONE',  ( -2.350480947161672300, -2.878030293716402500E-015, -4.250000000000000000 ) ) ;
#2241 = CARTESIAN_POINT ( 'NONE',  ( 1.662041016787797500, -1.662041016787801000, -3.875000000000000900 ) ) ;
#2242 = CARTESIAN_POINT ( 'NONE',  ( 1.065276735333850600, 2.226888630612170200, -7.636483616001356700 ) ) ;
#2243 = FACE_OUTER_BOUND ( 'NONE', #188, .T. ) ;
#2244 = FACE_OUTER_BOUND ( 'NONE', #1452, .T. ) ;
#2245 = CARTESIAN_POINT ( 'NONE',  ( 0.0000000000000000000, 2.999999999999998200, 2.000000000000000900 ) ) ;
#2246 = CARTESIAN_POINT ( 'NONE',  ( 0.9736010864139245100, 2.350480947161667900, -1.562500000000000900 ) ) ;
#2247 = CARTESIAN_POINT ( 'NONE',  ( 2.061055684528603200, -1.263026349046999100, 5.161224535552807200 ) ) ;
#2248 = CONICAL_SURFACE ( 'NONE', #654, 2.309401076758501100, 0.7853981633974500600 ) ;
#2249 = CARTESIAN_POINT ( 'NONE',  ( 2.350480947161672300, -5.310219807359719400E-015, 2.375000000000000400 ) ) ;
#2250 = CARTESIAN_POINT ( 'NONE',  ( 0.9736010864139224000, -2.350480947161678100, 4.187500000000000000 ) ) ;
#2251 = CARTESIAN_POINT ( 'NONE',  ( 2.350480947161672300, -2.507974192320261600E-015, -7.625000000000000900 ) ) ;
#2252 = CARTESIAN_POINT ( 'NONE',  ( 1.662041016787797500, -1.662041016787803000, 4.125000000000000000 ) ) ;
#2253 = CARTESIAN_POINT ( 'NONE',  ( 2.121320343559644600, -2.121320343559648600, -3.375000000000000000 ) ) ;
#2254 = CARTESIAN_POINT ( 'NONE',  ( -0.9736010864139231800, -2.350480947161675000, -5.062500000000001800 ) ) ;
#2255 = ORIENTED_EDGE ( 'NONE', *, *, #174, .T. ) ;
#2256 = CARTESIAN_POINT ( 'NONE',  ( 2.350480947161671900, -0.9736010864139272900, -4.812500000000000900 ) ) ;
#2257 = CARTESIAN_POINT ( 'NONE',  ( 0.9736010864139224000, -2.350480947161676800, -0.9375000000000007800 ) ) ;
#2258 = VERTEX_POINT ( 'NONE', #12 ) ;
#2259 = CARTESIAN_POINT ( 'NONE',  ( -1.662041016787797700, -1.662041016787802800, 4.874999999999999100 ) ) ;
#2260 = CARTESIAN_POINT ( 'NONE',  ( 2.350480947161672300, -5.590444368863664200E-015, 3.374999999999999600 ) ) ;
#2261 = CARTESIAN_POINT ( 'NONE',  ( 0.9736010864139224000, -2.350480947161675400, -5.937500000000000000 ) ) ;
#2262 = CARTESIAN_POINT ( 'NONE',  ( 0.9736010864139224000, -2.350480947161675000, -6.812500000000001800 ) ) ;
#2263 = CARTESIAN_POINT ( 'NONE',  ( 0.0000000000000000000, 2.350480947161669200, -3.500000000000000400 ) ) ;
#2264 = CARTESIAN_POINT ( 'NONE',  ( 1.662041016787797500, -1.662041016787801000, -2.875000000000000900 ) ) ;
#2265 = CARTESIAN_POINT ( 'NONE',  ( 3.000000000000311300, -1.242640687119420900, 1.812499999999817500 ) ) ;
#2266 = EDGE_LOOP ( 'NONE', ( #500, #455 ) ) ;
#2267 = ORIENTED_EDGE ( 'NONE', *, *, #3550, .T. ) ;
#2268 = VERTEX_POINT ( 'NONE', #630 ) ;
#2269 = CARTESIAN_POINT ( 'NONE',  ( -3.000000000000251800, -3.013399073204128400E-015, -3.625000000000147900 ) ) ;
#2270 = AXIS2_PLACEMENT_3D ( 'NONE', #3215, #1532, #2629 ) ;
#2271 = CARTESIAN_POINT ( 'NONE',  ( -2.350480947161672300, -0.9736010864139285100, 4.812500000000000000 ) ) ;
#2272 = CARTESIAN_POINT ( 'NONE',  ( -2.878508968398380700E-016, -2.350480947161676800, 1.124999999999999300 ) ) ;
#2273 = ORIENTED_EDGE ( 'NONE', *, *, #174, .F. ) ;
#2274 = CARTESIAN_POINT ( 'NONE',  ( 2.350480947161672300, -3.068423315328153200E-015, -5.625000000000000900 ) ) ;
#2275 =( BOUNDED_CURVE ( )  B_SPLINE_CURVE ( 2, ( #392, #3028, #1896, #2181, #2433, #3574, #431, #2136, #696 ),
 .UNSPECIFIED., .F., .T. ) 
 B_SPLINE_CURVE_WITH_KNOTS ( ( 3, 2, 2, 2, 3 ),
 ( 0.1785714285714287100, 0.1875000000000001100, 0.1964285714285715100, 0.2053571428571428800, 0.2142857142857142700 ),
 .UNSPECIFIED. ) 
 CURVE ( )  GEOMETRIC_REPRESENTATION_ITEM ( )  RATIONAL_B_SPLINE_CURVE ( ( 0.9999999999999987800, 0.9238795325112879600, 1.000000000000000000, 0.9238795325112867400, 1.000000000000000000, 0.9238795325112867400, 1.000000000000000000, 0.9238795325112867400, 1.000000000000000000 ) ) 
 REPRESENTATION_ITEM ( '' )  );
#2276 = CARTESIAN_POINT ( 'NONE',  ( 2.350480947161672300, -5.275191737171725500E-015, 2.250000000000000400 ) ) ;
#2277 = CARTESIAN_POINT ( 'NONE',  ( -2.159593620790631000, -2.159593620790635400, 1.406249999999999600 ) ) ;
#2278 = DIRECTION ( 'NONE',  ( 1.000000000000000000, 0.0000000000000000000, 0.0000000000000000000 ) ) ;
#2279 = CARTESIAN_POINT ( 'NONE',  ( 0.9736010864139224000, -2.350480947161675900, -3.937500000000000900 ) ) ;
#2280 = CARTESIAN_POINT ( 'NONE',  ( 1.662041016787797900, 1.662041016787793500, -1.625000000000000700 ) ) ;
#2281 = CARTESIAN_POINT ( 'NONE',  ( -2.999999999999999600, 1.242640687119280300, 4.312499999999996400 ) ) ;
#2282 = CARTESIAN_POINT ( 'NONE',  ( -2.878508968398380700E-016, -2.350480947161677200, 2.999999999999999100 ) ) ;
#2283 = CARTESIAN_POINT ( 'NONE',  ( -1.063055803147455700, 2.096347548085604600, 4.699999999999999300 ) ) ;
#2284 = CARTESIAN_POINT ( 'NONE',  ( 2.350480947161672300, -3.348647876832099200E-015, -4.625000000000000900 ) ) ;
#2285 = VECTOR ( 'NONE', #959, 1000.000000000000000 ) ;
#2286 = CARTESIAN_POINT ( 'NONE',  ( 2.350480947161671900, 0.9736010864139182900, 3.312499999999999600 ) ) ;
#2287 = CARTESIAN_POINT ( 'NONE',  ( 2.159593620790630600, -2.159593620790635900, 0.6562500000000005600 ) ) ;
#2288 = CARTESIAN_POINT ( 'NONE',  ( 9.974659986866640800E-015, 2.309401076758509100, 8.000000000000000000 ) ) ;
#2289 = DIRECTION ( 'NONE',  ( 0.0000000000000000000, 1.000000000000000000, 0.0000000000000000000 ) ) ;
#2290 = CARTESIAN_POINT ( 'NONE',  ( 2.350480947161671900, 0.9736010864139201800, -2.687500000000000900 ) ) ;
#2291 = LINE ( 'NONE', #1594, #1709 ) ;
#2292 = CARTESIAN_POINT ( 'NONE',  ( -1.662041016787797700, -1.662041016787800800, -3.125000000000000000 ) ) ;
#2293 = DATE_AND_TIME ( #132, #1346 ) ;
#2294 = CARTESIAN_POINT ( 'NONE',  ( 2.350963227394181400, -0.1476620786648769300, -7.749519052838327800 ) ) ;
#2295 = CARTESIAN_POINT ( 'NONE',  ( 2.350480947161671900, -0.9736010864139292800, 3.187499999999999600 ) ) ;
#2296 = CARTESIAN_POINT ( 'NONE',  ( 2.350480947161671900, 0.9736010864139187400, 2.437500000000000400 ) ) ;
#2297 = EDGE_CURVE ( 'NONE', #53, #2466, #934, .T. ) ;
#2298 = CARTESIAN_POINT ( 'NONE',  ( -0.9736010864139231800, -2.350480947161675900, -1.937500000000000000 ) ) ;
#2299 = CARTESIAN_POINT ( 'NONE',  ( 2.350480947161671900, 0.9736010864139187400, 2.312500000000000900 ) ) ;
#2300 = AXIS2_PLACEMENT_3D ( 'NONE', #111, #3555, #2146 ) ;
#2301 = CARTESIAN_POINT ( 'NONE',  ( -2.159593620790631000, -2.159593620790635000, -0.5937499999999996700 ) ) ;
#2302 = PLANE ( 'NONE',  #2848 ) ;
#2303 = ORIENTED_EDGE ( 'NONE', *, *, #1475, .T. ) ;
#2304 = CARTESIAN_POINT ( 'NONE',  ( 0.0000000000000000000, 2.999999999999996900, 4.000000000000000900 ) ) ;
#2305 = CARTESIAN_POINT ( 'NONE',  ( 2.350480947161672300, -4.714742614163834400E-015, 0.2500000000000002200 ) ) ;
#2306 = CARTESIAN_POINT ( 'NONE',  ( -1.662041016787797500, 1.662041016787793300, 0.6249999999999987800 ) ) ;
#2307 = CARTESIAN_POINT ( 'NONE',  ( 3.000000000000312200, -5.289422240964303800E-015, 1.874999999999817300 ) ) ;
#2308 = CARTESIAN_POINT ( 'NONE',  ( 1.901770781507554200, 1.501814961379959200, -7.681933191715671700 ) ) ;
#2309 = CARTESIAN_POINT ( 'NONE',  ( -5.999354112226073000E-013, -3.000000000000000000, -3.375000000000033300 ) ) ;
#2310 = CARTESIAN_POINT ( 'NONE',  ( 2.159593620790631000, 2.159593620790627900, -6.031250000000002700 ) ) ;
#2311 = ADVANCED_FACE ( 'NONE', ( #3606 ), #2830, .T. ) ;
#2312 = CARTESIAN_POINT ( 'NONE',  ( 2.350480947161671900, 0.9736010864139205100, -4.562500000000000900 ) ) ;
#2313 = ORIENTED_EDGE ( 'NONE', *, *, #2879, .F. ) ;
#2314 = CARTESIAN_POINT ( 'NONE',  ( -1.265060653844733100, -3.054126587736531600, -7.531249999999999100 ) ) ;
#2315 = EDGE_LOOP ( 'NONE', ( #1683, #1088, #1288, #535 ) ) ;
#2316 = CARTESIAN_POINT ( 'NONE',  ( 3.054126587736528500, 1.265060653844728700, 2.843750000000001800 ) ) ;
#2317 = CARTESIAN_POINT ( 'NONE',  ( 0.0000000000000000000, 2.999999999999997300, 3.000000000000000000 ) ) ;
#2318 = DIRECTION ( 'NONE',  ( 8.659560562354916800E-017, 0.7071067811865461300, 0.7071067811865489100 ) ) ;
#2319 = CARTESIAN_POINT ( 'NONE',  ( -2.350480947161672300, 0.9736010864139180700, 2.687499999999999100 ) ) ;
#2320 = ORIENTED_EDGE ( 'NONE', *, *, #949, .T. ) ;
#2321 = CARTESIAN_POINT ( 'NONE',  ( -0.9736010864139231800, 2.350480947161667900, 0.5624999999999987800 ) ) ;
#2322 = CARTESIAN_POINT ( 'NONE',  ( 1.242640687119301900, -2.999999999999990700, -6.437499999999999100 ) ) ;
#2323 = DIRECTION ( 'NONE',  ( -0.0000000000000000000, 1.224646799147353200E-016, -1.000000000000000000 ) ) ;
#2324 = CARTESIAN_POINT ( 'NONE',  ( 0.0000000000000000000, 2.999999999999998200, 4.124999999999997300 ) ) ;
#2325 = ORIENTED_EDGE ( 'NONE', *, *, #2455, .T. ) ;
#2326 = CARTESIAN_POINT ( 'NONE',  ( 1.999999999999999600, 1.154700538379252400, 5.690000000000000400 ) ) ;
#2327 = CARTESIAN_POINT ( 'NONE',  ( 3.054126587736528500, 1.265060653844730700, -5.093750000000005300 ) ) ;
#2328 = CARTESIAN_POINT ( 'NONE',  ( 0.0000000000000000000, 6.279894725374701700E-016, -8.000000000000000000 ) ) ;
#2329 =( BOUNDED_CURVE ( )  B_SPLINE_CURVE ( 2, ( #1645, #495, #2772, #484, #1942, #194, #2514, #1914, #167 ),
 .UNSPECIFIED., .F., .T. ) 
 B_SPLINE_CURVE_WITH_KNOTS ( ( 3, 2, 2, 2, 3 ),
 ( 0.2088196459460440700, 0.2111766985645638600, 0.2135337511830836500, 0.2158908038016034400, 0.2182478564201232300 ),
 .UNSPECIFIED. ) 
 CURVE ( )  GEOMETRIC_REPRESENTATION_ITEM ( )  RATIONAL_B_SPLINE_CURVE ( ( 1.000000000000774000, 0.9238795325105126900, 1.000000000000000000, 0.9238795325112867400, 1.000000000000000000, 0.9238795325112867400, 1.000000000000000000, 0.9238795325112992800, 0.9999999999999874500 ) ) 
 REPRESENTATION_ITEM ( '' )  );
#2330 = CARTESIAN_POINT ( 'NONE',  ( 2.350480947161671900, -0.9736010864139276200, -2.687500000000000900 ) ) ;
#2331 = CARTESIAN_POINT ( 'NONE',  ( 3.054126587736528000, -1.265060653844736600, -7.281250000000000000 ) ) ;
#2332 = ORIENTED_EDGE ( 'NONE', *, *, #3660, .F. ) ;
#2333 = CARTESIAN_POINT ( 'NONE',  ( 3.054126587736528500, 1.265060653844729800, -0.1562500000000001400 ) ) ;
#2334 = DIRECTION ( 'NONE',  ( -0.5000000000000001100, -0.8660254037844387100, 0.0000000000000000000 ) ) ;
#2335 = CARTESIAN_POINT ( 'NONE',  ( 0.0000000000000000000, 5.999999999999999100, 7.699999999999992200 ) ) ;
#2336 = CARTESIAN_POINT ( 'NONE',  ( -2.350480947161672300, 0.9736010864139187400, 0.6874999999999987800 ) ) ;
#2337 = CARTESIAN_POINT ( 'NONE',  ( 0.0000000000000000000, 2.350480947161667900, 1.499999999999999600 ) ) ;
#2338 = ADVANCED_FACE ( 'NONE', ( #2127 ), #1029, .T. ) ;
#2339 = DIRECTION ( 'NONE',  ( 0.0000000000000000000, 1.000000000000000000, 0.0000000000000000000 ) ) ;
#2340 = CARTESIAN_POINT ( 'NONE',  ( 1.242640687119301400, 3.000000000000028900, 3.062499999999978200 ) ) ;
#2341 = CARTESIAN_POINT ( 'NONE',  ( 0.0000000000000000000, 2.999999999999997300, 3.000000000000000000 ) ) ;
#2342 = CARTESIAN_POINT ( 'NONE',  ( 3.054126587736528500, 1.265060653844730400, -4.093750000000004400 ) ) ;
#2343 = FACE_OUTER_BOUND ( 'NONE', #2184, .T. ) ;
#2344 = CARTESIAN_POINT ( 'NONE',  ( -1.242640687119292100, 2.999999999999992900, -2.937499999999998700 ) ) ;
#2345 = CONICAL_SURFACE ( 'NONE', #482, 2.100000000000001900, 0.7853981633974463900 ) ;
#2346 = CARTESIAN_POINT ( 'NONE',  ( 2.350480947161672300, -4.189321561343935500E-015, -1.625000000000000700 ) ) ;
#2347 = APPROVAL_PERSON_ORGANIZATION ( #3105, #1605, #655 ) ;
#2348 = CARTESIAN_POINT ( 'NONE',  ( 0.0000000000000000000, 3.054126587736526200, -6.968750000000000000 ) ) ;
#2349 = CARTESIAN_POINT ( 'NONE',  ( 2.159593620790630600, -2.159593620790636800, 3.656250000000000000 ) ) ;
#2350 = CARTESIAN_POINT ( 'NONE',  ( 0.0000000000000000000, -1.294706002123873500E-015, 7.699999999999991300 ) ) ;
#2351 = CARTESIAN_POINT ( 'NONE',  ( -0.8634693723011752600, 2.398734930390845800, -7.556580980595629000 ) ) ;
#2352 = CARTESIAN_POINT ( 'NONE',  ( -0.9736010864139231800, -2.350480947161676300, -0.06250000000000005600 ) ) ;
#2353 = CARTESIAN_POINT ( 'NONE',  ( 0.0000000000000000000, 3.000000000000000400, -8.000000000000000000 ) ) ;
#2354 = DIRECTION ( 'NONE',  ( 0.0000000000000000000, 0.0000000000000000000, 1.000000000000000000 ) ) ;
#2355 = CARTESIAN_POINT ( 'NONE',  ( -1.242640687119263200, -3.000000000000031100, 2.437500000000002700 ) ) ;
#2356 = ORIENTED_EDGE ( 'NONE', *, *, #480, .F. ) ;
#2357 = CARTESIAN_POINT ( 'NONE',  ( -3.054126587736528900, -2.721103196532224800E-015, -4.656250000000004400 ) ) ;
#2358 = CARTESIAN_POINT ( 'NONE',  ( 0.0000000000000000000, 3.000000000000000000, 1.124999999999996400 ) ) ;
#2359 = ORIENTED_EDGE ( 'NONE', *, *, #1146, .T. ) ;
#2360 = CARTESIAN_POINT ( 'NONE',  ( 2.350480947161672300, -4.749770684351827500E-015, 0.3750000000000003300 ) ) ;
#2361 = CARTESIAN_POINT ( 'NONE',  ( -3.054126587736528900, 1.265060653844730700, -6.781250000000000000 ) ) ;
#2362 = AXIS2_PLACEMENT_3D ( 'NONE', #1987, #1740, #1 ) ;
#2363 = CARTESIAN_POINT ( 'NONE',  ( -0.9736010864139231800, -2.350480947161673700, -7.937500000000000900 ) ) ;
#2364 = CARTESIAN_POINT ( 'NONE',  ( -1.799658773200967900, -1.984898994501959300, 4.699999999999999300 ) ) ;
#2365 = CARTESIAN_POINT ( 'NONE',  ( 0.3160526121494216500, 2.126928016055951600, 7.833072410079388700 ) ) ;
#2366 = CARTESIAN_POINT ( 'NONE',  ( 2.350480947161671900, 0.9736010864139187400, 2.312500000000000900 ) ) ;
#2367 =( LENGTH_UNIT ( ) NAMED_UNIT ( * ) SI_UNIT ( .MILLI., .METRE. ) );
#2368 = CARTESIAN_POINT ( 'NONE',  ( 3.054126587736528900, -3.609260747256670400E-015, -4.156250000000004400 ) ) ;
#2369 = CARTESIAN_POINT ( 'NONE',  ( -0.6485067226708620700, -1.934985545853199000, 7.729005241798631700 ) ) ;
#2370 = VERTEX_POINT ( 'NONE', #2106 ) ;
#2371 = ORIENTED_EDGE ( 'NONE', *, *, #1724, .F. ) ;
#2372 = CARTESIAN_POINT ( 'NONE',  ( -1.662041016787797500, 1.662041016787792800, 1.749999999999999800 ) ) ;
#2373 = CARTESIAN_POINT ( 'NONE',  ( 3.054126587736528900, -2.751073027650837900E-015, -7.218750000000000000 ) ) ;
#2374 = EDGE_CURVE ( 'NONE', #2527, #587, #3073, .T. ) ;
#2375 = CARTESIAN_POINT ( 'NONE',  ( -3.740226349862368200E-016, -3.054126587736534200, 3.531249999999999600 ) ) ;
#2376 = CARTESIAN_POINT ( 'NONE',  ( -1.063055803147456000, 2.096347548085604600, 4.700000000000000200 ) ) ;
#2377 = ORIENTED_EDGE ( 'NONE', *, *, #2239, .F. ) ;
#2378 = CARTESIAN_POINT ( 'NONE',  ( 2.350480947161671900, -0.9736010864139297300, 4.187500000000000000 ) ) ;
#2379 = CARTESIAN_POINT ( 'NONE',  ( -1.662041016787797500, 1.662041016787794100, -3.250000000000000400 ) ) ;
#2380 = CARTESIAN_POINT ( 'NONE',  ( 2.353694921263433900, 1.669883417471336000, -7.220628400278338100 ) ) ;
#2381 = EDGE_CURVE ( 'NONE', #1748, #2809, #1086, .T. ) ;
#2382 = CARTESIAN_POINT ( 'NONE',  ( 3.054126587736528000, -1.265060653844738600, -0.2187500000000037200 ) ) ;
#2383 = CARTESIAN_POINT ( 'NONE',  ( -2.000000000000003100, 1.154700538379250800, 8.000000000000000000 ) ) ;
#2384 = CARTESIAN_POINT ( 'NONE',  ( -2.350480947161672300, -0.9736010864139270600, -0.06250000000000005600 ) ) ;
#2385 = CARTESIAN_POINT ( 'NONE',  ( 2.159593620790630600, -2.159593620790635000, -2.343750000000000400 ) ) ;
#2386 = CARTESIAN_POINT ( 'NONE',  ( 1.265060653844732400, -3.054126587736535100, 4.593750000000000900 ) ) ;
#2387 = CARTESIAN_POINT ( 'NONE',  ( -0.8410687755997379200, 2.244574222100959500, 4.699999999999972600 ) ) ;
#2388 = CARTESIAN_POINT ( 'NONE',  ( 0.9090194280634850100, 1.784578465267451500, 7.690817791225388300 ) ) ;
#2389 = CARTESIAN_POINT ( 'NONE',  ( -0.9736010864139231800, -2.350480947161675400, -3.937500000000000000 ) ) ;
#2390 = FACE_OUTER_BOUND ( 'NONE', #3326, .T. ) ;
#2391 =( NAMED_UNIT ( * ) PLANE_ANGLE_UNIT ( ) SI_UNIT ( $, .RADIAN. ) );
#2392 = CARTESIAN_POINT ( 'NONE',  ( -2.121320343559644600, 2.121320343559640600, -1.874999999999999600 ) ) ;
#2393 = LINE ( 'NONE', #3221, #844 ) ;
#2394 = CARTESIAN_POINT ( 'NONE',  ( -3.000000000000001800, 1.242640687119282800, -1.687500000000003600 ) ) ;
#2395 = FACE_OUTER_BOUND ( 'NONE', #361, .T. ) ;
#2396 = PERSON_AND_ORGANIZATION ( #162, #2568 ) ;
#2397 = CARTESIAN_POINT ( 'NONE',  ( -2.159593620790631000, -2.159593620790633700, -3.531250000000005800 ) ) ;
#2398 = DIRECTION ( 'NONE',  ( -0.0000000000000000000, 1.224646799147353200E-016, -1.000000000000000000 ) ) ;
#2399 = CYLINDRICAL_SURFACE ( 'NONE', #1835, 3.000000000000000000 ) ;
#2400 = CARTESIAN_POINT ( 'NONE',  ( -2.350480947161672300, -0.9736010864139264000, -2.187500000000000400 ) ) ;
#2401 = ADVANCED_FACE ( 'NONE', ( #1435 ), #1111, .T. ) ;
#2402 = CARTESIAN_POINT ( 'NONE',  ( 2.350480947161671900, 0.9736010864139188500, 1.437499999999999800 ) ) ;
#2403 = CARTESIAN_POINT ( 'NONE',  ( 3.054126587736528000, -1.265060653844738400, -1.281250000000000200 ) ) ;
#2404 = CARTESIAN_POINT ( 'NONE',  ( -3.740226349862368200E-016, -3.054126587736535100, 5.531250000000000000 ) ) ;
#2405 = CARTESIAN_POINT ( 'NONE',  ( 0.0000000000000000000, 2.999999999999998700, -3.875000000000003100 ) ) ;
#2406 = CARTESIAN_POINT ( 'NONE',  ( -0.9736010864139231800, -2.350480947161676300, -0.9374999999999998900 ) ) ;
#2407 =( BOUNDED_CURVE ( )  B_SPLINE_CURVE ( 2, ( #2971, #2108, #2667, #1228, #909, #2394, #3533, #3519, #1769 ),
 .UNSPECIFIED., .F., .T. ) 
 B_SPLINE_CURVE_WITH_KNOTS ( ( 3, 2, 2, 2, 3 ),
 ( 0.1145404826425775500, 0.1168975525474904300, 0.1192546224524033300, 0.1216116923573162500, 0.1239687622622291400 ),
 .UNSPECIFIED. ) 
 CURVE ( )  GEOMETRIC_REPRESENTATION_ITEM ( )  RATIONAL_B_SPLINE_CURVE ( ( 1.000000000000711900, 0.9238795325105749700, 1.000000000000000000, 0.9238795325112867400, 1.000000000000000000, 0.9238795325112867400, 1.000000000000000000, 0.9238795325113814400, 0.9999999999999053000 ) ) 
 REPRESENTATION_ITEM ( '' )  );
#2408 = VERTEX_POINT ( 'NONE', #1533 ) ;
#2409 = MANIFOLD_SOLID_BREP ( 'Cut-Sweep1', #1510 ) ;
#2410 = CARTESIAN_POINT ( 'NONE',  ( -3.740226349862368200E-016, -3.054126587736532900, -1.406250000000006400 ) ) ;
#2411 = DIRECTION ( 'NONE',  ( -0.0000000000000000000, 1.224646799147353200E-016, -1.000000000000000000 ) ) ;
#2412 = CARTESIAN_POINT ( 'NONE',  ( 1.662041016787797500, -1.662041016787801000, -3.875000000000000900 ) ) ;
#2413 = CARTESIAN_POINT ( 'NONE',  ( -2.350480947161672300, -0.9736010864139272900, 0.9374999999999992200 ) ) ;
#2414 = CARTESIAN_POINT ( 'NONE',  ( 0.0000000000000000000, 3.054126587736525300, -1.968750000000000000 ) ) ;
#2415 = CARTESIAN_POINT ( 'NONE',  ( 1.662041016787797500, -1.662041016787800600, -5.750000000000000000 ) ) ;
#2416 = DIRECTION ( 'NONE',  ( -0.0000000000000000000, -0.0000000000000000000, 1.000000000000000000 ) ) ;
#2417 = CARTESIAN_POINT ( 'NONE',  ( -2.350480947161672300, -5.400051347251912700E-015, 4.749999999999999100 ) ) ;
#2418 = ORIENTED_EDGE ( 'NONE', *, *, #1146, .F. ) ;
#2419 = CARTESIAN_POINT ( 'NONE',  ( 2.350480947161671900, -0.9736010864139278400, -1.687500000000000900 ) ) ;
#2420 = ORIENTED_EDGE ( 'NONE', *, *, #302, .F. ) ;
#2421 = CARTESIAN_POINT ( 'NONE',  ( -3.000000000000002700, -2.978371003016191300E-015, -3.749999999999999600 ) ) ;
#2422 = CARTESIAN_POINT ( 'NONE',  ( 3.000000000000252200, 1.242640687119386900, -3.062500000000149200 ) ) ;
#2423 = EDGE_LOOP ( 'NONE', ( #2356, #2641, #3054, #2953, #2418, #212, #1965, #2732, #1947, #3013, #3194, #1416, #411, #3316, #1743, #2719, #2999, #1516, #2230, #2950, #2545, #3655, #2540, #906, #3538, #3576, #1010, #3425, #3238, #870 ) ) ;
#2424 = CARTESIAN_POINT ( 'NONE',  ( -1.242640687119293900, 2.999999999999993300, -6.937500000000000000 ) ) ;
#2425 = CARTESIAN_POINT ( 'NONE',  ( 0.0000000000000000000, 3.054126587736525800, -2.906250000000002700 ) ) ;
#2426 = CARTESIAN_POINT ( 'NONE',  ( -1.242640687119286100, -3.000000000000004900, -0.4375000000000050500 ) ) ;
#2427 = CARTESIAN_POINT ( 'NONE',  ( 2.350480947161671900, -0.9736010864139272900, -4.812500000000000900 ) ) ;
#2428 = VERTEX_POINT ( 'NONE', #615 ) ;
#2429 = CARTESIAN_POINT ( 'NONE',  ( -2.350480947161672300, -0.9736010864139254000, -6.062500000000000000 ) ) ;
#2430 = CARTESIAN_POINT ( 'NONE',  ( 2.350480947161672300, -3.348647876832099200E-015, -4.625000000000000900 ) ) ;
#2431 = CARTESIAN_POINT ( 'NONE',  ( 1.999999999999999600, 1.154700538379256300, 8.000000000000000000 ) ) ;
#2432 = CARTESIAN_POINT ( 'NONE',  ( 0.9736010864139224000, -2.350480947161675900, -3.812500000000000900 ) ) ;
#2433 = CARTESIAN_POINT ( 'NONE',  ( 3.000000000000002700, -3.292822240248685800E-015, -5.250000000000000000 ) ) ;
#2434 = CARTESIAN_POINT ( 'NONE',  ( -0.9736010864139231800, 2.350480947161670100, -6.437500000000000900 ) ) ;
#2435 = CARTESIAN_POINT ( 'NONE',  ( -1.242640687119275000, -3.000000000000018700, 0.4375000000000018900 ) ) ;
#2436 = EDGE_CURVE ( 'NONE', #504, #2796, #348, .T. ) ;
#2437 = CARTESIAN_POINT ( 'NONE',  ( -2.159593620790631000, -2.159593620790634500, -0.5312500000000056600 ) ) ;
#2438 = DIRECTION ( 'NONE',  ( -0.0000000000000000000, -0.0000000000000000000, 1.000000000000000000 ) ) ;
#2439 = VECTOR ( 'NONE', #858, 1000.000000000000000 ) ;
#2440 = CARTESIAN_POINT ( 'NONE',  ( 0.9736010864139224000, -2.350480947161675900, -3.937500000000000900 ) ) ;
#2441 = AXIS2_PLACEMENT_3D ( 'NONE', #1606, #691, #1299 ) ;
#2442 = CARTESIAN_POINT ( 'NONE',  ( 0.0000000000000000000, 6.279894725374701700E-016, -8.000000000000000000 ) ) ;
#2443 = VECTOR ( 'NONE', #1565, 1000.000000000000000 ) ;
#2444 = CARTESIAN_POINT ( 'NONE',  ( -0.9736010864139230700, 2.350480947161670100, -6.312500000000000900 ) ) ;
#2445 = CARTESIAN_POINT ( 'NONE',  ( 2.350480947161671900, 0.9736010864139208500, -5.562500000000002700 ) ) ;
#2446 = VECTOR ( 'NONE', #253, 1000.000000000000000 ) ;
#2447 = PLANE ( 'NONE',  #2806 ) ;
#2448 = CARTESIAN_POINT ( 'NONE',  ( -0.9736010864139231800, -2.350480947161677200, 2.062500000000000000 ) ) ;
#2449 = CARTESIAN_POINT ( 'NONE',  ( 1.090980571936506900, -1.679523149870310300, 7.690817791225399000 ) ) ;
#2450 = CARTESIAN_POINT ( 'NONE',  ( -2.350480947161672300, -0.9736010864139249500, -7.187500000000000000 ) ) ;
#2451 = CARTESIAN_POINT ( 'NONE',  ( -2.121320343559644600, 2.121320343559642400, -6.875000000000000000 ) ) ;
#2452 = ORIENTED_EDGE ( 'NONE', *, *, #607, .F. ) ;
#2453 = CARTESIAN_POINT ( 'NONE',  ( -3.054126587736528900, 1.265060653844728900, 0.2812499999999950600 ) ) ;
#2454 = CARTESIAN_POINT ( 'NONE',  ( -2.350480947161672300, 0.9736010864139195100, -2.312500000000000900 ) ) ;
#2455 = EDGE_CURVE ( 'NONE', #1356, #996, #2210, .T. ) ;
#2456 = ORIENTED_EDGE ( 'NONE', *, *, #184, .F. ) ;
#2457 =( BOUNDED_CURVE ( )  B_SPLINE_CURVE ( 2, ( #3157, #1427, #2601, #1185, #3272, #2968, #946, #2072, #642 ),
 .UNSPECIFIED., .F., .T. ) 
 B_SPLINE_CURVE_WITH_KNOTS ( ( 3, 2, 2, 2, 3 ),
 ( 0.05797300223699745900, 0.06033030374216577500, 0.06268760524733411900, 0.06504490675250242100, 0.06740220825767073700 ),
 .UNSPECIFIED. ) 
 CURVE ( )  GEOMETRIC_REPRESENTATION_ITEM ( )  RATIONAL_B_SPLINE_CURVE ( ( 1.000000000000519600, 0.9238795325107671500, 1.000000000000000000, 0.9238795325112867400, 1.000000000000000000, 0.9238795325112867400, 1.000000000000000000, 0.9238795325112763000, 1.000000000000010400 ) ) 
 REPRESENTATION_ITEM ( '' )  );
#2458 = CARTESIAN_POINT ( 'NONE',  ( -2.878508968398380700E-016, -2.350480947161675400, -3.875000000000000000 ) ) ;
#2459 = ORIENTED_EDGE ( 'NONE', *, *, #2141, .T. ) ;
#2460 = CARTESIAN_POINT ( 'NONE',  ( 2.350480947161671900, 0.9736010864139188500, 1.437499999999999800 ) ) ;
#2461 = CARTESIAN_POINT ( 'NONE',  ( -3.054126587736528900, 1.265060653844727800, 3.281249999999996000 ) ) ;
#2462 = CARTESIAN_POINT ( 'NONE',  ( -1.242640687114076000, 3.000000000005208700, -5.812500000000372100 ) ) ;
#2463 = CARTESIAN_POINT ( 'NONE',  ( -1.662041016787797500, 1.662041016787793700, -0.3750000000000003300 ) ) ;
#2464 = CARTESIAN_POINT ( 'NONE',  ( 0.9736010864139224000, -2.350480947161678500, 5.187500000000000900 ) ) ;
#2465 = CARTESIAN_POINT ( 'NONE',  ( -2.350480947161672300, 0.9736010864139205100, -6.187500000000000000 ) ) ;
#2466 = VERTEX_POINT ( 'NONE', #1250 ) ;
#2467 = ORIENTED_EDGE ( 'NONE', *, *, #1130, .T. ) ;
#2468 = CARTESIAN_POINT ( 'NONE',  ( 2.350480947161672300, -5.310219807359719400E-015, 2.375000000000000400 ) ) ;
#2469 = DIRECTION ( 'NONE',  ( 0.0000000000000000000, 1.000000000000000000, 1.445602896647339200E-016 ) ) ;
#2470 = EDGE_LOOP ( 'NONE', ( #1051, #645, #2255, #67 ) ) ;
#2471 = CARTESIAN_POINT ( 'NONE',  ( 2.121320343559821400, 2.121320343559817400, -3.000000000000147400 ) ) ;
#2472 = CARTESIAN_POINT ( 'NONE',  ( -2.878508968398380700E-016, -2.350480947161674500, -7.000000000000000900 ) ) ;
#2473 = CARTESIAN_POINT ( 'NONE',  ( -0.9736010864139231800, -2.350480947161675000, -6.062500000000000000 ) ) ;
#2474 = CARTESIAN_POINT ( 'NONE',  ( 0.0000000000000000000, 3.054126587736524900, 1.093749999999997600 ) ) ;
#2475 = CARTESIAN_POINT ( 'NONE',  ( -2.121320343559644600, -2.121320343559647300, -4.625000000000000000 ) ) ;
#2476 = CARTESIAN_POINT ( 'NONE',  ( 3.000000000000014200, -1.242640687119297400, -0.1875000000000112400 ) ) ;
#2477 = CARTESIAN_POINT ( 'NONE',  ( 1.662041016787797900, 1.662041016787794100, -4.500000000000000900 ) ) ;
#2478 = AXIS2_PLACEMENT_3D ( 'NONE', #3522, #70, #29 ) ;
#2479 = CARTESIAN_POINT ( 'NONE',  ( -2.350480947161672300, -0.9736010864139277300, 2.937499999999999100 ) ) ;
#2480 = CARTESIAN_POINT ( 'NONE',  ( 0.0000000000000000000, 5.999999999999998200, 8.000000000000000000 ) ) ;
#2481 = DIRECTION ( 'NONE',  ( -0.0000000000000000000, -0.0000000000000000000, 1.000000000000000000 ) ) ;
#2482 = CARTESIAN_POINT ( 'NONE',  ( 0.9736010864139224000, -2.350480947161675000, -6.937500000000000900 ) ) ;
#2483 = FACE_BOUND ( 'NONE', #1689, .T. ) ;
#2484 = CARTESIAN_POINT ( 'NONE',  ( 3.054126587736528000, -1.265060653844739100, 0.7812499999999954500 ) ) ;
#2485 = CARTESIAN_POINT ( 'NONE',  ( -3.000000000000002700, -1.242640687119289000, -4.687500000000000900 ) ) ;
#2486 = FACE_OUTER_BOUND ( 'NONE', #2775, .T. ) ;
#2487 = CARTESIAN_POINT ( 'NONE',  ( -2.121320343559653000, -2.121320343559657000, 0.4999999999999864600 ) ) ;
#2488 = CARTESIAN_POINT ( 'NONE',  ( 3.000000000000000900, 1.242640687119282800, -1.062500000000004000 ) ) ;
#2489 = CARTESIAN_POINT ( 'NONE',  ( 0.9736010864139224000, -2.350480947161677200, 0.1875000000000001700 ) ) ;
#2490 = LOCAL_TIME ( 13, 42, 39.00000000000000000, #3263 ) ;
#2491 = CARTESIAN_POINT ( 'NONE',  ( 2.350480947161671900, -0.9736010864139262900, -7.812500000000000000 ) ) ;
#2492 = CARTESIAN_POINT ( 'NONE',  ( 1.946430729257768100, -2.159926778558159700, -7.200008126779963800 ) ) ;
#2493 = CARTESIAN_POINT ( 'NONE',  ( 2.961191803811029200, 0.4809813936550799100, -7.099999999999998800 ) ) ;
#2494 = VERTEX_POINT ( 'NONE', #2923 ) ;
#2495 = CARTESIAN_POINT ( 'NONE',  ( -1.265060653844732700, 3.054126587736524000, 4.156249999999996400 ) ) ;
#2496 = PRODUCT_DEFINITION_FORMATION_WITH_SPECIFIED_SOURCE ( 'ANY', '', #3706, .NOT_KNOWN. ) ;
#2497 = CARTESIAN_POINT ( 'NONE',  ( 1.662041016787797900, 1.662041016787792800, 0.5000000000000004400 ) ) ;
#2498 = CARTESIAN_POINT ( 'NONE',  ( -2.350480947161672300, -5.154854855935961800E-015, 3.875000000000000000 ) ) ;
#2499 = CARTESIAN_POINT ( 'NONE',  ( 2.988161544339340100, 0.2705065955828686000, -7.107123962367563900 ) ) ;
#2500 = EDGE_CURVE ( 'NONE', #3187, #3479, #2554, .T. ) ;
#2501 = AXIS2_PLACEMENT_3D ( 'NONE', #3640, #2481, #2795 ) ;
#2502 = ORIENTED_EDGE ( 'NONE', *, *, #208, .T. ) ;
#2503 = CARTESIAN_POINT ( 'NONE',  ( 0.0000000000000000000, 8.127580809560354500E-015, 8.000000000000000000 ) ) ;
#2504 = ORIENTED_EDGE ( 'NONE', *, *, #2500, .T. ) ;
#2505 = DIRECTION ( 'NONE',  ( -0.0000000000000000000, 1.224646799147353200E-016, -1.000000000000000000 ) ) ;
#2506 = CARTESIAN_POINT ( 'NONE',  ( -0.9736010864139231800, 2.350480947161667900, 0.6874999999999987800 ) ) ;
#2507 = ORIENTED_EDGE ( 'NONE', *, *, #283, .T. ) ;
#2508 = CARTESIAN_POINT ( 'NONE',  ( 0.9736010864139245100, 2.350480947161666600, 4.562500000000000900 ) ) ;
#2509 = CARTESIAN_POINT ( 'NONE',  ( 0.0000000000000000000, 2.999999999999998700, -3.875000000000003100 ) ) ;
#2510 = CARTESIAN_POINT ( 'NONE',  ( 1.242640687119297900, -2.999999999999996000, -0.4374999999999988900 ) ) ;
#2511 =( BOUNDED_CURVE ( )  B_SPLINE_CURVE ( 2, ( #3076, #1307, #3093, #2531, #1972, #483, #1691, #3684, #1349 ),
 .UNSPECIFIED., .F., .F. ) 
 B_SPLINE_CURVE_WITH_KNOTS ( ( 3, 2, 2, 2, 3 ),
 ( 0.1333979131946687300, 0.1357546470877630800, 0.1381113809808574000, 0.1404681148739517500, 0.1428248487670461000 ),
 .UNSPECIFIED. ) 
 CURVE ( )  GEOMETRIC_REPRESENTATION_ITEM ( )  RATIONAL_B_SPLINE_CURVE ( ( 0.9999999999998556700, 0.9238795325114310700, 1.000000000000000000, 0.9238795325112867400, 1.000000000000000000, 0.9238795325112867400, 1.000000000000000000, 0.9238795325112967300, 0.9999999999999900100 ) ) 
 REPRESENTATION_ITEM ( '' )  );
#2512 = EDGE_CURVE ( 'NONE', #2142, #1828, #2134, .T. ) ;
#2513 = CARTESIAN_POINT ( 'NONE',  ( -1.242640687127733600, 2.999999999991563600, -4.812499999999407600 ) ) ;
#2514 = CARTESIAN_POINT ( 'NONE',  ( -2.121320343559641900, 2.121320343559640200, -6.750000000000001800 ) ) ;
#2515 = CARTESIAN_POINT ( 'NONE',  ( 0.9736010864139224000, -2.350480947161677200, 1.062499999999999300 ) ) ;
#2516 = CARTESIAN_POINT ( 'NONE',  ( -0.9736010864139231800, 2.350480947161667900, -1.312500000000000200 ) ) ;
#2517 = CARTESIAN_POINT ( 'NONE',  ( 0.9736010864139224000, -2.350480947161678500, 5.187500000000000900 ) ) ;
#2518 = CONICAL_SURFACE ( 'NONE', #3432, 2.309401076758501100, 0.7853981633974500600 ) ;
#2519 = CARTESIAN_POINT ( 'NONE',  ( -2.878508968398380700E-016, -2.350480947161674500, -6.875000000000000900 ) ) ;
#2520 = EDGE_LOOP ( 'NONE', ( #1991, #859, #2728, #3235 ) ) ;
#2521 = PLANE ( 'NONE',  #2791 ) ;
#2522 = CARTESIAN_POINT ( 'NONE',  ( 2.350480947161672300, -5.275191737171725500E-015, 2.250000000000000400 ) ) ;
#2523 = CARTESIAN_POINT ( 'NONE',  ( 2.350480947161672300, -4.469546122847881900E-015, -0.6250000000000005600 ) ) ;
#2524 = ORIENTED_EDGE ( 'NONE', *, *, #1459, .T. ) ;
#2525 = CARTESIAN_POINT ( 'NONE',  ( -2.350480947161672300, 0.9736010864139177400, 3.812500000000000000 ) ) ;
#2526 = CARTESIAN_POINT ( 'NONE',  ( 1.662041016787797500, -1.662041016787800400, -6.750000000000000900 ) ) ;
#2527 = VERTEX_POINT ( 'NONE', #3718 ) ;
#2528 = DIRECTION ( 'NONE',  ( -0.0000000000000000000, 1.224646799147353200E-016, -1.000000000000000000 ) ) ;
#2529 = CARTESIAN_POINT ( 'NONE',  ( -1.662041016787797700, -1.662041016787800600, -4.125000000000000000 ) ) ;
#2530 = CARTESIAN_POINT ( 'NONE',  ( -2.350480947161672300, 0.9736010864139195100, -2.312500000000000900 ) ) ;
#2531 = CARTESIAN_POINT ( 'NONE',  ( -3.000000000000045700, -1.242640687119307400, -2.562500000000029800 ) ) ;
#2532 = CARTESIAN_POINT ( 'NONE',  ( -1.179539729358139800, 1.628393496493724600, 7.698919027229115900 ) ) ;
#2533 = CARTESIAN_POINT ( 'NONE',  ( 2.350480947161671900, -0.9736010864139287300, 1.187499999999999300 ) ) ;
#2534 = AXIS2_PLACEMENT_3D ( 'NONE', #2887, #851, #3488 ) ;
#2535 = CARTESIAN_POINT ( 'NONE',  ( 3.054126587736528000, -1.265060653844736400, -8.218750000000003600 ) ) ;
#2536 = CARTESIAN_POINT ( 'NONE',  ( -2.350480947161672300, 0.9736010864139185200, 1.812500000000000000 ) ) ;
#2537 = ADVANCED_FACE ( 'NONE', ( #2564 ), #3344, .T. ) ;
#2538 = CARTESIAN_POINT ( 'NONE',  ( 0.9736010864139245100, 2.350480947161669200, -5.562500000000002700 ) ) ;
#2539 = CARTESIAN_POINT ( 'NONE',  ( -0.9736010864139231800, -2.350480947161674500, -6.937500000000000900 ) ) ;
#2540 = ORIENTED_EDGE ( 'NONE', *, *, #3526, .F. ) ;
#2541 = CARTESIAN_POINT ( 'NONE',  ( 1.662041016787797900, 1.662041016787791700, 4.375000000000000000 ) ) ;
#2542 = VERTEX_POINT ( 'NONE', #2288 ) ;
#2543 = CARTESIAN_POINT ( 'NONE',  ( 2.121320343559644600, 2.121320343559639700, -1.124999999999999800 ) ) ;
#2544 = CARTESIAN_POINT ( 'NONE',  ( 0.9736010864139224000, -2.350480947161675400, -4.937500000000001800 ) ) ;
#2545 = ORIENTED_EDGE ( 'NONE', *, *, #3287, .F. ) ;
#2546 = CARTESIAN_POINT ( 'NONE',  ( -1.662041016787797700, -1.662041016787801000, -2.125000000000000000 ) ) ;
#2547 = DIRECTION ( 'NONE',  ( -0.0000000000000000000, 1.224646799147353200E-016, -1.000000000000000000 ) ) ;
#2548 = CARTESIAN_POINT ( 'NONE',  ( -1.662041016787797500, 1.662041016787793000, 1.624999999999999800 ) ) ;
#2549 = CARTESIAN_POINT ( 'NONE',  ( 2.350480947161672300, -5.555416298675671100E-015, 3.249999999999999600 ) ) ;
#2550 = CARTESIAN_POINT ( 'NONE',  ( -2.350480947161672300, -0.9736010864139281700, 3.937500000000000000 ) ) ;
#2551 = CARTESIAN_POINT ( 'NONE',  ( -1.662041016787797700, -1.662041016787799900, -6.125000000000000000 ) ) ;
#2552 = CARTESIAN_POINT ( 'NONE',  ( 0.0000000000000000000, 3.000000000000000000, -6.999999999999999100 ) ) ;
#2553 = CARTESIAN_POINT ( 'NONE',  ( 1.662041016787797900, 1.662041016787794400, -5.500000000000000900 ) ) ;
#2554 =( BOUNDED_CURVE ( )  B_SPLINE_CURVE ( 2, ( #1135, #2609, #1489, #1196, #3461, #3165, #3227, #2917, #902 ),
 .UNSPECIFIED., .F., .T. ) 
 B_SPLINE_CURVE_WITH_KNOTS ( ( 3, 2, 2, 2, 3 ),
 ( 0.6071428571428572100, 0.6160714285714286000, 0.6250000000000000000, 0.6339285714285714000, 0.6428571428571427900 ),
 .UNSPECIFIED. ) 
 CURVE ( )  GEOMETRIC_REPRESENTATION_ITEM ( )  RATIONAL_B_SPLINE_CURVE ( ( 0.9999999999999990000, 0.9238795325112877400, 1.000000000000000000, 0.9238795325112867400, 1.000000000000000000, 0.9238795325112867400, 1.000000000000000000, 0.9238795325112877400, 0.9999999999999990000 ) ) 
 REPRESENTATION_ITEM ( '' )  );
#2555 = CARTESIAN_POINT ( 'NONE',  ( 2.350480947161671900, 0.9736010864139205100, -4.562500000000000900 ) ) ;
#2556 = EDGE_CURVE ( 'NONE', #3039, #1289, #2826, .T. ) ;
#2557 = CARTESIAN_POINT ( 'NONE',  ( -1.662041016787797700, -1.662041016787800800, -3.125000000000000000 ) ) ;
#2558 = CARTESIAN_POINT ( 'NONE',  ( -0.9736010864139232900, -2.350480947161675400, -4.062500000000000000 ) ) ;
#2559 = ADVANCED_FACE ( 'NONE', ( #1624 ), #2302, .F. ) ;
#2560 = VECTOR ( 'NONE', #1366, 1000.000000000000000 ) ;
#2561 = CARTESIAN_POINT ( 'NONE',  ( 0.0000000000000000000, 8.127580809560354500E-015, 8.000000000000000000 ) ) ;
#2562 = CARTESIAN_POINT ( 'NONE',  ( -2.398308808133581600E-011, -3.000000000000001300, 4.624999999998791200 ) ) ;
#2563 = CARTESIAN_POINT ( 'NONE',  ( 2.867855704600997600, 1.219990373331678600, 5.342074030287363100 ) ) ;
#2564 = FACE_OUTER_BOUND ( 'NONE', #1093, .T. ) ;
#2565 = CARTESIAN_POINT ( 'NONE',  ( 0.0000000000000000000, 2.350480947161667000, 3.624999999999999600 ) ) ;
#2566 = EDGE_CURVE ( 'NONE', #1562, #2408, #3562, .T. ) ;
#2567 = CARTESIAN_POINT ( 'NONE',  ( 2.350480947161671900, 0.9736010864139211800, -6.562500000000000900 ) ) ;
#2568 = ORGANIZATION ( 'UNSPECIFIED', 'UNSPECIFIED', '' ) ;
#2569 = CARTESIAN_POINT ( 'NONE',  ( 2.350480947161671900, -0.9736010864139290600, 2.187500000000000400 ) ) ;
#2570 = CARTESIAN_POINT ( 'NONE',  ( -3.054126587736528900, -4.104711968957957400E-015, 0.2812500000000002200 ) ) ;
#2571 = CARTESIAN_POINT ( 'NONE',  ( 2.121320343559644600, 2.121320343559640200, -3.124999999999999600 ) ) ;
#2572 = CARTESIAN_POINT ( 'NONE',  ( -1.662041016787797500, 1.662041016787794800, -4.375000000000000000 ) ) ;
#2573 = CARTESIAN_POINT ( 'NONE',  ( -2.350480947161672300, 0.9736010864139191800, -1.312500000000000200 ) ) ;
#2574 = CARTESIAN_POINT ( 'NONE',  ( 0.0000000000000000000, 2.999999999999998200, 2.124999999999996000 ) ) ;
#2575 = CARTESIAN_POINT ( 'NONE',  ( 0.0000000000000000000, 3.000000000000000400, -8.000000000000000000 ) ) ;
#2576 = EDGE_LOOP ( 'NONE', ( #64, #2320, #2504, #772 ) ) ;
#2577 = CARTESIAN_POINT ( 'NONE',  ( -1.662041016787797700, -1.662041016787802600, 3.875000000000000000 ) ) ;
#2578 = ADVANCED_FACE ( 'NONE', ( #247 ), #1308, .T. ) ;
#2579 = CARTESIAN_POINT ( 'NONE',  ( 0.0000000000000000000, 2.350480947161668300, -1.375000000000000400 ) ) ;
#2580 = CARTESIAN_POINT ( 'NONE',  ( -2.350480947161672300, -0.9736010864139281700, 3.812500000000000000 ) ) ;
#2581 = CARTESIAN_POINT ( 'NONE',  ( 1.265060653844732400, -3.054126587736534700, 1.593749999999999800 ) ) ;
#2582 = CARTESIAN_POINT ( 'NONE',  ( 1.564050625393671800E-011, -2.825656986041248200, -7.274343013958750600 ) ) ;
#2583 = CARTESIAN_POINT ( 'NONE',  ( -2.350480947161672300, -0.9736010864139264000, -2.187500000000000400 ) ) ;
#2584 = CARTESIAN_POINT ( 'NONE',  ( -2.350480947161672300, -0.9736010864139267300, -1.187500000000000000 ) ) ;
#2585 = CARTESIAN_POINT ( 'NONE',  ( 0.0000000000000000000, 2.999999999999998200, 2.000000000000000900 ) ) ;
#2586 = CARTESIAN_POINT ( 'NONE',  ( 2.070607471831450700, 1.233106524049512300, -7.695247661865466600 ) ) ;
#2587 = ORIENTED_EDGE ( 'NONE', *, *, #1071, .F. ) ;
#2588 =( GEOMETRIC_REPRESENTATION_CONTEXT ( 3 ) GLOBAL_UNCERTAINTY_ASSIGNED_CONTEXT ( ( #1785 ) ) GLOBAL_UNIT_ASSIGNED_CONTEXT ( ( #2367, #2391, #346 ) ) REPRESENTATION_CONTEXT ( 'NONE', 'WORKASPACE' ) );
#2589 = CARTESIAN_POINT ( 'NONE',  ( -1.662041016787797700, -1.662041016787802400, 2.874999999999999100 ) ) ;
#2590 = CARTESIAN_POINT ( 'NONE',  ( 0.9736010864139245100, 2.350480947161667400, 2.562500000000000400 ) ) ;
#2591 = ORIENTED_EDGE ( 'NONE', *, *, #2512, .T. ) ;
#2592 = CARTESIAN_POINT ( 'NONE',  ( 0.9736010864139224000, -2.350480947161676300, -1.812500000000001100 ) ) ;
#2593 = CARTESIAN_POINT ( 'NONE',  ( -2.059367414658488400, 1.264714618917101500, 4.661071266019434700 ) ) ;
#2594 = CARTESIAN_POINT ( 'NONE',  ( -3.054126587736528900, -4.665161091965849300E-015, 2.281250000000000400 ) ) ;
#2595 = CARTESIAN_POINT ( 'NONE',  ( -3.673940397442062800E-016, -3.000000000000008000, 2.500000000000001300 ) ) ;
#2596 = CARTESIAN_POINT ( 'NONE',  ( 3.000000000000002700, -5.814843293784197200E-015, 3.750000000000000900 ) ) ;
#2597 = AXIS2_PLACEMENT_3D ( 'NONE', #2995, #2680, #3273 ) ;
#2598 = CARTESIAN_POINT ( 'NONE',  ( 0.9736010864139245100, 2.350480947161667400, 2.437500000000000400 ) ) ;
#2599 = CARTESIAN_POINT ( 'NONE',  ( -2.350480947161672300, -0.9736010864139272900, 0.8124999999999990000 ) ) ;
#2600 = ADVANCED_FACE ( 'NONE', ( #1063 ), #1157, .T. ) ;
#2601 = CARTESIAN_POINT ( 'NONE',  ( -2.121320343559861800, -2.121320343559866700, 1.499999999999816600 ) ) ;
#2602 = CARTESIAN_POINT ( 'NONE',  ( -3.000000000000000000, -5.255195565235748600E-015, 4.374999999999997300 ) ) ;
#2603 = CARTESIAN_POINT ( 'NONE',  ( -3.054126587736528900, 1.265060653844730900, -7.718750000000004400 ) ) ;
#2604 = CARTESIAN_POINT ( 'NONE',  ( 0.0000000000000000000, 3.000000000000000400, -8.000000000000000000 ) ) ;
#2605 = CARTESIAN_POINT ( 'NONE',  ( -2.878508968398380700E-016, -2.350480947161676300, -0.8750000000000007800 ) ) ;
#2606 = CIRCLE ( 'NONE', #2125, 3.000000000000000000 ) ;
#2607 = CARTESIAN_POINT ( 'NONE',  ( -2.159593620790630600, 2.159593620790628800, -6.843750000000000000 ) ) ;
#2608 = CARTESIAN_POINT ( 'NONE',  ( 3.054126587736528500, 1.265060653844729500, 0.8437500000000006700 ) ) ;
#2609 = CARTESIAN_POINT ( 'NONE',  ( 1.242640687119297900, -2.999999999999996400, 0.5625000000000018900 ) ) ;
#2610 = CARTESIAN_POINT ( 'NONE',  ( -2.133183912307641700, 1.504808749251238100, -7.495256428002370800 ) ) ;
#2611 = CARTESIAN_POINT ( 'NONE',  ( -2.350480947161672300, -4.839602224244022400E-015, 2.749999999999999100 ) ) ;
#2612 = LINE ( 'NONE', #1387, #2446 ) ;
#2613 = CARTESIAN_POINT ( 'NONE',  ( 2.350480947161671900, 0.9736010864139189600, 1.312499999999999300 ) ) ;
#2614 = CARTESIAN_POINT ( 'NONE',  ( 1.873403546575144900, -1.427764458887684800, -7.749519052838324200 ) ) ;
#2615 = DIRECTION ( 'NONE',  ( 0.0000000000000000000, 1.000000000000000000, 0.0000000000000000000 ) ) ;
#2616 = CONICAL_SURFACE ( 'NONE', #3059, 2.309401076758501100, 0.7853981633974500600 ) ;
#2617 = CARTESIAN_POINT ( 'NONE',  ( 7.347880794884119700E-016, -6.000000000000001800, 8.000000000000000000 ) ) ;
#2618 = CARTESIAN_POINT ( 'NONE',  ( -3.054126587736528900, 1.265060653844730200, -4.718750000000004400 ) ) ;
#2619 = EDGE_CURVE ( 'NONE', #3542, #918, #805, .T. ) ;
#2620 = ADVANCED_FACE ( 'NONE', ( #2029 ), #522, .F. ) ;
#2621 = CARTESIAN_POINT ( 'NONE',  ( 0.9736010864139224000, -2.350480947161676300, -2.812500000000001300 ) ) ;
#2622 = CARTESIAN_POINT ( 'NONE',  ( -3.740226349862368200E-016, -3.054126587736531100, -7.468750000000000000 ) ) ;
#2623 = CARTESIAN_POINT ( 'NONE',  ( -3.740226349862368200E-016, -3.054126587736533300, 0.5312500000000004400 ) ) ;
#2624 = VERTEX_POINT ( 'NONE', #2405 ) ;
#2625 = CARTESIAN_POINT ( 'NONE',  ( -1.617318338359255300, -2.246103627676110400, -7.337741078850935000 ) ) ;
#2626 = CARTESIAN_POINT ( 'NONE',  ( -2.350480947161672300, -0.9736010864139267300, -1.187500000000000400 ) ) ;
#2627 = CARTESIAN_POINT ( 'NONE',  ( 1.662041016787797900, 1.662041016787792600, 1.374999999999999600 ) ) ;
#2628 = ORIENTED_EDGE ( 'NONE', *, *, #1396, .F. ) ;
#2629 = DIRECTION ( 'NONE',  ( 0.0000000000000000000, 1.000000000000000000, 0.0000000000000000000 ) ) ;
#2630 = CARTESIAN_POINT ( 'NONE',  ( -1.242640687119286300, 2.999999999999996900, 4.062500000000000900 ) ) ;
#2631 = DIRECTION ( 'NONE',  ( -0.0000000000000000000, 1.224646799147353200E-016, -1.000000000000000000 ) ) ;
#2632 = CARTESIAN_POINT ( 'NONE',  ( 2.571910168074464900, 1.125748509607549700, -7.299070546949428400 ) ) ;
#2633 = CARTESIAN_POINT ( 'NONE',  ( 0.0000000000000000000, 3.054126587736526700, -6.906250000000002700 ) ) ;
#2634 = CARTESIAN_POINT ( 'NONE',  ( -1.842815071353938000, -1.245451299245607700, 7.909249239133213600 ) ) ;
#2635 = CARTESIAN_POINT ( 'NONE',  ( 1.662041016787797500, -1.662041016787801700, -1.750000000000000700 ) ) ;
#2636 = CARTESIAN_POINT ( 'NONE',  ( 2.159593620790631000, 2.159593620790627900, -6.093750000000000000 ) ) ;
#2637 = EDGE_CURVE ( 'NONE', #3491, #430, #3619, .T. ) ;
#2638 = CARTESIAN_POINT ( 'NONE',  ( -2.350480947161672300, -1.792160117888612500E-015, -8.125000000000000000 ) ) ;
#2639 = B_SPLINE_CURVE_WITH_KNOTS ( 'NONE', 3,
 ( #2676, #972, #2365, #627, #2951, #1224, #2388, #3254, #1248, #2156, #3025, #2431 ),
 .UNSPECIFIED., .F., .F.,
 ( 4, 2, 2, 2, 2, 4 ),
 ( 2.544349856281232800E-007, 0.0005966331004600563500, 0.0008948224331972697000, 0.001193011765934483300, 0.001789390431408909800, 0.002385769096883336200 ),
 .UNSPECIFIED. ) ;
#2640 = CARTESIAN_POINT ( 'NONE',  ( -2.350480947161672300, -0.9736010864139275100, 1.812500000000000000 ) ) ;
#2641 = ORIENTED_EDGE ( 'NONE', *, *, #2075, .F. ) ;
#2642 = ADVANCED_FACE ( 'NONE', ( #2486 ), #1861, .T. ) ;
#2643 = ORIENTED_EDGE ( 'NONE', *, *, #3036, .T. ) ;
#2644 = CARTESIAN_POINT ( 'NONE',  ( -3.000000000000002700, -1.242640687119291700, 4.312500000000000900 ) ) ;
#2645 = ORIENTED_EDGE ( 'NONE', *, *, #1938, .F. ) ;
#2646 = CARTESIAN_POINT ( 'NONE',  ( 0.0000000000000000000, 2.999999999999998200, 2.000000000000000900 ) ) ;
#2647 = CARTESIAN_POINT ( 'NONE',  ( 3.054126587736528000, -1.265060653844736600, -7.218750000000004400 ) ) ;
#2648 = AXIS2_PLACEMENT_3D ( 'NONE', #459, #1036, #1627 ) ;
#2649 = CARTESIAN_POINT ( 'NONE',  ( -2.350480947161672300, 0.9736010864139188500, -0.1875000000000001700 ) ) ;
#2650 = CARTESIAN_POINT ( 'NONE',  ( -1.265060653844732700, 3.054126587736526700, -4.906250000000000000 ) ) ;
#2651 = CARTESIAN_POINT ( 'NONE',  ( 0.9736010864139224000, -2.350480947161674500, -7.812500000000000000 ) ) ;
#2652 = CARTESIAN_POINT ( 'NONE',  ( -1.188339886394338900, -2.490744461213774600, 4.700000000000001100 ) ) ;
#2653 = CARTESIAN_POINT ( 'NONE',  ( 0.0000000000000000000, 2.350480947161668800, -2.375000000000000400 ) ) ;
#2654 = CARTESIAN_POINT ( 'NONE',  ( 1.242640687119285900, -3.000000000000009300, 4.562500000000002700 ) ) ;
#2655 = DIRECTION ( 'NONE',  ( 1.000000000000000000, 0.0000000000000000000, 0.0000000000000000000 ) ) ;
#2656 = CARTESIAN_POINT ( 'NONE',  ( -1.242640687119286300, 2.999999999999998200, 0.06250000000000065200 ) ) ;
#2657 = CARTESIAN_POINT ( 'NONE',  ( -1.265060653844732700, 3.054126587736526700, -3.843750000000002700 ) ) ;
#2658 = CARTESIAN_POINT ( 'NONE',  ( 1.242640687119297900, -2.999999999999996000, -2.437499999999999100 ) ) ;
#2659 = LINE ( 'NONE', #841, #717 ) ;
#2660 = CARTESIAN_POINT ( 'NONE',  ( 0.0000000000000000000, 2.350480947161667900, 0.6250000000000005600 ) ) ;
#2661 = LINE ( 'NONE', #3548, #2988 ) ;
#2662 = CARTESIAN_POINT ( 'NONE',  ( 0.0000000000000000000, 3.054126587736525800, -3.968750000000000000 ) ) ;
#2663 = CARTESIAN_POINT ( 'NONE',  ( 2.159593620790630600, -2.159593620790637200, 5.656250000000000000 ) ) ;
#2664 = CARTESIAN_POINT ( 'NONE',  ( -0.8323732083548020000, -2.663345145900488200, 4.700000000000000200 ) ) ;
#2665 = CARTESIAN_POINT ( 'NONE',  ( 2.350480947161671900, -0.9736010864139292800, 3.187499999999999600 ) ) ;
#2666 = CARTESIAN_POINT ( 'NONE',  ( -2.350480947161672300, -2.913058363904395600E-015, -4.125000000000000000 ) ) ;
#2667 = CARTESIAN_POINT ( 'NONE',  ( -2.121320343559643700, -2.121320343559647300, -1.500000000000005100 ) ) ;
#2668 = ORIENTED_EDGE ( 'NONE', *, *, #355, .T. ) ;
#2669 = CARTESIAN_POINT ( 'NONE',  ( 3.054126587736528500, 1.265060653844729800, -0.09375000000000355300 ) ) ;
#2670 = CARTESIAN_POINT ( 'NONE',  ( -1.999999999999999100, -0.2032123884490420200, 7.690586127561701300 ) ) ;
#2671 = ORIENTED_EDGE ( 'NONE', *, *, #1811, .T. ) ;
#2672 = CARTESIAN_POINT ( 'NONE',  ( 1.662041016787797900, 1.662041016787792800, 0.5000000000000004400 ) ) ;
#2673 = CARTESIAN_POINT ( 'NONE',  ( -1.265060653844732700, 3.054126587736525300, -1.906250000000000000 ) ) ;
#2674 = CARTESIAN_POINT ( 'NONE',  ( -1.265060653844732700, 3.054126587736523100, 4.093750000000000000 ) ) ;
#2675 = CARTESIAN_POINT ( 'NONE',  ( 0.3287448706297438300, -2.893346384030174500, 4.700000000000000200 ) ) ;
#2676 = CARTESIAN_POINT ( 'NONE',  ( 9.974659986866640800E-015, 2.309401076758509100, 8.000000000000000000 ) ) ;
#2677 = CARTESIAN_POINT ( 'NONE',  ( 0.9736010864139245100, 2.350480947161668800, -3.437500000000000400 ) ) ;
#2678 =( BOUNDED_CURVE ( )  B_SPLINE_CURVE ( 2, ( #2509, #753, #172, #1611, #2179, #3639, #2202, #442, #3618 ),
 .UNSPECIFIED., .F., .T. ) 
 B_SPLINE_CURVE_WITH_KNOTS ( ( 3, 2, 2, 2, 3 ),
 ( 0.1616813045136770400, 0.1640383138587543900, 0.1663953232038317100, 0.1687523325489090900, 0.1711093418939864100 ),
 .UNSPECIFIED. ) 
 CURVE ( )  GEOMETRIC_REPRESENTATION_ITEM ( )  RATIONAL_B_SPLINE_CURVE ( ( 1.000000000000140100, 0.9238795325111466300, 1.000000000000000000, 0.9238795325112867400, 1.000000000000000000, 0.9238795325112867400, 1.000000000000000000, 0.9238795325108655200, 1.000000000000421200 ) ) 
 REPRESENTATION_ITEM ( '' )  );
#2679 = CARTESIAN_POINT ( 'NONE',  ( 2.628441745692842200, -1.614198941426452400, 4.661071266019434700 ) ) ;
#2680 = DIRECTION ( 'NONE',  ( -0.0000000000000000000, 1.224646799147353200E-016, -1.000000000000000000 ) ) ;
#2681 = CARTESIAN_POINT ( 'NONE',  ( 2.512128710367850500, 1.312072649659661300, -7.272507171645523600 ) ) ;
#2682 = CARTESIAN_POINT ( 'NONE',  ( -2.159593620790630600, 2.159593620790627400, -0.7812500000000024400 ) ) ;
#2683 = CARTESIAN_POINT ( 'NONE',  ( -3.000000000000001800, 1.242640687119281900, -0.6875000000000038900 ) ) ;
#2684 = CARTESIAN_POINT ( 'NONE',  ( 0.9736010864139224000, -2.350480947161675400, -4.937500000000001800 ) ) ;
#2685 = ORIENTED_EDGE ( 'NONE', *, *, #1982, .F. ) ;
#2686 = CARTESIAN_POINT ( 'NONE',  ( -0.9736010864139231800, -2.350480947161676300, 0.06250000000000005600 ) ) ;
#2687 = CARTESIAN_POINT ( 'NONE',  ( 2.159593620790631000, 2.159593620790627000, -3.093750000000000000 ) ) ;
#2688 = CARTESIAN_POINT ( 'NONE',  ( -2.350480947161672300, -0.9736010864139249500, -7.062500000000000000 ) ) ;
#2689 = DIRECTION ( 'NONE',  ( 0.0000000000000000000, 1.000000000000000000, 0.0000000000000000000 ) ) ;
#2690 = ORIENTED_EDGE ( 'NONE', *, *, #3601, .F. ) ;
#2691 = CARTESIAN_POINT ( 'NONE',  ( 2.061061761638613500, -1.263020271936988300, 5.161225087263069600 ) ) ;
#2692 = CARTESIAN_POINT ( 'NONE',  ( 0.9736010864139224000, -2.350480947161676300, -2.812500000000001300 ) ) ;
#2693 = CARTESIAN_POINT ( 'NONE',  ( -2.121320343559644600, -2.121320343559647700, -3.624999999999999100 ) ) ;
#2694 = CARTESIAN_POINT ( 'NONE',  ( 0.0000000000000000000, 2.999999999999999100, 3.124999999999996400 ) ) ;
#2695 = CARTESIAN_POINT ( 'NONE',  ( -0.9736010864139231800, -2.350480947161673700, -8.062500000000000000 ) ) ;
#2696 = EDGE_CURVE ( 'NONE', #277, #918, #251, .T. ) ;
#2697 = CARTESIAN_POINT ( 'NONE',  ( 2.159593620790631000, 2.159593620790626600, -1.031250000000002700 ) ) ;
#2698 = CARTESIAN_POINT ( 'NONE',  ( 0.0000000000000000000, 3.000000000000000400, -8.000000000000000000 ) ) ;
#2699 = CARTESIAN_POINT ( 'NONE',  ( 2.350480947161672300, -3.593844368148051200E-015, -3.750000000000000900 ) ) ;
#2700 = CARTESIAN_POINT ( 'NONE',  ( 2.350480947161671900, -0.9736010864139292800, 3.312499999999999600 ) ) ;
#2701 = CARTESIAN_POINT ( 'NONE',  ( -3.740226349862368200E-016, -3.054126587736532900, -2.468750000000000400 ) ) ;
#2702 = CARTESIAN_POINT ( 'NONE',  ( -1.662041016787797500, 1.662041016787794800, -5.250000000000000000 ) ) ;
#2703 = CARTESIAN_POINT ( 'NONE',  ( 0.7073262400973111500, 2.460564015023571000, 4.700000000000001100 ) ) ;
#2704 = CARTESIAN_POINT ( 'NONE',  ( -1.662041016787797700, -1.662041016787802400, 2.874999999999999100 ) ) ;
#2705 = CARTESIAN_POINT ( 'NONE',  ( -2.350480947161672300, 0.9736010864139201800, -4.187500000000000000 ) ) ;
#2706 = CONICAL_SURFACE ( 'NONE', #775, 2.100000000000001900, 0.7853981633974463900 ) ;
#2707 = LINE ( 'NONE', #105, #1940 ) ;
#2708 = CARTESIAN_POINT ( 'NONE',  ( 2.350480947161671900, 0.9736010864139215100, -7.687500000000000900 ) ) ;
#2709 = CIRCLE ( 'NONE', #2885, 6.000000000000000000 ) ;
#2710 = CARTESIAN_POINT ( 'NONE',  ( 3.054126587736528000, -1.265060653844738400, -1.218750000000004700 ) ) ;
#2711 = VECTOR ( 'NONE', #457, 1000.000000000000100 ) ;
#2712 = CARTESIAN_POINT ( 'NONE',  ( 2.350480947161671900, -0.9736010864139272900, -3.812500000000000900 ) ) ;
#2713 = AXIS2_PLACEMENT_3D ( 'NONE', #2561, #827, #3115 ) ;
#2714 = CARTESIAN_POINT ( 'NONE',  ( 0.9736010864139245100, 2.350480947161666600, 4.562500000000000900 ) ) ;
#2715 = CARTESIAN_POINT ( 'NONE',  ( 2.350480947161672300, -3.068423315328153200E-015, -5.625000000000000900 ) ) ;
#2716 = CARTESIAN_POINT ( 'NONE',  ( -0.9736010864139231800, 2.350480947161669200, -3.312500000000000400 ) ) ;
#2717 =( BOUNDED_CURVE ( )  B_SPLINE_CURVE ( 2, ( #733, #2754, #3351, #1935, #1030, #1050, #478, #3070, #1621 ),
 .UNSPECIFIED., .F., .T. ) 
 B_SPLINE_CURVE_WITH_KNOTS ( ( 3, 2, 2, 2, 3 ),
 ( 0.1239687622622291400, 0.1263260499953390600, 0.1286833377284489200, 0.1310406254615588400, 0.1333979131946687300 ),
 .UNSPECIFIED. ) 
 CURVE ( )  GEOMETRIC_REPRESENTATION_ITEM ( )  RATIONAL_B_SPLINE_CURVE ( ( 1.000000000000094600, 0.9238795325111920400, 1.000000000000000000, 0.9238795325112867400, 1.000000000000000000, 0.9238795325112867400, 1.000000000000000000, 0.9238795325111424100, 1.000000000000144300 ) ) 
 REPRESENTATION_ITEM ( '' )  );
#2718 = CARTESIAN_POINT ( 'NONE',  ( 2.350480947161671900, -0.9736010864139292800, 3.312499999999999600 ) ) ;
#2719 = ORIENTED_EDGE ( 'NONE', *, *, #1883, .F. ) ;
#2720 = CARTESIAN_POINT ( 'NONE',  ( 3.000000000000251800, -1.242640687119394700, -3.187500000000149200 ) ) ;
#2721 = CARTESIAN_POINT ( 'NONE',  ( -1.662041016787797700, -1.662041016787799900, -6.125000000000000000 ) ) ;
#2722 = CARTESIAN_POINT ( 'NONE',  ( 0.9736010864139224000, -2.350480947161674500, -7.937500000000000900 ) ) ;
#2723 = ORIENTED_EDGE ( 'NONE', *, *, #1396, .T. ) ;
#2724 = CARTESIAN_POINT ( 'NONE',  ( 3.054126587736528900, -4.730158993272453500E-015, -0.1562500000000036100 ) ) ;
#2725 = CARTESIAN_POINT ( 'NONE',  ( -1.999999999999999600, -0.7874177377144099300, 7.832047921953559000 ) ) ;
#2726 = CARTESIAN_POINT ( 'NONE',  ( -2.350480947161672300, 0.9736010864139198500, -3.312500000000000400 ) ) ;
#2727 = CARTESIAN_POINT ( 'NONE',  ( 3.000000000000015100, -4.728973117956406400E-015, -0.1250000000000111600 ) ) ;
#2728 = ORIENTED_EDGE ( 'NONE', *, *, #2556, .T. ) ;
#2729 = CARTESIAN_POINT ( 'NONE',  ( 2.350480947161671900, -0.9736010864139266200, -6.687500000000000900 ) ) ;
#2730 = CARTESIAN_POINT ( 'NONE',  ( 0.9736010864139245100, 2.350480947161669700, -6.437500000000000900 ) ) ;
#2731 = CARTESIAN_POINT ( 'NONE',  ( 0.0000000000000000000, 6.279894725374701700E-016, -8.000000000000000000 ) ) ;
#2732 = ORIENTED_EDGE ( 'NONE', *, *, #3345, .F. ) ;
#2733 = CARTESIAN_POINT ( 'NONE',  ( -2.878508968398380700E-016, -2.350480947161677200, 2.125000000000000000 ) ) ;
#2734 = CARTESIAN_POINT ( 'NONE',  ( 0.6574737410325585100, -1.929808435388246300, 7.720701438624399900 ) ) ;
#2735 = CARTESIAN_POINT ( 'NONE',  ( -1.662041016787797500, 1.662041016787795000, -5.375000000000000000 ) ) ;
#2736 = ORIENTED_EDGE ( 'NONE', *, *, #1724, .T. ) ;
#2737 = ORIENTED_EDGE ( 'NONE', *, *, #1475, .F. ) ;
#2738 = CARTESIAN_POINT ( 'NONE',  ( -3.054126587736528900, 1.265060653844728400, 2.281249999999994700 ) ) ;
#2739 = CARTESIAN_POINT ( 'NONE',  ( -2.350480947161672300, -3.438479416724294100E-015, -2.250000000000000400 ) ) ;
#2740 = ORIENTED_EDGE ( 'NONE', *, *, #2759, .T. ) ;
#2741 = CARTESIAN_POINT ( 'NONE',  ( -2.081357545364863000E-011, 2.999999999999999600, 0.1250000000010441400 ) ) ;
#2742 = CARTESIAN_POINT ( 'NONE',  ( 2.350480947161671900, -0.9736010864139266200, -6.687500000000000900 ) ) ;
#2743 = AXIS2_PLACEMENT_3D ( 'NONE', #2350, #1775, #35 ) ;
#2744 = CARTESIAN_POINT ( 'NONE',  ( 0.9736010864139245100, 2.350480947161667400, 2.562500000000000400 ) ) ;
#2745 = PERSON_AND_ORGANIZATION_ROLE ( 'classification_officer' ) ;
#2746 = CARTESIAN_POINT ( 'NONE',  ( 1.999999999999999600, 0.4011124465748341400, 7.721975164325198400 ) ) ;
#2747 = CARTESIAN_POINT ( 'NONE',  ( -3.054126587736528900, -1.265060653844738200, 3.406249999999996400 ) ) ;
#2748 = CARTESIAN_POINT ( 'NONE',  ( -1.242640687129137300, -2.999999999990153200, -5.437500000000707000 ) ) ;
#2749 = CARTESIAN_POINT ( 'NONE',  ( -2.350480947161672300, -0.9736010864139270600, -0.1875000000000001700 ) ) ;
#2750 = CARTESIAN_POINT ( 'NONE',  ( 2.235437241959013400, -0.7263477268035741800, 5.325313300760129200 ) ) ;
#2751 = CARTESIAN_POINT ( 'NONE',  ( 2.350480947161672300, -3.628872438336044300E-015, -3.625000000000000400 ) ) ;
#2752 = FACE_OUTER_BOUND ( 'NONE', #954, .T. ) ;
#2753 = CARTESIAN_POINT ( 'NONE',  ( -2.350480947161672300, 0.9736010864139180700, 2.812499999999999100 ) ) ;
#2754 = CARTESIAN_POINT ( 'NONE',  ( 1.242640687118124600, 3.000000000001226100, -1.937499999999945200 ) ) ;
#2755 = CARTESIAN_POINT ( 'NONE',  ( -2.123936744392340700, 1.018354017129221400, 4.700000000000002000 ) ) ;
#2756 = CARTESIAN_POINT ( 'NONE',  ( -2.350480947161672300, -0.9736010864139257300, -5.187500000000000900 ) ) ;
#2757 = CARTESIAN_POINT ( 'NONE',  ( -0.9736010864139230700, 2.350480947161670100, -6.437500000000000900 ) ) ;
#2758 = CARTESIAN_POINT ( 'NONE',  ( -1.265060653844732700, 3.054126587736524500, 1.156249999999997600 ) ) ;
#2759 = EDGE_CURVE ( 'NONE', #3573, #996, #1098, .T. ) ;
#2760 = ORIENTED_EDGE ( 'NONE', *, *, #3526, .T. ) ;
#2761 = CARTESIAN_POINT ( 'NONE',  ( 7.347880794884119700E-016, -5.999999999999999100, -8.000000000000000000 ) ) ;
#2762 = CARTESIAN_POINT ( 'NONE',  ( -2.350480947161672300, 0.9736010864139200700, -4.187500000000000000 ) ) ;
#2763 = EDGE_LOOP ( 'NONE', ( #682, #728, #3651, #3665 ) ) ;
#2764 = CARTESIAN_POINT ( 'NONE',  ( -2.350480947161672300, 0.9736010864139185200, 1.812500000000000000 ) ) ;
#2765 = CARTESIAN_POINT ( 'NONE',  ( 1.564050625393671800E-011, -2.825656986041248200, -7.274343013958750600 ) ) ;
#2766 = EDGE_CURVE ( 'NONE', #113, #1069, #1534, .T. ) ;
#2767 = CARTESIAN_POINT ( 'NONE',  ( 1.242640687119288500, 2.999999999999997300, -0.06249999999999945900 ) ) ;
#2768 = CARTESIAN_POINT ( 'NONE',  ( -2.878508968398380700E-016, -2.350480947161675000, -6.000000000000000000 ) ) ;
#2769 = CARTESIAN_POINT ( 'NONE',  ( -3.740226349862368200E-016, -3.054126587736533800, 2.593749999999993800 ) ) ;
#2770 = CARTESIAN_POINT ( 'NONE',  ( -3.673940397442062800E-016, -3.000000000000005800, -4.500000000000000000 ) ) ;
#2771 = ORIENTED_EDGE ( 'NONE', *, *, #3366, .T. ) ;
#2772 = CARTESIAN_POINT ( 'NONE',  ( -2.121320343559642800, -2.121320343559645000, -6.500000000000005300 ) ) ;
#2773 = CARTESIAN_POINT ( 'NONE',  ( 0.0000000000000000000, 3.000000000000000000, -0.8750000000000035500 ) ) ;
#2774 = CARTESIAN_POINT ( 'NONE',  ( -1.662041016787797700, -1.662041016787801000, -3.000000000000000000 ) ) ;
#2775 = EDGE_LOOP ( 'NONE', ( #1172, #3399, #1226, #1634 ) ) ;
#2776 = CARTESIAN_POINT ( 'NONE',  ( -1.662041016787797700, -1.662041016787799700, -7.125000000000000900 ) ) ;
#2777 = DESIGN_CONTEXT ( 'detailed design', #75, 'design' ) ;
#2778 = CARTESIAN_POINT ( 'NONE',  ( 0.2100427566359598100, -2.832767742872424100, -7.267232257126413400 ) ) ;
#2779 = ORIENTED_EDGE ( 'NONE', *, *, #3473, .T. ) ;
#2780 = CARTESIAN_POINT ( 'NONE',  ( 2.159593620790631000, 2.159593620790625200, 2.968749999999997300 ) ) ;
#2781 = CARTESIAN_POINT ( 'NONE',  ( 0.0000000000000000000, 8.127580809560354500E-015, 8.000000000000000000 ) ) ;
#2782 = CARTESIAN_POINT ( 'NONE',  ( 1.242640687119297900, -2.999999999999996400, 1.562500000000001100 ) ) ;
#2783 = CARTESIAN_POINT ( 'NONE',  ( 0.0000000000000000000, 2.350480947161667900, 0.6250000000000005600 ) ) ;
#2784 = CARTESIAN_POINT ( 'NONE',  ( 2.350480947161671900, 0.9736010864139180700, 4.437500000000000900 ) ) ;
#2785 = CARTESIAN_POINT ( 'NONE',  ( 0.4231301489402531400, -2.816344571122686400, -7.259738649227359500 ) ) ;
#2786 = CARTESIAN_POINT ( 'NONE',  ( 1.242640687119131600, 3.000000000000156300, -6.937499999999990200 ) ) ;
#2787 =( BOUNDED_CURVE ( )  B_SPLINE_CURVE ( 2, ( #3110, #1687, #2253, #1123, #514, #1998, #2571, #806, #3693 ),
 .UNSPECIFIED., .F., .T. ) 
 B_SPLINE_CURVE_WITH_KNOTS ( ( 3, 2, 2, 2, 3 ),
 ( 0.3214285714285715600, 0.3303571428571429600, 0.3392857142857144100, 0.3482142857142857500, 0.3571428571428572100 ),
 .UNSPECIFIED. ) 
 CURVE ( )  GEOMETRIC_REPRESENTATION_ITEM ( )  RATIONAL_B_SPLINE_CURVE ( ( 0.9999999999999990000, 0.9238795325112877400, 1.000000000000000000, 0.9238795325112867400, 1.000000000000000000, 0.9238795325112867400, 1.000000000000000000, 0.9238795325112862900, 1.000000000000000400 ) ) 
 REPRESENTATION_ITEM ( '' )  );
#2788 = FACE_OUTER_BOUND ( 'NONE', #1673, .T. ) ;
#2789 = CARTESIAN_POINT ( 'NONE',  ( 2.295380578147822300, 0.6383829458446810300, -7.722751812144531800 ) ) ;
#2790 = CARTESIAN_POINT ( 'NONE',  ( -1.242640687124552600, -2.999999999994751300, -4.437500000000385500 ) ) ;
#2791 = AXIS2_PLACEMENT_3D ( 'NONE', #835, #502, #3153 ) ;
#2792 = CARTESIAN_POINT ( 'NONE',  ( -1.662041016787797500, 1.662041016787793000, 0.7499999999999988900 ) ) ;
#2793 = VECTOR ( 'NONE', #3723, 1000.000000000000000 ) ;
#2794 = CARTESIAN_POINT ( 'NONE',  ( 2.061061761638613500, -1.263020271936988300, 5.286225087263070500 ) ) ;
#2795 = DIRECTION ( 'NONE',  ( 1.000000000000000000, 0.0000000000000000000, 0.0000000000000000000 ) ) ;
#2796 = VERTEX_POINT ( 'NONE', #337 ) ;
#2797 = CARTESIAN_POINT ( 'NONE',  ( 2.000000000000000000, -0.2033195896942418800, 7.690598923241499700 ) ) ;
#2798 = CARTESIAN_POINT ( 'NONE',  ( -3.673940397442055400E-016, -2.999999999999999100, -4.375000000000001800 ) ) ;
#2799 = CARTESIAN_POINT ( 'NONE',  ( -3.000000000000014700, -4.134297319219963900E-015, 0.3749999999999879000 ) ) ;
#2800 = CARTESIAN_POINT ( 'NONE',  ( -0.9736010864139230700, 2.350480947161667900, 1.562499999999999600 ) ) ;
#2801 = ORIENTED_EDGE ( 'NONE', *, *, #888, .F. ) ;
#2802 = CARTESIAN_POINT ( 'NONE',  ( -1.662041016787797500, 1.662041016787793700, -1.250000000000000200 ) ) ;
#2803 = CARTESIAN_POINT ( 'NONE',  ( 0.0000000000000000000, 2.350480947161667000, 3.624999999999999600 ) ) ;
#2804 = CARTESIAN_POINT ( 'NONE',  ( -2.878508968398380700E-016, -2.350480947161675000, -5.875000000000000000 ) ) ;
#2805 = EDGE_CURVE ( 'NONE', #2138, #1917, #447, .T. ) ;
#2806 = AXIS2_PLACEMENT_3D ( 'NONE', #1571, #3308, #1869 ) ;
#2807 = CARTESIAN_POINT ( 'NONE',  ( -0.9736010864139230700, 2.350480947161667900, -1.437500000000000700 ) ) ;
#2808 = EDGE_LOOP ( 'NONE', ( #950, #3497, #233, #1721 ) ) ;
#2809 = VERTEX_POINT ( 'NONE', #3511 ) ;
#2810 = CARTESIAN_POINT ( 'NONE',  ( 1.662041016787797900, 1.662041016787793300, -0.6250000000000005600 ) ) ;
#2811 = CARTESIAN_POINT ( 'NONE',  ( 1.662041016787797500, -1.662041016787801700, -1.750000000000000700 ) ) ;
#2812 = ORIENTED_EDGE ( 'NONE', *, *, #1406, .T. ) ;
#2813 = CARTESIAN_POINT ( 'NONE',  ( -1.662041016787797700, -1.662041016787799300, -8.125000000000000000 ) ) ;
#2814 = CARTESIAN_POINT ( 'NONE',  ( 1.662041016787797900, 1.662041016787794800, -6.500000000000000900 ) ) ;
#2815 = CARTESIAN_POINT ( 'NONE',  ( 2.285992549396310800E-016, 2.309401076758503800, 5.690000000000000400 ) ) ;
#2816 = EDGE_CURVE ( 'NONE', #272, #2142, #1707, .T. ) ;
#2817 = CARTESIAN_POINT ( 'NONE',  ( 2.350480947161672300, -3.593844368148051200E-015, -3.750000000000000900 ) ) ;
#2818 = CARTESIAN_POINT ( 'NONE',  ( -2.350480947161672300, 0.9736010864139200700, -4.312500000000000900 ) ) ;
#2819 = CARTESIAN_POINT ( 'NONE',  ( 3.673940397442060400E-016, 2.999999999999999600, 4.700000000000001100 ) ) ;
#2820 = DIRECTION ( 'NONE',  ( 0.0000000000000000000, 0.0000000000000000000, 1.000000000000000000 ) ) ;
#2821 = CARTESIAN_POINT ( 'NONE',  ( 2.350480947161672300, -4.714742614163834400E-015, 0.2500000000000002200 ) ) ;
#2822 = CARTESIAN_POINT ( 'NONE',  ( 0.0000000000000000000, 2.350480947161667000, 4.500000000000000900 ) ) ;
#2823 = CARTESIAN_POINT ( 'NONE',  ( 0.9736010864139245100, 2.350480947161666600, 3.562499999999999600 ) ) ;
#2824 = CARTESIAN_POINT ( 'NONE',  ( -2.878508968398380700E-016, -2.350480947161675000, -6.000000000000000000 ) ) ;
#2825 = CARTESIAN_POINT ( 'NONE',  ( 1.662041016787797500, -1.662041016787800600, -5.750000000000000000 ) ) ;
#2826 =( BOUNDED_CURVE ( )  B_SPLINE_CURVE ( 2, ( #2595, #2052, #8, #2932, #594, #1164, #556, #3210, #2317 ),
 .UNSPECIFIED., .F., .F. ) 
 B_SPLINE_CURVE_WITH_KNOTS ( ( 3, 2, 2, 2, 3 ),
 ( 0.7500000000000002200, 0.7589285714285716200, 0.7678571428571430200, 0.7767857142857144100, 0.7857142857142857000 ),
 .UNSPECIFIED. ) 
 CURVE ( )  GEOMETRIC_REPRESENTATION_ITEM ( )  RATIONAL_B_SPLINE_CURVE ( ( 0.9999999999999981100, 0.9238795325112886300, 1.000000000000000000, 0.9238795325112867400, 1.000000000000000000, 0.9238795325112867400, 1.000000000000000000, 0.9238795325112867400, 1.000000000000000000 ) ) 
 REPRESENTATION_ITEM ( '' )  );
#2827 = FACE_OUTER_BOUND ( 'NONE', #1138, .T. ) ;
#2828 = CARTESIAN_POINT ( 'NONE',  ( -1.662041016787797700, -1.662041016787802400, 2.874999999999999100 ) ) ;
#2829 = CARTESIAN_POINT ( 'NONE',  ( 2.146987779271481200E-011, -3.000000000000000000, -1.374999999998923100 ) ) ;
#2830 = CYLINDRICAL_SURFACE ( 'NONE', #1637, 6.000000000000000000 ) ;
#2831 = CARTESIAN_POINT ( 'NONE',  ( -2.350480947161672300, 0.9736010864139195100, -2.312500000000000900 ) ) ;
#2832 = CARTESIAN_POINT ( 'NONE',  ( 0.9736010864139245100, 2.350480947161668800, -3.562500000000000400 ) ) ;
#2833 = CARTESIAN_POINT ( 'NONE',  ( 2.121320343559650800, 2.121320343559647300, -5.000000000000008000 ) ) ;
#2834 = CARTESIAN_POINT ( 'NONE',  ( -2.878508968398380700E-016, -2.350480947161676300, -1.000000000000000900 ) ) ;
#2835 = CARTESIAN_POINT ( 'NONE',  ( -2.350480947161672300, -0.9736010864139277300, 2.812499999999999100 ) ) ;
#2836 = CARTESIAN_POINT ( 'NONE',  ( -0.9736010864139231800, 2.350480947161667900, 2.687499999999999100 ) ) ;
#2837 = EDGE_LOOP ( 'NONE', ( #741, #190, #1330, #1272 ) ) ;
#2838 = ADVANCED_FACE ( 'NONE', ( #938 ), #82, .T. ) ;
#2839 = CARTESIAN_POINT ( 'NONE',  ( -1.662041016787797500, 1.662041016787795000, -5.375000000000000000 ) ) ;
#2840 = CARTESIAN_POINT ( 'NONE',  ( -0.9736010864139231800, -2.350480947161675000, -5.937500000000000000 ) ) ;
#2841 = CARTESIAN_POINT ( 'NONE',  ( -3.673940397442054400E-016, -3.000000000000000000, 2.624999999999997800 ) ) ;
#2842 = CARTESIAN_POINT ( 'NONE',  ( -1.265060653844733100, -3.054126587736533800, 1.468749999999999600 ) ) ;
#2843 = EDGE_LOOP ( 'NONE', ( #1403, #1567, #2898, #2273 ) ) ;
#2844 = CARTESIAN_POINT ( 'NONE',  ( 0.0000000000000000000, 3.000000000000000000, -6.999999999999999100 ) ) ;
#2845 = CARTESIAN_POINT ( 'NONE',  ( 1.662041016787797500, -1.662041016787801500, -1.875000000000000900 ) ) ;
#2846 = CARTESIAN_POINT ( 'NONE',  ( 0.9736010864139245100, 2.350480947161667900, -2.562500000000000400 ) ) ;
#2847 = CARTESIAN_POINT ( 'NONE',  ( -1.821459649775647400E-014, -2.309401076758493600, 8.000000000000000000 ) ) ;
#2848 = AXIS2_PLACEMENT_3D ( 'NONE', #1463, #2334, #2867 ) ;
#2849 = CARTESIAN_POINT ( 'NONE',  ( -3.054126587736528900, 1.265060653844731500, -8.718750000000005300 ) ) ;
#2850 = CARTESIAN_POINT ( 'NONE',  ( -2.350480947161672300, -5.154854855935961800E-015, 3.875000000000000000 ) ) ;
#2851 = CARTESIAN_POINT ( 'NONE',  ( 2.350480947161671900, -0.9736010864139272900, -4.687500000000000900 ) ) ;
#2852 = CARTESIAN_POINT ( 'NONE',  ( 2.350480947161671900, -0.9736010864139296200, 4.187500000000000000 ) ) ;
#2853 = ORIENTED_EDGE ( 'NONE', *, *, #2879, .T. ) ;
#2854 = CARTESIAN_POINT ( 'NONE',  ( 3.054126587736528000, -1.265060653844739300, 1.718749999999999800 ) ) ;
#2855 = CARTESIAN_POINT ( 'NONE',  ( 1.242640687119297900, -2.999999999999996000, -1.437499999999999300 ) ) ;
#2856 = CARTESIAN_POINT ( 'NONE',  ( -2.350480947161672300, -0.9736010864139261800, -3.187500000000000000 ) ) ;
#2857 = ORIENTED_EDGE ( 'NONE', *, *, #1406, .F. ) ;
#2858 = CARTESIAN_POINT ( 'NONE',  ( 1.662041016787797500, -1.662041016787800800, -4.875000000000000900 ) ) ;
#2859 = ADVANCED_FACE ( 'NONE', ( #1981 ), #669, .T. ) ;
#2860 = CARTESIAN_POINT ( 'NONE',  ( 2.121320343559862700, -2.121320343559868000, 1.749999999999815900 ) ) ;
#2861 = CARTESIAN_POINT ( 'NONE',  ( -1.242640687129219700, -2.999999999990072400, 4.562499999999289500 ) ) ;
#2862 = CARTESIAN_POINT ( 'NONE',  ( -1.265060653844732700, 3.054126587736527100, -8.843750000000001800 ) ) ;
#2863 = CARTESIAN_POINT ( 'NONE',  ( -2.350480947161672300, -4.594405732928069900E-015, 1.875000000000000000 ) ) ;
#2864 = CARTESIAN_POINT ( 'NONE',  ( 0.9736010864139245100, 2.350480947161668800, -3.437500000000000400 ) ) ;
#2865 = CARTESIAN_POINT ( 'NONE',  ( 2.350480947161671900, 0.9736010864139180700, 4.312500000000000900 ) ) ;
#2866 = CARTESIAN_POINT ( 'NONE',  ( 3.054126587736528900, -4.712644958178457700E-015, -0.2187500000000001900 ) ) ;
#2867 = DIRECTION ( 'NONE',  ( 0.8660254037844386000, -0.5000000000000000000, 0.0000000000000000000 ) ) ;
#2868 = CARTESIAN_POINT ( 'NONE',  ( -2.540912494689843800, 0.7342589236770699100, -7.460907594038115300 ) ) ;
#2869 = CARTESIAN_POINT ( 'NONE',  ( 2.350480947161671900, -0.9736010864139286200, 0.1875000000000001700 ) ) ;
#2870 = CARTESIAN_POINT ( 'NONE',  ( 2.350480947161672300, -3.874068929651997600E-015, -2.750000000000000900 ) ) ;
#2871 = CARTESIAN_POINT ( 'NONE',  ( 2.346418469551846600, 0.3260328375481608700, -7.736320409194118700 ) ) ;
#2872 = LINE ( 'NONE', #3719, #1341 ) ;
#2873 = CARTESIAN_POINT ( 'NONE',  ( -1.435689888279328500, 1.480505133287609800, 7.750871006163254000 ) ) ;
#2874 = DIRECTION ( 'NONE',  ( -0.0000000000000000000, 1.224646799147353200E-016, -1.000000000000000000 ) ) ;
#2875 = CARTESIAN_POINT ( 'NONE',  ( 0.0000000000000000000, 3.054126587736526700, -7.906250000000003600 ) ) ;
#2876 = VECTOR ( 'NONE', #3185, 1000.000000000000100 ) ;
#2877 = CARTESIAN_POINT ( 'NONE',  ( 1.662041016787797900, 1.662041016787792400, 1.499999999999999600 ) ) ;
#2878 = FACE_OUTER_BOUND ( 'NONE', #3117, .T. ) ;
#2879 = EDGE_CURVE ( 'NONE', #731, #227, #2393, .T. ) ;
#2880 = ADVANCED_FACE ( 'NONE', ( #3643 ), #1258, .T. ) ;
#2881 = COORDINATED_UNIVERSAL_TIME_OFFSET ( 6, 0, .BEHIND. ) ;
#2882 = CARTESIAN_POINT ( 'NONE',  ( -1.662041016787797500, 1.662041016787793700, -1.250000000000000200 ) ) ;
#2883 = CIRCLE ( 'NONE', #2270, 3.000000000000000000 ) ;
#2884 = CARTESIAN_POINT ( 'NONE',  ( -2.234035534160415400, 0.7306475997898107500, 4.700000000000003700 ) ) ;
#2885 = AXIS2_PLACEMENT_3D ( 'NONE', #3363, #1344, #2469 ) ;
#2886 = CARTESIAN_POINT ( 'NONE',  ( -3.054126587736528900, 1.265060653844728900, 0.2187500000000001700 ) ) ;
#2887 = CARTESIAN_POINT ( 'NONE',  ( 0.0000000000000000000, -9.273119623796684600E-016, 4.700000000000001100 ) ) ;
#2888 = DIRECTION ( 'NONE',  ( 0.0000000000000000000, -1.224646799147353200E-016, 1.000000000000000000 ) ) ;
#2889 = CARTESIAN_POINT ( 'NONE',  ( 0.0000000000000000000, 2.350480947161667900, 0.5000000000000004400 ) ) ;
#2890 = CARTESIAN_POINT ( 'NONE',  ( 2.350480947161671900, -0.9736010864139282800, -0.8125000000000006700 ) ) ;
#2891 = CARTESIAN_POINT ( 'NONE',  ( 2.121320343559644600, 2.121320343559641100, -6.125000000000000000 ) ) ;
#2892 = CARTESIAN_POINT ( 'NONE',  ( -1.242640687119286300, 2.999999999999998200, -0.9374999999999994400 ) ) ;
#2893 = CARTESIAN_POINT ( 'NONE',  ( 1.242640687129585400, -2.999999999989705100, 3.687500000000728800 ) ) ;
#2894 = CARTESIAN_POINT ( 'NONE',  ( 0.0000000000000000000, 2.999999999999998700, -3.875000000000003100 ) ) ;
#2895 = ORIENTED_EDGE ( 'NONE', *, *, #3147, .F. ) ;
#2896 = CARTESIAN_POINT ( 'NONE',  ( -3.054126587736528900, 1.265060653844730400, -5.718750000000004400 ) ) ;
#2897 = CARTESIAN_POINT ( 'NONE',  ( 3.000000000000001800, -1.242640687119291700, -2.312500000000000900 ) ) ;
#2898 = ORIENTED_EDGE ( 'NONE', *, *, #2960, .T. ) ;
#2899 = CARTESIAN_POINT ( 'NONE',  ( 0.9736010864139224000, -2.350480947161676800, -0.8125000000000007800 ) ) ;
#2900 = CARTESIAN_POINT ( 'NONE',  ( 3.054126587736528900, -3.031297589154783900E-015, -6.218750000000000000 ) ) ;
#2901 = EDGE_CURVE ( 'NONE', #2370, #2796, #151, .T. ) ;
#2902 = CARTESIAN_POINT ( 'NONE',  ( 0.0000000000000000000, 3.054126587736524500, 2.031250000000000000 ) ) ;
#2903 = CARTESIAN_POINT ( 'NONE',  ( -1.242640687119271900, -3.000000000000020400, -5.562499999999998200 ) ) ;
#2904 = CARTESIAN_POINT ( 'NONE',  ( -0.3467594619485673800, -2.797641334170370100, -7.286343696157784300 ) ) ;
#2905 = CARTESIAN_POINT ( 'NONE',  ( -2.350480947161672300, 0.9736010864139188500, -0.3125000000000002800 ) ) ;
#2906 = CARTESIAN_POINT ( 'NONE',  ( -2.878508968398380700E-016, -2.350480947161676300, -1.000000000000000900 ) ) ;
#2907 = CARTESIAN_POINT ( 'NONE',  ( 3.673940397442059900E-016, -2.999999999999999600, -8.000000000000000000 ) ) ;
#2908 = CARTESIAN_POINT ( 'NONE',  ( -3.000000000000002700, 1.242640687119282800, -0.8124999999999993300 ) ) ;
#2909 = DIRECTION ( 'NONE',  ( -0.0000000000000000000, 1.224646799147353200E-016, -1.000000000000000000 ) ) ;
#2910 = CARTESIAN_POINT ( 'NONE',  ( -2.999999999999999600, -1.242640687119290300, 4.437499999999996400 ) ) ;
#2911 = CARTESIAN_POINT ( 'NONE',  ( -3.054126587736528900, -1.265060653844735500, -4.593750000000004400 ) ) ;
#2912 = CARTESIAN_POINT ( 'NONE',  ( -3.000000000000002700, 1.242640687119283200, -2.812499999999999600 ) ) ;
#2913 = VERTEX_POINT ( 'NONE', #1800 ) ;
#2914 = CARTESIAN_POINT ( 'NONE',  ( 2.350480947161672300, -3.909096999839989900E-015, -2.625000000000000400 ) ) ;
#2915 = CARTESIAN_POINT ( 'NONE',  ( -3.054126587736528900, -1.265060653844735300, -5.656249999999999100 ) ) ;
#2916 = CARTESIAN_POINT ( 'NONE',  ( 2.904643121709949300, -0.9437889326657011900, 5.731563300760130100 ) ) ;
#2917 = CARTESIAN_POINT ( 'NONE',  ( 1.242640687119300100, 2.999999999999985300, 0.9375000000000005600 ) ) ;
#2918 = VERTEX_POINT ( 'NONE', #2358 ) ;
#2919 = DIRECTION ( 'NONE',  ( 0.0000000000000000000, -1.000000000000000000, 0.0000000000000000000 ) ) ;
#2920 = CARTESIAN_POINT ( 'NONE',  ( 2.350480947161671900, -0.9736010864139287300, 1.187499999999999300 ) ) ;
#2921 = CARTESIAN_POINT ( 'NONE',  ( 0.9736010864139245100, 2.350480947161667900, 0.4375000000000003900 ) ) ;
#2922 = DIRECTION ( 'NONE',  ( 0.0000000000000000000, 1.000000000000000000, 0.0000000000000000000 ) ) ;
#2923 = CARTESIAN_POINT ( 'NONE',  ( -3.673940397442055400E-016, -3.000000000000000000, -0.3750000000000021600 ) ) ;
#2924 = CARTESIAN_POINT ( 'NONE',  ( 1.999999999999988700, -1.154700538379259000, 8.000000000000000000 ) ) ;
#2925 = DIRECTION ( 'NONE',  ( -0.0000000000000000000, 1.224646799147353200E-016, -1.000000000000000000 ) ) ;
#2926 = CARTESIAN_POINT ( 'NONE',  ( -1.265060653844732700, 3.054126587736527100, -6.843750000000001800 ) ) ;
#2927 = CARTESIAN_POINT ( 'NONE',  ( -0.3160526121494343600, -2.126928016055943200, 7.833072410079402900 ) ) ;
#2928 = CARTESIAN_POINT ( 'NONE',  ( 0.0000000000000000000, 2.350480947161668300, -0.3750000000000003300 ) ) ;
#2929 = CIRCLE ( 'NONE', #2362, 6.000000000000000000 ) ;
#2930 = CARTESIAN_POINT ( 'NONE',  ( -1.265060653844733100, -3.054126587736532900, -4.531250000000000000 ) ) ;
#2931 = CARTESIAN_POINT ( 'NONE',  ( 3.054126587736528000, -1.265060653844739800, 3.718750000000000000 ) ) ;
#2932 = CARTESIAN_POINT ( 'NONE',  ( 3.000000000000001800, -1.242640687119293000, 2.687500000000001800 ) ) ;
#2933 = CARTESIAN_POINT ( 'NONE',  ( 2.350480947161671900, 0.9736010864139187400, 2.312500000000000900 ) ) ;
#2934 = B_SPLINE_CURVE_WITH_KNOTS ( 'NONE', 3,
 ( #3050, #1337, #175, #1908, #1041, #3659, #1946, #2755, #2203, #198 ),
 .UNSPECIFIED., .F., .F.,
 ( 4, 2, 2, 2, 4 ),
 ( 0.0000000000000000000, 0.0004647892841659305400, 0.0009295785683318610900, 0.001394367852497791600, 0.001859157136663722200 ),
 .UNSPECIFIED. ) ;
#2935 = CARTESIAN_POINT ( 'NONE',  ( 0.9736010864139224000, -2.350480947161677200, 0.06250000000000005600 ) ) ;
#2936 = FACE_OUTER_BOUND ( 'NONE', #3631, .T. ) ;
#2937 = AXIS2_PLACEMENT_3D ( 'NONE', #298, #619, #1509 ) ;
#2938 = CARTESIAN_POINT ( 'NONE',  ( 2.851376698277145600, -0.9325507624371723900, 4.700000000000000200 ) ) ;
#2939 = CARTESIAN_POINT ( 'NONE',  ( -2.121320343559644600, 2.121320343559640200, -0.8749999999999993300 ) ) ;
#2940 = VECTOR ( 'NONE', #1643, 1000.000000000000000 ) ;
#2941 = CARTESIAN_POINT ( 'NONE',  ( 2.651149258296106000, 0.7464391168758078800, -7.352466938068976900 ) ) ;
#2942 = APPROVAL_DATE_TIME ( #1538, #749 ) ;
#2943 = CARTESIAN_POINT ( 'NONE',  ( -3.740226349862368200E-016, -3.054126587736531600, -5.406250000000006200 ) ) ;
#2944 = CARTESIAN_POINT ( 'NONE',  ( -3.673940397442062800E-016, -3.000000000000006700, -2.499999999999999600 ) ) ;
#2945 = CARTESIAN_POINT ( 'NONE',  ( 1.662041016787797900, 1.662041016787792100, 2.500000000000000400 ) ) ;
#2946 = CARTESIAN_POINT ( 'NONE',  ( -3.740226349862368200E-016, -3.054126587736532000, -4.468750000000000900 ) ) ;
#2947 = AXIS2_PLACEMENT_3D ( 'NONE', #2214, #1358, #1737 ) ;
#2948 = CARTESIAN_POINT ( 'NONE',  ( 3.054126587736528900, -5.833543204194240800E-015, 3.781250000000000000 ) ) ;
#2949 = CARTESIAN_POINT ( 'NONE',  ( 1.093325696329874300, 2.362840036308156800, 4.700000000000005500 ) ) ;
#2950 = ORIENTED_EDGE ( 'NONE', *, *, #208, .F. ) ;
#2951 = CARTESIAN_POINT ( 'NONE',  ( 0.6485067226708505200, 1.934985545853205900, 7.729005241798619300 ) ) ;
#2952 = CARTESIAN_POINT ( 'NONE',  ( -2.350480947161672300, 0.9736010864139195100, -2.187500000000000400 ) ) ;
#2953 = ORIENTED_EDGE ( 'NONE', *, *, #754, .F. ) ;
#2954 = DIRECTION ( 'NONE',  ( 1.000000000000000000, 0.0000000000000000000, 0.0000000000000000000 ) ) ;
#2955 = CARTESIAN_POINT ( 'NONE',  ( -2.121320343559644600, 2.121320343559638800, 4.125000000000000900 ) ) ;
#2956 = CARTESIAN_POINT ( 'NONE',  ( 2.159593620790631000, 2.159593620790627400, -5.031250000000002700 ) ) ;
#2957 = CARTESIAN_POINT ( 'NONE',  ( 2.121320343559644600, -2.121320343559649000, -2.375000000000000000 ) ) ;
#2958 = CARTESIAN_POINT ( 'NONE',  ( -2.350480947161672300, -4.594405732928069900E-015, 1.875000000000000000 ) ) ;
#2959 = CARTESIAN_POINT ( 'NONE',  ( -3.054126587736528900, 1.265060653844730400, -5.781249999999999100 ) ) ;
#2960 = EDGE_CURVE ( 'NONE', #2796, #1748, #1445, .T. ) ;
#2961 = CARTESIAN_POINT ( 'NONE',  ( -3.054126587736528900, -1.265060653844738200, 4.343750000000000000 ) ) ;
#2962 = CARTESIAN_POINT ( 'NONE',  ( 1.356814831149123900, -2.675640766989054500, 4.700000000000001100 ) ) ;
#2963 = CARTESIAN_POINT ( 'NONE',  ( 1.662041016787797500, -1.662041016787803500, 5.124999999999999100 ) ) ;
#2964 = CARTESIAN_POINT ( 'NONE',  ( 2.350480947161671900, 0.9736010864139202900, -3.562500000000000900 ) ) ;
#2965 =( BOUNDED_CURVE ( )  B_SPLINE_CURVE ( 2, ( #1552, #2173, #738, #130, #3323, #2485, #2475, #1035, #2770 ),
 .UNSPECIFIED., .F., .F. ) 
 B_SPLINE_CURVE_WITH_KNOTS ( ( 3, 2, 2, 2, 3 ),
 ( 0.2142857142857142700, 0.2232142857142857500, 0.2321428571428572300, 0.2410714285714287100, 0.2500000000000001700 ),
 .UNSPECIFIED. ) 
 CURVE ( )  GEOMETRIC_REPRESENTATION_ITEM ( )  RATIONAL_B_SPLINE_CURVE ( ( 1.000000000000000000, 0.9238795325112867400, 1.000000000000000000, 0.9238795325112867400, 1.000000000000000000, 0.9238795325112867400, 1.000000000000000000, 0.9238795325112853000, 1.000000000000001300 ) ) 
 REPRESENTATION_ITEM ( '' )  );
#2966 = VERTEX_POINT ( 'NONE', #578 ) ;
#2967 = EDGE_LOOP ( 'NONE', ( #3628, #1368, #651, #3403 ) ) ;
#2968 = CARTESIAN_POINT ( 'NONE',  ( -3.000000000000310000, 1.242640687119409600, 1.312499999999818400 ) ) ;
#2969 = CARTESIAN_POINT ( 'NONE',  ( -1.242640687119292100, 2.999999999999992900, -3.937499999999999100 ) ) ;
#2970 = EDGE_LOOP ( 'NONE', ( #2467, #1122, #2061, #3086 ) ) ;
#2971 = CARTESIAN_POINT ( 'NONE',  ( 2.146987779271481200E-011, -3.000000000000000000, -1.374999999998923100 ) ) ;
#2972 = EDGE_CURVE ( 'NONE', #2258, #3015, #2661, .T. ) ;
#2973 = CARTESIAN_POINT ( 'NONE',  ( -2.350480947161672300, 0.9736010864139185200, 1.687499999999999800 ) ) ;
#2974 = CARTESIAN_POINT ( 'NONE',  ( -3.740226349862368200E-016, -3.054126587736532400, -2.406250000000005800 ) ) ;
#2975 = CARTESIAN_POINT ( 'NONE',  ( -2.121320343559643300, 2.121320343559639700, -0.7500000000000021100 ) ) ;
#2976 = AXIS2_PLACEMENT_3D ( 'NONE', #1318, #150, #2193 ) ;
#2977 = CARTESIAN_POINT ( 'NONE',  ( 2.350480947161671900, 0.9736010864139190700, 0.4375000000000003300 ) ) ;
#2978 = CARTESIAN_POINT ( 'NONE',  ( -3.054126587736528900, 1.265060653844729800, -1.781250000000000000 ) ) ;
#2979 = CARTESIAN_POINT ( 'NONE',  ( 3.054126587736528500, 1.265060653844728400, 3.843750000000000000 ) ) ;
#2980 = CARTESIAN_POINT ( 'NONE',  ( 1.662041016787797900, 1.662041016787795000, -7.500000000000000900 ) ) ;
#2981 = CARTESIAN_POINT ( 'NONE',  ( -0.9736010864139231800, -2.350480947161677700, 3.937500000000000000 ) ) ;
#2982 = CARTESIAN_POINT ( 'NONE',  ( 2.350480947161671900, -0.9736010864139276200, -2.687500000000000900 ) ) ;
#2983 = CARTESIAN_POINT ( 'NONE',  ( -1.265060653844732700, 3.054126587736524900, 0.1562499999999966700 ) ) ;
#2984 = DIRECTION ( 'NONE',  ( 0.0000000000000000000, 1.000000000000000000, 0.0000000000000000000 ) ) ;
#2985 = CONICAL_SURFACE ( 'NONE', #1995, 3.000000000000000400, 0.7853981633974498300 ) ;
#2986 = CARTESIAN_POINT ( 'NONE',  ( 0.9736010864139224000, -2.350480947161676300, -1.937500000000001300 ) ) ;
#2987 = CARTESIAN_POINT ( 'NONE',  ( 0.0000000000000000000, 2.350480947161667900, 1.624999999999999800 ) ) ;
#2988 = VECTOR ( 'NONE', #1878, 1000.000000000000000 ) ;
#2989 = CARTESIAN_POINT ( 'NONE',  ( 3.054126587736528900, -4.152195835170566600E-015, -2.218750000000000400 ) ) ;
#2990 = CARTESIAN_POINT ( 'NONE',  ( 0.9736010864139224000, -2.350480947161675000, -6.812500000000001800 ) ) ;
#2991 = VECTOR ( 'NONE', #439, 1000.000000000000000 ) ;
#2992 = CARTESIAN_POINT ( 'NONE',  ( 0.0000000000000000000, 2.350480947161669200, -4.375000000000000000 ) ) ;
#2993 = LINE ( 'NONE', #2907, #2793 ) ;
#2994 = AXIS2_PLACEMENT_3D ( 'NONE', #85, #2416, #3281 ) ;
#2995 = CARTESIAN_POINT ( 'NONE',  ( 0.0000000000000000000, 6.279894725374701700E-016, -8.000000000000000000 ) ) ;
#2996 = CARTESIAN_POINT ( 'NONE',  ( -2.350480947161672300, -1.757132047700619600E-015, -8.250000000000000000 ) ) ;
#2997 = CARTESIAN_POINT ( 'NONE',  ( -3.054126587736528900, -1.265060653844736600, -0.5937500000000040000 ) ) ;
#2998 = CARTESIAN_POINT ( 'NONE',  ( -2.878508968398380700E-016, -2.350480947161675900, -3.000000000000000900 ) ) ;
#2999 = ORIENTED_EDGE ( 'NONE', *, *, #624, .F. ) ;
#3000 = DIRECTION ( 'NONE',  ( 0.0000000000000000000, -1.224646799147353200E-016, 1.000000000000000000 ) ) ;
#3001 = CARTESIAN_POINT ( 'NONE',  ( -3.054126587736528900, -2.983813722942174300E-015, -3.718750000000000000 ) ) ;
#3002 = CARTESIAN_POINT ( 'NONE',  ( -0.9736010864139231800, -2.350480947161674500, -6.937500000000000900 ) ) ;
#3003 = CARTESIAN_POINT ( 'NONE',  ( -0.08569114222414614400, 2.484455659987689000, 4.700000000000039300 ) ) ;
#3004 = CARTESIAN_POINT ( 'NONE',  ( 1.662041016787797500, -1.662041016787802800, 3.124999999999999100 ) ) ;
#3005 = CARTESIAN_POINT ( 'NONE',  ( -1.662041016787797500, 1.662041016787793900, -2.250000000000000400 ) ) ;
#3006 = CARTESIAN_POINT ( 'NONE',  ( -3.000000000000002700, 1.242640687119283400, -3.812499999999999600 ) ) ;
#3007 = CARTESIAN_POINT ( 'NONE',  ( 0.9736010864139245100, 2.350480947161669700, -7.562500000000000900 ) ) ;
#3008 = CARTESIAN_POINT ( 'NONE',  ( -3.054126587736528900, -1.265060653844736000, -2.593750000000004000 ) ) ;
#3009 = CARTESIAN_POINT ( 'NONE',  ( 0.0000000000000000000, 2.350480947161668800, -2.500000000000000400 ) ) ;
#3010 = CARTESIAN_POINT ( 'NONE',  ( 1.662041016787797500, -1.662041016787803200, 4.250000000000000000 ) ) ;
#3011 = CARTESIAN_POINT ( 'NONE',  ( 0.9736010864139245100, 2.350480947161669700, -6.437500000000000900 ) ) ;
#3012 = CARTESIAN_POINT ( 'NONE',  ( -2.350480947161672300, -0.9736010864139249500, -7.062500000000000000 ) ) ;
#3013 = ORIENTED_EDGE ( 'NONE', *, *, #3473, .F. ) ;
#3014 = CARTESIAN_POINT ( 'NONE',  ( 2.350480947161672300, -4.749770684351827500E-015, 0.3750000000000003300 ) ) ;
#3015 = VERTEX_POINT ( 'NONE', #952 ) ;
#3016 = DIRECTION ( 'NONE',  ( -0.0000000000000000000, 1.224646799147353200E-016, -1.000000000000000000 ) ) ;
#3017 = CARTESIAN_POINT ( 'NONE',  ( 0.0000000000000000000, -2.100000000000001400, -8.000000000000000000 ) ) ;
#3018 = CARTESIAN_POINT ( 'NONE',  ( -1.242640687119270800, -3.000000000000021300, -6.562499999999999100 ) ) ;
#3019 = EDGE_CURVE ( 'NONE', #996, #1609, #3229, .T. ) ;
#3020 = CARTESIAN_POINT ( 'NONE',  ( -3.054126587736528900, 1.265060653844728700, 1.281249999999996000 ) ) ;
#3021 = CARTESIAN_POINT ( 'NONE',  ( -2.000000000000000000, -0.9757941217863853600, 7.910546791703573000 ) ) ;
#3022 = CARTESIAN_POINT ( 'NONE',  ( -1.662041016787797700, -1.662041016787800800, -3.125000000000000000 ) ) ;
#3023 = CARTESIAN_POINT ( 'NONE',  ( -0.9736010864139230700, 2.350480947161667400, 4.687500000000000000 ) ) ;
#3024 = CARTESIAN_POINT ( 'NONE',  ( 1.662041016787797900, 1.662041016787794400, -5.500000000000000900 ) ) ;
#3025 = CARTESIAN_POINT ( 'NONE',  ( 1.842815071353933300, 1.245451299245611300, 7.909249239133203000 ) ) ;
#3026 = CARTESIAN_POINT ( 'NONE',  ( 0.0000000000000000000, 2.350480947161667900, 1.624999999999999800 ) ) ;
#3027 = CALENDAR_DATE ( 2022, 1, 9 ) ;
#3028 = CARTESIAN_POINT ( 'NONE',  ( 1.242640687119300300, -2.999999999999991600, -5.437499999999997300 ) ) ;
#3029 = FACE_OUTER_BOUND ( 'NONE', #3327, .T. ) ;
#3030 = CARTESIAN_POINT ( 'NONE',  ( -2.350480947161672300, -0.9736010864139252900, -6.187500000000000000 ) ) ;
#3031 = CARTESIAN_POINT ( 'NONE',  ( 1.662041016787797500, -1.662041016787799900, -7.875000000000000000 ) ) ;
#3032 = CARTESIAN_POINT ( 'NONE',  ( 2.159593620790631000, 2.159593620790626100, 0.9687499999999973400 ) ) ;
#3033 = CARTESIAN_POINT ( 'NONE',  ( 2.121320343559641900, 2.121320343559636600, 0.9999999999999991100 ) ) ;
#3034 = CALENDAR_DATE ( 2022, 1, 9 ) ;
#3035 = CARTESIAN_POINT ( 'NONE',  ( -1.662041016787797500, 1.662041016787795000, -5.375000000000000000 ) ) ;
#3036 = EDGE_CURVE ( 'NONE', #2428, #2158, #2707, .T. ) ;
#3037 = CARTESIAN_POINT ( 'NONE',  ( 0.9736010864139245100, 2.350480947161668800, -3.437500000000000400 ) ) ;
#3038 = CARTESIAN_POINT ( 'NONE',  ( 0.0000000000000000000, 2.350480947161668300, -0.3750000000000003300 ) ) ;
#3039 = VERTEX_POINT ( 'NONE', #963 ) ;
#3040 = CARTESIAN_POINT ( 'NONE',  ( -2.121320343559644600, 2.121320343559639700, 1.125000000000000000 ) ) ;
#3041 = CARTESIAN_POINT ( 'NONE',  ( 0.9736010864139224000, -2.350480947161675400, -5.937500000000000000 ) ) ;
#3042 = CARTESIAN_POINT ( 'NONE',  ( -2.350480947161672300, -2.317581170708511000E-015, -6.250000000000000000 ) ) ;
#3043 = ORIENTED_EDGE ( 'NONE', *, *, #1969, .T. ) ;
#3044 = CARTESIAN_POINT ( 'NONE',  ( -3.740226349862368200E-016, -3.054126587736534200, 3.593749999999994700 ) ) ;
#3045 = CARTESIAN_POINT ( 'NONE',  ( -2.350480947161672300, -3.998928539732185600E-015, -0.2500000000000002200 ) ) ;
#3046 = CARTESIAN_POINT ( 'NONE',  ( -1.662041016787797700, -1.662041016787802800, 4.000000000000000000 ) ) ;
#3047 = CARTESIAN_POINT ( 'NONE',  ( -2.350480947161672300, -0.9736010864139252900, -6.062500000000000000 ) ) ;
#3048 = CARTESIAN_POINT ( 'NONE',  ( -0.9736010864139231800, -2.350480947161676300, 0.06250000000000005600 ) ) ;
#3049 = CARTESIAN_POINT ( 'NONE',  ( 2.917623513946693100, -0.5688032372198683600, -7.134817203542295900 ) ) ;
#3050 = CARTESIAN_POINT ( 'NONE',  ( -1.063055803147456000, 2.096347548085604600, 4.700000000000000200 ) ) ;
#3051 = CARTESIAN_POINT ( 'NONE',  ( -0.9736010864139232900, -2.350480947161675000, -5.062500000000000900 ) ) ;
#3052 = CLOSED_SHELL ( 'NONE', ( #2600, #1407, #3682, #4, #895, #2311, #1175, #2620, #1236, #3148, #25, #3236, #3701, #1710, #3214, #855, #2559, #911, #1384, #2039 ) ) ;
#3053 = CARTESIAN_POINT ( 'NONE',  ( 1.662041016787797900, 1.662041016787795000, -6.625000000000000900 ) ) ;
#3054 = ORIENTED_EDGE ( 'NONE', *, *, #1537, .F. ) ;
#3055 = CARTESIAN_POINT ( 'NONE',  ( -1.265060653844733100, -3.054126587736533300, 0.5312499999999935600 ) ) ;
#3056 = CARTESIAN_POINT ( 'NONE',  ( 1.242640687119416900, 2.999999999999863700, 1.062499999999990000 ) ) ;
#3057 = ORIENTED_EDGE ( 'NONE', *, *, #624, .T. ) ;
#3058 = CARTESIAN_POINT ( 'NONE',  ( -2.350480947161672300, -0.9736010864139258400, -4.062500000000000000 ) ) ;
#3059 = AXIS2_PLACEMENT_3D ( 'NONE', #1518, #1492, #1211 ) ;
#3060 = CARTESIAN_POINT ( 'NONE',  ( -2.350480947161672300, -0.9736010864139272900, 0.9374999999999992200 ) ) ;
#3061 = CARTESIAN_POINT ( 'NONE',  ( 1.036993890001886900, -2.676831322502919400, -7.237098010644500000 ) ) ;
#3062 = CARTESIAN_POINT ( 'NONE',  ( -2.159593620790630600, 2.159593620790626600, 1.218749999999997600 ) ) ;
#3063 = CARTESIAN_POINT ( 'NONE',  ( 0.0000000000000000000, 8.127580809560354500E-015, 8.000000000000000000 ) ) ;
#3064 = AXIS2_PLACEMENT_3D ( 'NONE', #3159, #2874, #3172 ) ;
#3065 = CARTESIAN_POINT ( 'NONE',  ( 1.564050625393671800E-011, -2.825656986041248200, -7.274343013958750600 ) ) ;
#3066 = CARTESIAN_POINT ( 'NONE',  ( 2.999999999999999600, -1.242640687119291400, -1.187500000000004000 ) ) ;
#3067 = CARTESIAN_POINT ( 'NONE',  ( 1.662041016787797900, 1.662041016787793300, -1.500000000000000400 ) ) ;
#3068 = VECTOR ( 'NONE', #1716, 1000.000000000000000 ) ;
#3069 = CARTESIAN_POINT ( 'NONE',  ( 2.350480947161671900, -0.9736010864139266200, -6.812500000000001800 ) ) ;
#3070 = CARTESIAN_POINT ( 'NONE',  ( 1.242640687117500900, -3.000000000001855000, -2.312500000000160300 ) ) ;
#3071 = VECTOR ( 'NONE', #3354, 1000.000000000000000 ) ;
#3072 = CARTESIAN_POINT ( 'NONE',  ( 2.805959019055063800, 1.436681668064221800, -7.048697971900036700 ) ) ;
#3073 =( BOUNDED_CURVE ( )  B_SPLINE_CURVE ( 2, ( #947, #2969, #363, #3006, #2421, #391, #2693, #683, #1227 ),
 .UNSPECIFIED., .F., .T. ) 
 B_SPLINE_CURVE_WITH_KNOTS ( ( 3, 2, 2, 2, 3 ),
 ( 0.2857142857142857500, 0.2946428571428572100, 0.3035714285714286000, 0.3125000000000001100, 0.3214285714285715600 ),
 .UNSPECIFIED. ) 
 CURVE ( )  GEOMETRIC_REPRESENTATION_ITEM ( )  RATIONAL_B_SPLINE_CURVE ( ( 0.9999999999999995600, 0.9238795325112871800, 1.000000000000000000, 0.9238795325112867400, 1.000000000000000000, 0.9238795325112867400, 1.000000000000000000, 0.9238795325112857400, 1.000000000000000900 ) ) 
 REPRESENTATION_ITEM ( '' )  );
#3074 = FACE_OUTER_BOUND ( 'NONE', #1845, .T. ) ;
#3075 = DIRECTION ( 'NONE',  ( 1.000000000000000000, 0.0000000000000000000, 0.0000000000000000000 ) ) ;
#3076 = CARTESIAN_POINT ( 'NONE',  ( -3.673940397442054900E-016, -2.999999999999999100, -2.375000000000002200 ) ) ;
#3077 = CARTESIAN_POINT ( 'NONE',  ( -1.242640687127451100, 2.999999999991851000, 0.1875000000005697900 ) ) ;
#3078 = CARTESIAN_POINT ( 'NONE',  ( 2.350480947161671900, -0.9736010864139279500, -1.687500000000000900 ) ) ;
#3079 = VERTEX_POINT ( 'NONE', #117 ) ;
#3080 = CARTESIAN_POINT ( 'NONE',  ( 2.235440221225834600, -0.7263385576271117500, 5.325313968591988400 ) ) ;
#3081 = EDGE_CURVE ( 'NONE', #2494, #1739, #712, .T. ) ;
#3082 = CARTESIAN_POINT ( 'NONE',  ( 2.253663159609760500, 0.7942264583634705000, -7.715768509283652300 ) ) ;
#3083 = CARTESIAN_POINT ( 'NONE',  ( 0.0000000000000000000, 6.279894725374701700E-016, -8.000000000000000000 ) ) ;
#3084 = CARTESIAN_POINT ( 'NONE',  ( -3.673940397442062800E-016, -3.000000000000005800, -4.500000000000000000 ) ) ;
#3085 = CARTESIAN_POINT ( 'NONE',  ( -0.9736010864139231800, 2.350480947161667900, -0.3125000000000002800 ) ) ;
#3086 = ORIENTED_EDGE ( 'NONE', *, *, #2619, .T. ) ;
#3087 = CARTESIAN_POINT ( 'NONE',  ( -2.350480947161672300, -0.9736010864139247300, -8.187500000000000000 ) ) ;
#3088 = CARTESIAN_POINT ( 'NONE',  ( 0.9736010864139224000, -2.350480947161675400, -4.812500000000000900 ) ) ;
#3089 = ORIENTED_EDGE ( 'NONE', *, *, #102, .T. ) ;
#3090 = DIRECTION ( 'NONE',  ( 0.0000000000000000000, 1.000000000000000000, 0.0000000000000000000 ) ) ;
#3091 = AXIS2_PLACEMENT_3D ( 'NONE', #1973, #2820, #840 ) ;
#3092 = ORIENTED_EDGE ( 'NONE', *, *, #1060, .F. ) ;
#3093 = CARTESIAN_POINT ( 'NONE',  ( -2.121320343559675200, -2.121320343559678400, -2.500000000000030600 ) ) ;
#3094 = CARTESIAN_POINT ( 'NONE',  ( -2.350480947161672300, 0.9736010864139187400, 0.6874999999999987800 ) ) ;
#3095 = CARTESIAN_POINT ( 'NONE',  ( 0.9736010864139224000, -2.350480947161676300, -1.812500000000000900 ) ) ;
#3096 = CARTESIAN_POINT ( 'NONE',  ( 0.9736010864139224000, -2.350480947161675000, -6.937500000000000900 ) ) ;
#3097 = CARTESIAN_POINT ( 'NONE',  ( 0.9736010864139224000, -2.350480947161675400, -5.812500000000000000 ) ) ;
#3098 = CARTESIAN_POINT ( 'NONE',  ( -3.673940397442062800E-016, -3.000000000000006700, -1.499999999999999100 ) ) ;
#3099 = CARTESIAN_POINT ( 'NONE',  ( -1.662041016787797700, -1.662041016787800100, -5.125000000000000900 ) ) ;
#3100 = CARTESIAN_POINT ( 'NONE',  ( 2.678058281019262600, -1.641128960562005600, 4.754974535552801900 ) ) ;
#3101 = LINE ( 'NONE', #3358, #36 ) ;
#3102 = CARTESIAN_POINT ( 'NONE',  ( 2.121320343559644600, 2.121320343559638800, 1.875000000000000700 ) ) ;
#3103 = CARTESIAN_POINT ( 'NONE',  ( 2.350480947161671900, 0.9736010864139197400, -1.687500000000000900 ) ) ;
#3104 = CARTESIAN_POINT ( 'NONE',  ( -2.350480947161672300, -4.033956609920177900E-015, -0.1250000000000001100 ) ) ;
#3105 = PERSON_AND_ORGANIZATION ( #162, #2568 ) ;
#3106 = CARTESIAN_POINT ( 'NONE',  ( 0.9736010864139224000, -2.350480947161674500, -7.937500000000000900 ) ) ;
#3107 = CARTESIAN_POINT ( 'NONE',  ( 0.0000000000000000000, 2.350480947161669700, -5.375000000000000000 ) ) ;
#3108 =( BOUNDED_CURVE ( )  B_SPLINE_CURVE ( 2, ( #1490, #1198, #2022, #1732, #2596, #2053, #595, #275, #2304 ),
 .UNSPECIFIED., .F., .T. ) 
 B_SPLINE_CURVE_WITH_KNOTS ( ( 3, 2, 2, 2, 3 ),
 ( 0.8214285714285715100, 0.8303571428571430200, 0.8392857142857144100, 0.8482142857142857000, 0.8571428571428571000 ),
 .UNSPECIFIED. ) 
 CURVE ( )  GEOMETRIC_REPRESENTATION_ITEM ( )  RATIONAL_B_SPLINE_CURVE ( ( 0.9999999999999990000, 0.9238795325112877400, 1.000000000000000000, 0.9238795325112867400, 1.000000000000000000, 0.9238795325112867400, 1.000000000000000000, 0.9238795325112867400, 1.000000000000000000 ) ) 
 REPRESENTATION_ITEM ( '' )  );
#3109 =( BOUNDED_CURVE ( )  B_SPLINE_CURVE ( 2, ( #2773, #3347, #750, #2488, #1617, #3066, #1322, #3626, #1915 ),
 .UNSPECIFIED., .F., .T. ) 
 B_SPLINE_CURVE_WITH_KNOTS ( ( 3, 2, 2, 2, 3 ),
 ( 0.1051142374020334800, 0.1074707987121694800, 0.1098273600223054900, 0.1121839213324415400, 0.1145404826425775500 ),
 .UNSPECIFIED. ) 
 CURVE ( )  GEOMETRIC_REPRESENTATION_ITEM ( )  RATIONAL_B_SPLINE_CURVE ( ( 1.000000000000002900, 0.9238795325112838500, 1.000000000000000000, 0.9238795325112867400, 1.000000000000000000, 0.9238795325112867400, 1.000000000000000000, 0.9238795325119985000, 0.9999999999992882400 ) ) 
 REPRESENTATION_ITEM ( '' )  );
#3110 = CARTESIAN_POINT ( 'NONE',  ( -3.673940397442062800E-016, -3.000000000000006200, -3.499999999999999100 ) ) ;
#3111 = CARTESIAN_POINT ( 'NONE',  ( 2.350480947161672300, -3.313619806644105700E-015, -4.750000000000000900 ) ) ;
#3112 = ORIENTED_EDGE ( 'NONE', *, *, #3534, .F. ) ;
#3113 = CARTESIAN_POINT ( 'NONE',  ( 0.9736010864139224000, -2.350480947161675900, -3.937500000000000900 ) ) ;
#3114 = CARTESIAN_POINT ( 'NONE',  ( 3.000000000000011500, -3.327850310436677700E-015, -5.125000000000010700 ) ) ;
#3115 = DIRECTION ( 'NONE',  ( 1.000000000000000000, 0.0000000000000000000, 0.0000000000000000000 ) ) ;
#3116 = CARTESIAN_POINT ( 'NONE',  ( 2.350480947161671900, 0.9736010864139188500, 1.312499999999999600 ) ) ;
#3117 = EDGE_LOOP ( 'NONE', ( #2194, #2587 ) ) ;
#3118 = CARTESIAN_POINT ( 'NONE',  ( 1.662041016787797900, 1.662041016787791700, 4.375000000000000000 ) ) ;
#3119 = CARTESIAN_POINT ( 'NONE',  ( -2.878508968398380700E-016, -2.350480947161677200, 3.124999999999999100 ) ) ;
#3120 = CARTESIAN_POINT ( 'NONE',  ( 2.350480947161671900, -0.9736010864139268400, -5.812500000000000000 ) ) ;
#3121 = CARTESIAN_POINT ( 'NONE',  ( 2.350480947161671900, 0.9736010864139209600, -5.562500000000002700 ) ) ;
#3122 = CARTESIAN_POINT ( 'NONE',  ( -0.9736010864139232900, -2.350480947161677700, 3.937500000000000000 ) ) ;
#3123 = CARTESIAN_POINT ( 'NONE',  ( 0.0000000000000000000, 2.999999999999997300, 3.000000000000000000 ) ) ;
#3124 = CARTESIAN_POINT ( 'NONE',  ( 2.350480947161671900, -0.9736010864139278400, -1.812500000000001100 ) ) ;
#3125 = CARTESIAN_POINT ( 'NONE',  ( 2.350480947161672300, -3.593844368148051200E-015, -3.750000000000000900 ) ) ;
#3126 = ADVANCED_FACE ( 'NONE', ( #2343 ), #789, .T. ) ;
#3127 = CARTESIAN_POINT ( 'NONE',  ( -2.121320343559649900, 2.121320343559647300, -4.750000000000008000 ) ) ;
#3128 = ORIENTED_EDGE ( 'NONE', *, *, #2436, .F. ) ;
#3129 = ORIENTED_EDGE ( 'NONE', *, *, #421, .T. ) ;
#3130 = DIRECTION ( 'NONE',  ( 0.5000000000000001100, 0.8660254037844386000, 0.0000000000000000000 ) ) ;
#3131 = CARTESIAN_POINT ( 'NONE',  ( -3.054126587736528900, -1.600204950516441300E-015, -8.656250000000003600 ) ) ;
#3132 = CARTESIAN_POINT ( 'NONE',  ( 0.9736010864139224000, -2.350480947161677700, 2.187500000000000400 ) ) ;
#3133 = ORIENTED_EDGE ( 'NONE', *, *, #3352, .T. ) ;
#3134 = CARTESIAN_POINT ( 'NONE',  ( 2.350480947161671900, 0.9736010864139209600, -5.687500000000001800 ) ) ;
#3135 = CARTESIAN_POINT ( 'NONE',  ( -2.350480947161672300, -2.352609240896504100E-015, -6.125000000000000000 ) ) ;
#3136 = DIRECTION ( 'NONE',  ( -0.0000000000000000000, 1.224646799147353200E-016, -1.000000000000000000 ) ) ;
#3137 = CARTESIAN_POINT ( 'NONE',  ( -2.159593620790630600, 2.159593620790626100, 2.156250000000000000 ) ) ;
#3138 = CARTESIAN_POINT ( 'NONE',  ( -3.673940397442062800E-016, -3.000000000000007100, -0.4999999999999998900 ) ) ;
#3139 = EDGE_CURVE ( 'NONE', #1797, #21, #986, .T. ) ;
#3140 = CARTESIAN_POINT ( 'NONE',  ( 2.350480947161672300, -3.874068929651997600E-015, -2.750000000000000900 ) ) ;
#3141 = CARTESIAN_POINT ( 'NONE',  ( 2.350480947161671900, 0.9736010864139197400, -1.687500000000000900 ) ) ;
#3142 = CC_DESIGN_PERSON_AND_ORGANIZATION_ASSIGNMENT ( #448, #1279, ( #2496 ) ) ;
#3143 = CARTESIAN_POINT ( 'NONE',  ( 3.000000000000002700, -3.012597678744739800E-015, -6.249999999999999100 ) ) ;
#3144 = CARTESIAN_POINT ( 'NONE',  ( 3.673940397442059900E-016, -2.999999999999999600, -8.000000000000000000 ) ) ;
#3145 = CARTESIAN_POINT ( 'NONE',  ( -3.054126587736528900, -1.265060653844734400, -8.593750000000003600 ) ) ;
#3146 = CARTESIAN_POINT ( 'NONE',  ( -0.9736010864139232900, -2.350480947161677700, 4.062500000000000000 ) ) ;
#3147 = EDGE_CURVE ( 'NONE', #107, #3493, #202, .T. ) ;
#3148 = ADVANCED_FACE ( 'NONE', ( #1660 ), #2518, .F. ) ;
#3149 = CARTESIAN_POINT ( 'NONE',  ( 2.350480947161671900, -0.9736010864139278400, -1.687500000000000900 ) ) ;
#3150 = FACE_OUTER_BOUND ( 'NONE', #2576, .T. ) ;
#3151 = CARTESIAN_POINT ( 'NONE',  ( -0.9736010864139232900, -2.350480947161677200, 2.937499999999999100 ) ) ;
#3152 = CARTESIAN_POINT ( 'NONE',  ( 3.054126587736528900, -4.992869519682404100E-015, 0.7812500000000006700 ) ) ;
#3153 = DIRECTION ( 'NONE',  ( -0.8660254037844387100, -0.4999999999999998900, 0.0000000000000000000 ) ) ;
#3154 = CARTESIAN_POINT ( 'NONE',  ( 0.9736010864139245100, 2.350480947161667900, -2.562500000000000400 ) ) ;
#3155 = CIRCLE ( 'NONE', #2976, 2.309401076758501100 ) ;
#3156 = CARTESIAN_POINT ( 'NONE',  ( -1.662041016787797500, 1.662041016787794100, -2.375000000000000400 ) ) ;
#3157 = CARTESIAN_POINT ( 'NONE',  ( 1.630217250175114000E-011, -3.000000000000000000, 1.625000000000818200 ) ) ;
#3158 = CONICAL_SURFACE ( 'NONE', #1694, 2.309401076758501100, 0.7853981633974500600 ) ;
#3159 = CARTESIAN_POINT ( 'NONE',  ( 0.0000000000000000000, 6.279894725374701700E-016, -8.000000000000000000 ) ) ;
#3160 = CARTESIAN_POINT ( 'NONE',  ( 2.350480947161671900, -0.9736010864139297300, 4.187500000000000000 ) ) ;
#3161 = CARTESIAN_POINT ( 'NONE',  ( 0.9736010864139245100, 2.350480947161667900, 1.562499999999999600 ) ) ;
#3162 = CARTESIAN_POINT ( 'NONE',  ( 1.662041016787797500, -1.662041016787801000, -3.750000000000000900 ) ) ;
#3163 = CARTESIAN_POINT ( 'NONE',  ( 0.9736010864139245100, 2.350480947161666600, 4.437500000000001800 ) ) ;
#3164 = CARTESIAN_POINT ( 'NONE',  ( -3.054126587736528900, -3.824487407454011800E-015, -0.7187499999999997800 ) ) ;
#3165 = CARTESIAN_POINT ( 'NONE',  ( 3.000000000000002200, 1.242640687119282800, 0.8125000000000012200 ) ) ;
#3166 = ORIENTED_EDGE ( 'NONE', *, *, #566, .T. ) ;
#3167 = CARTESIAN_POINT ( 'NONE',  ( -2.699056387287988600E-011, 2.508669687933967400, -7.591330312066030900 ) ) ;
#3168 = CARTESIAN_POINT ( 'NONE',  ( -2.878508968398380700E-016, -2.350480947161677200, 2.000000000000000000 ) ) ;
#3169 = CARTESIAN_POINT ( 'NONE',  ( -0.9736010864139232900, -2.350480947161676300, -1.062500000000000200 ) ) ;
#3170 = ADVANCED_FACE ( 'NONE', ( #891 ), #3304, .T. ) ;
#3171 = CARTESIAN_POINT ( 'NONE',  ( 2.851376698277145600, -0.9325507624371722800, 4.700000000000001100 ) ) ;
#3172 = DIRECTION ( 'NONE',  ( 0.0000000000000000000, 1.000000000000000000, 0.0000000000000000000 ) ) ;
#3173 = CARTESIAN_POINT ( 'NONE',  ( -3.054126587736528900, 1.265060653844730700, -6.718750000000004400 ) ) ;
#3174 = CARTESIAN_POINT ( 'NONE',  ( 1.662041016787797900, 1.662041016787791700, 4.500000000000000900 ) ) ;
#3175 = CARTESIAN_POINT ( 'NONE',  ( -0.9736010864139230700, 2.350480947161669200, -3.312500000000000400 ) ) ;
#3176 = CARTESIAN_POINT ( 'NONE',  ( 0.0000000000000000000, 3.054126587736526700, -7.968750000000000000 ) ) ;
#3177 = ORIENTED_EDGE ( 'NONE', *, *, #607, .T. ) ;
#3178 = CARTESIAN_POINT ( 'NONE',  ( 1.265060653844735100, 3.054126587736523100, 1.968750000000000000 ) ) ;
#3179 = CARTESIAN_POINT ( 'NONE',  ( -3.000000000000002700, -2.417921880008299700E-015, -5.750000000000000000 ) ) ;
#3180 = DIRECTION ( 'NONE',  ( -0.0000000000000000000, 1.224646799147353200E-016, -1.000000000000000000 ) ) ;
#3181 = CARTESIAN_POINT ( 'NONE',  ( 0.9736010864139224000, -2.350480947161676800, -0.9375000000000007800 ) ) ;
#3182 = ORIENTED_EDGE ( 'NONE', *, *, #3714, .T. ) ;
#3183 = CARTESIAN_POINT ( 'NONE',  ( 0.9736010864139224000, -2.350480947161677200, 0.06250000000000005600 ) ) ;
#3184 = DIRECTION ( 'NONE',  ( 0.0000000000000000000, 1.000000000000000000, 0.0000000000000000000 ) ) ;
#3185 = DIRECTION ( 'NONE',  ( -0.8660254037844387100, -0.4999999999999998300, 0.0000000000000000000 ) ) ;
#3186 =( BOUNDED_CURVE ( )  B_SPLINE_CURVE ( 2, ( #1008, #3595, #2471, #2422, #710, #2720, #1586, #975, #2169 ),
 .UNSPECIFIED., .F., .F. ) 
 B_SPLINE_CURVE_WITH_KNOTS ( ( 3, 2, 2, 2, 3 ),
 ( 0.1428248487670461000, 0.1451816633834187000, 0.1475384779997913100, 0.1498952926161638800, 0.1522521072325364900 ),
 .UNSPECIFIED. ) 
 CURVE ( )  GEOMETRIC_REPRESENTATION_ITEM ( )  RATIONAL_B_SPLINE_CURVE ( ( 1.000000000000010000, 0.9238795325112767500, 1.000000000000000000, 0.9238795325112867400, 1.000000000000000000, 0.9238795325112867400, 1.000000000000000000, 0.9238795325116615500, 0.9999999999996251900 ) ) 
 REPRESENTATION_ITEM ( '' )  );
#3187 = VERTEX_POINT ( 'NONE', #1540 ) ;
#3188 = CARTESIAN_POINT ( 'NONE',  ( 1.630217250175114000E-011, -3.000000000000000000, 1.625000000000818200 ) ) ;
#3189 = CARTESIAN_POINT ( 'NONE',  ( 2.159593620790631000, 2.159593620790628300, -7.031250000000002700 ) ) ;
#3190 = CARTESIAN_POINT ( 'NONE',  ( -0.5643101117206851300, -1.983596481850137700, 7.750871006163263700 ) ) ;
#3191 = ADVANCED_FACE ( 'NONE', ( #125 ), #1254, .T. ) ;
#3192 = CARTESIAN_POINT ( 'NONE',  ( 0.0000000000000000000, 2.350480947161668800, -2.375000000000000400 ) ) ;
#3193 = CARTESIAN_POINT ( 'NONE',  ( -3.054126587736528900, -1.265060653844734700, -7.656249999999999100 ) ) ;
#3194 = ORIENTED_EDGE ( 'NONE', *, *, #792, .F. ) ;
#3195 = CARTESIAN_POINT ( 'NONE',  ( 3.054126587736528000, -1.265060653844739500, 2.718750000000001300 ) ) ;
#3196 = CARTESIAN_POINT ( 'NONE',  ( -2.670651477819451000, 0.04755065827403127900, -7.434606262660596900 ) ) ;
#3197 = CARTESIAN_POINT ( 'NONE',  ( 2.350480947161672300, -4.994967175667779100E-015, 1.249999999999999300 ) ) ;
#3198 = CARTESIAN_POINT ( 'NONE',  ( 2.350480947161671900, -0.9736010864139286200, 0.1875000000000001700 ) ) ;
#3199 = CARTESIAN_POINT ( 'NONE',  ( -3.000000000000002700, 1.242640687119281200, 4.187500000000000900 ) ) ;
#3200 = CARTESIAN_POINT ( 'NONE',  ( 3.000000000000035100, -5.569646802468243900E-015, 2.874999999999976900 ) ) ;
#3201 = CARTESIAN_POINT ( 'NONE',  ( -5.999354112226073000E-013, -3.000000000000000000, -3.375000000000033300 ) ) ;
#3202 = CARTESIAN_POINT ( 'NONE',  ( -3.740226349862368200E-016, -3.054126587736532000, -4.406250000000005300 ) ) ;
#3203 = APPROVAL_PERSON_ORGANIZATION ( #3463, #3346, #417 ) ;
#3204 = DIRECTION ( 'NONE',  ( 0.0000000000000000000, 1.000000000000000000, 0.0000000000000000000 ) ) ;
#3205 = VECTOR ( 'NONE', #2909, 1000.000000000000000 ) ;
#3206 = EDGE_CURVE ( 'NONE', #3367, #1320, #2965, .T. ) ;
#3207 = CARTESIAN_POINT ( 'NONE',  ( -1.662041016787797700, -1.662041016787800800, -4.000000000000000000 ) ) ;
#3208 = CARTESIAN_POINT ( 'NONE',  ( 2.159593620790631000, 2.159593620790627400, -5.093750000000000000 ) ) ;
#3209 = CARTESIAN_POINT ( 'NONE',  ( -1.265060653844733100, -3.054126587736534700, 4.468750000000000900 ) ) ;
#3210 = CARTESIAN_POINT ( 'NONE',  ( 1.242640687119288500, 2.999999999999996400, 2.937500000000002200 ) ) ;
#3211 = CARTESIAN_POINT ( 'NONE',  ( -1.327785505186242200, -2.443183134521358800, -7.324836507481593100 ) ) ;
#3212 = CARTESIAN_POINT ( 'NONE',  ( 2.350480947161671900, 0.9736010864139195100, -0.6875000000000005600 ) ) ;
#3213 = CARTESIAN_POINT ( 'NONE',  ( -2.350480947161672300, -3.998928539732185600E-015, -0.2500000000000002200 ) ) ;
#3214 = ADVANCED_FACE ( 'NONE', ( #3029 ), #1024, .F. ) ;
#3215 = CARTESIAN_POINT ( 'NONE',  ( 0.0000000000000000000, 5.177712606142082800E-016, -7.099999999999998800 ) ) ;
#3216 = CARTESIAN_POINT ( 'NONE',  ( -3.000000000000034600, 1.242640687119295400, 2.312499999999976000 ) ) ;
#3217 = CARTESIAN_POINT ( 'NONE',  ( 1.242640687119287000, 2.999999999999993300, 4.062500000000000000 ) ) ;
#3218 = CARTESIAN_POINT ( 'NONE',  ( -2.121320343559644600, -2.121320343559649900, 3.375000000000000000 ) ) ;
#3219 = ORIENTED_EDGE ( 'NONE', *, *, #2381, .F. ) ;
#3220 = CARTESIAN_POINT ( 'NONE',  ( -1.265060653844733100, -3.054126587736531600, -7.468750000000006200 ) ) ;
#3221 = CARTESIAN_POINT ( 'NONE',  ( 3.673940397442059900E-016, -2.999999999999999600, -8.000000000000000000 ) ) ;
#3222 = ORIENTED_EDGE ( 'NONE', *, *, #1803, .T. ) ;
#3223 = CARTESIAN_POINT ( 'NONE',  ( -1.662041016787797500, 1.662041016787793500, -0.2500000000000002200 ) ) ;
#3224 = CARTESIAN_POINT ( 'NONE',  ( 2.159593620790630600, -2.159593620790634100, -4.343750000000000000 ) ) ;
#3225 = EDGE_CURVE ( 'NONE', #1007, #2466, #3101, .T. ) ;
#3226 = CARTESIAN_POINT ( 'NONE',  ( -2.878508968398380700E-016, -2.350480947161674100, -7.875000000000000000 ) ) ;
#3227 = CARTESIAN_POINT ( 'NONE',  ( 2.121320343559644600, 2.121320343559638800, 0.8750000000000014400 ) ) ;
#3228 = CARTESIAN_POINT ( 'NONE',  ( -2.655248646351344300, 0.2247693639300763500, -7.440962830830637900 ) ) ;
#3229 = B_SPLINE_CURVE_WITH_KNOTS ( 'NONE', 3,
 ( #3590, #3021, #2725, #1522, #2670, #367, #3566, #395, #644, #2383 ),
 .UNSPECIFIED., .F., .F.,
 ( 4, 2, 2, 2, 4 ),
 ( 0.001365665145285318100, 0.001964037490152224400, 0.002562409835019130500, 0.003160782179886036600, 0.003759154524752943100 ),
 .UNSPECIFIED. ) ;
#3230 = CARTESIAN_POINT ( 'NONE',  ( -1.662041016787797700, -1.662041016787801500, -0.1250000000000001100 ) ) ;
#3231 = CARTESIAN_POINT ( 'NONE',  ( 0.0000000000000000000, 8.127580809560354500E-015, 8.000000000000000000 ) ) ;
#3232 = CARTESIAN_POINT ( 'NONE',  ( 1.999999999999988700, -1.154700538379259000, 8.000000000000000000 ) ) ;
#3233 = CARTESIAN_POINT ( 'NONE',  ( -2.159593620790630600, 2.159593620790628800, -6.781250000000002700 ) ) ;
#3234 = DIRECTION ( 'NONE',  ( -0.0000000000000000000, 1.224646799147353200E-016, -1.000000000000000000 ) ) ;
#3235 = ORIENTED_EDGE ( 'NONE', *, *, #1378, .F. ) ;
#3236 = ADVANCED_FACE ( 'NONE', ( #2243 ), #3158, .F. ) ;
#3237 = AXIS2_PLACEMENT_3D ( 'NONE', #3384, #2505, #1350 ) ;
#3238 = ORIENTED_EDGE ( 'NONE', *, *, #1215, .F. ) ;
#3239 = CARTESIAN_POINT ( 'NONE',  ( -0.9736010864139230700, 2.350480947161667900, 2.687499999999999100 ) ) ;
#3240 = CARTESIAN_POINT ( 'NONE',  ( 2.159593620790631000, 2.159593620790627900, -7.093750000000000000 ) ) ;
#3241 = CARTESIAN_POINT ( 'NONE',  ( -3.740226349862368200E-016, -3.054126587736534700, 4.531250000000000900 ) ) ;
#3242 = CARTESIAN_POINT ( 'NONE',  ( 1.111853359094371600, -2.772225343061770700, 4.700000000000001100 ) ) ;
#3243 = ORIENTED_EDGE ( 'NONE', *, *, #3588, .F. ) ;
#3244 = CARTESIAN_POINT ( 'NONE',  ( 0.9736010864139245100, 2.350480947161666600, 3.437499999999999600 ) ) ;
#3245 = CARTESIAN_POINT ( 'NONE',  ( 0.9736010864139224000, -2.350480947161676800, -0.8125000000000007800 ) ) ;
#3246 =( BOUNDED_CURVE ( )  B_SPLINE_CURVE ( 2, ( #3582, #684, #3040, #149, #985, #137, #1599, #1265, #1573 ),
 .UNSPECIFIED., .F., .T. ) 
 B_SPLINE_CURVE_WITH_KNOTS ( ( 3, 2, 2, 2, 3 ),
 ( 0.6428571428571427900, 0.6517857142857141900, 0.6607142857142857000, 0.6696428571428572100, 0.6785714285714287100 ),
 .UNSPECIFIED. ) 
 CURVE ( )  GEOMETRIC_REPRESENTATION_ITEM ( )  RATIONAL_B_SPLINE_CURVE ( ( 1.000000000000000900, 0.9238795325112857400, 1.000000000000000000, 0.9238795325112867400, 1.000000000000000000, 0.9238795325112867400, 1.000000000000000000, 0.9238795325112857400, 1.000000000000000900 ) ) 
 REPRESENTATION_ITEM ( '' )  );
#3247 = CARTESIAN_POINT ( 'NONE',  ( -3.000000000000002700, -5.220167495047757900E-015, 4.250000000000000900 ) ) ;
#3248 = DIRECTION ( 'NONE',  ( -0.0000000000000000000, 1.224646799147353200E-016, -1.000000000000000000 ) ) ;
#3249 = CARTESIAN_POINT ( 'NONE',  ( 1.265060653844732400, -3.054126587736533300, -2.343750000000006200 ) ) ;
#3250 = CARTESIAN_POINT ( 'NONE',  ( 0.0000000000000000000, 2.350480947161667400, 2.624999999999998700 ) ) ;
#3251 = CARTESIAN_POINT ( 'NONE',  ( 1.265060653844732400, -3.054126587736532900, -7.406249999999999100 ) ) ;
#3252 = CARTESIAN_POINT ( 'NONE',  ( 1.662041016787797900, 1.662041016787795000, -7.500000000000000900 ) ) ;
#3253 = CARTESIAN_POINT ( 'NONE',  ( 2.917530231213629300, -0.01448908342753563000, 4.699999999999999300 ) ) ;
#3254 = CARTESIAN_POINT ( 'NONE',  ( 1.170912023301346100, 1.633374704908102200, 7.690174752043253300 ) ) ;
#3255 = CARTESIAN_POINT ( 'NONE',  ( 2.350480947161672300, -3.909096999839989900E-015, -2.625000000000000400 ) ) ;
#3256 = FACE_OUTER_BOUND ( 'NONE', #1647, .T. ) ;
#3257 = APPLICATION_PROTOCOL_DEFINITION ( 'international standard', 'config_control_design', 1994, #333 ) ;
#3258 = CARTESIAN_POINT ( 'NONE',  ( 0.0000000000000000000, 2.999999999999998700, -1.999999999999999600 ) ) ;
#3259 = CARTESIAN_POINT ( 'NONE',  ( -3.000000000000002700, -1.242640687119291400, 3.312500000000000000 ) ) ;
#3260 = PERSON_AND_ORGANIZATION ( #162, #2568 ) ;
#3261 = CARTESIAN_POINT ( 'NONE',  ( -1.265060653844732700, 3.054126587736525300, -1.843750000000002400 ) ) ;
#3262 = CARTESIAN_POINT ( 'NONE',  ( -1.242640687119321000, 2.999999999999961800, -0.8124999999999996700 ) ) ;
#3263 = COORDINATED_UNIVERSAL_TIME_OFFSET ( 6, 0, .BEHIND. ) ;
#3264 = CARTESIAN_POINT ( 'NONE',  ( 2.350480947161671900, 0.9736010864139209600, -5.687500000000001800 ) ) ;
#3265 = CARTESIAN_POINT ( 'NONE',  ( 1.662041016787797900, 1.662041016787792400, 1.499999999999999600 ) ) ;
#3266 = CARTESIAN_POINT ( 'NONE',  ( -3.054126587736528900, -3.264038284446119900E-015, -2.718750000000000000 ) ) ;
#3267 = CARTESIAN_POINT ( 'NONE',  ( -3.054126587736528900, -5.225610214973740500E-015, 4.281250000000000000 ) ) ;
#3268 = CARTESIAN_POINT ( 'NONE',  ( 0.9736010864139245100, 2.350480947161669700, -7.437500000000000900 ) ) ;
#3269 = CARTESIAN_POINT ( 'NONE',  ( 1.662041016787797900, 1.662041016787791700, 4.375000000000000000 ) ) ;
#3270 = CARTESIAN_POINT ( 'NONE',  ( 0.9736010864139224000, -2.350480947161676300, -1.812500000000001100 ) ) ;
#3271 = ORIENTED_EDGE ( 'NONE', *, *, #2374, .F. ) ;
#3272 = CARTESIAN_POINT ( 'NONE',  ( -3.000000000000310000, -4.414521880723843200E-015, 1.374999999999818100 ) ) ;
#3273 = DIRECTION ( 'NONE',  ( 0.0000000000000000000, 1.000000000000000000, 0.0000000000000000000 ) ) ;
#3274 = CARTESIAN_POINT ( 'NONE',  ( -2.350480947161672300, -0.9736010864139272900, 0.9374999999999993300 ) ) ;
#3275 = CARTESIAN_POINT ( 'NONE',  ( -2.159593620790630600, 2.159593620790627400, -1.781250000000002400 ) ) ;
#3276 = CARTESIAN_POINT ( 'NONE',  ( 0.0000000000000000000, 2.999999999999998700, -1.999999999999999600 ) ) ;
#3277 = CARTESIAN_POINT ( 'NONE',  ( -2.350480947161672300, -0.9736010864139259500, -4.187500000000000000 ) ) ;
#3278 = CARTESIAN_POINT ( 'NONE',  ( 1.662041016787797500, -1.662041016787803000, 3.249999999999999600 ) ) ;
#3279 = CARTESIAN_POINT ( 'NONE',  ( -2.159593620790631000, -2.159593620790634100, -3.593749999999999600 ) ) ;
#3280 = CARTESIAN_POINT ( 'NONE',  ( -2.350480947161672300, -2.072384679392558100E-015, -7.125000000000000000 ) ) ;
#3281 = DIRECTION ( 'NONE',  ( 1.000000000000000000, 0.0000000000000000000, 0.0000000000000000000 ) ) ;
#3282 = CARTESIAN_POINT ( 'NONE',  ( 0.0000000000000000000, 2.350480947161667000, 3.499999999999999600 ) ) ;
#3283 = CARTESIAN_POINT ( 'NONE',  ( -0.9736010864139230700, 2.350480947161668800, -2.312500000000000900 ) ) ;
#3284 = ORIENTED_EDGE ( 'NONE', *, *, #807, .T. ) ;
#3285 = CARTESIAN_POINT ( 'NONE',  ( 0.0000000000000000000, 6.279894725374701700E-016, -8.000000000000000000 ) ) ;
#3286 = VERTEX_POINT ( 'NONE', #178 ) ;
#3287 = EDGE_CURVE ( 'NONE', #2918, #1871, #104, .T. ) ;
#3288 = CARTESIAN_POINT ( 'NONE',  ( 3.054126587736528000, -1.265060653844738200, -3.218750000000004400 ) ) ;
#3289 = CARTESIAN_POINT ( 'NONE',  ( 1.242640687119288500, 2.999999999999997800, -2.062499999999999600 ) ) ;
#3290 = CARTESIAN_POINT ( 'NONE',  ( 0.0000000000000000000, 2.350480947161669200, -4.500000000000000900 ) ) ;
#3291 = CARTESIAN_POINT ( 'NONE',  ( -2.350480947161672300, -5.154854855935961800E-015, 3.875000000000000000 ) ) ;
#3292 = CARTESIAN_POINT ( 'NONE',  ( -2.159593620790630600, 2.159593620790627900, -2.843750000000000000 ) ) ;
#3293 = CARTESIAN_POINT ( 'NONE',  ( -2.350480947161672300, 0.9736010864139205100, -6.187500000000000900 ) ) ;
#3294 = CARTESIAN_POINT ( 'NONE',  ( 1.689751049635539900, 2.083841753286473700, 4.700000000000000200 ) ) ;
#3295 = CARTESIAN_POINT ( 'NONE',  ( -1.662041016787797700, -1.662041016787802600, 3.875000000000000000 ) ) ;
#3296 = CARTESIAN_POINT ( 'NONE',  ( 1.662041016787797500, -1.662041016787801700, -1.750000000000000700 ) ) ;
#3297 = PERSON_AND_ORGANIZATION_ROLE ( 'design_supplier' ) ;
#3298 = CARTESIAN_POINT ( 'NONE',  ( -3.000000000000002700, 1.242640687119282300, 0.1875000000000007800 ) ) ;
#3299 = CARTESIAN_POINT ( 'NONE',  ( -3.054126587736528900, 1.265060653844729800, -1.718750000000004000 ) ) ;
#3300 = DIRECTION ( 'NONE',  ( -0.0000000000000000000, 1.224646799147353200E-016, -1.000000000000000000 ) ) ;
#3301 = CARTESIAN_POINT ( 'NONE',  ( 2.350480947161671900, -0.9736010864139278400, -1.812500000000001100 ) ) ;
#3302 = EDGE_CURVE ( 'NONE', #3015, #1670, #574, .T. ) ;
#3303 = CARTESIAN_POINT ( 'NONE',  ( -2.878508968398380700E-016, -2.350480947161677700, 4.125000000000000000 ) ) ;
#3304 = CYLINDRICAL_SURFACE ( 'NONE', #769, 3.000000000000000000 ) ;
#3305 = CARTESIAN_POINT ( 'NONE',  ( -2.350480947161672300, -0.9736010864139258400, -5.062500000000001800 ) ) ;
#3306 = CARTESIAN_POINT ( 'NONE',  ( 0.9736010864139245100, 2.350480947161668800, -4.437500000000001800 ) ) ;
#3307 = LINE ( 'NONE', #27, #846 ) ;
#3308 = DIRECTION ( 'NONE',  ( -1.000000000000000000, 0.0000000000000000000, -0.0000000000000000000 ) ) ;
#3309 = CARTESIAN_POINT ( 'NONE',  ( 1.662041016787797900, 1.662041016787792100, 2.500000000000000400 ) ) ;
#3310 = CARTESIAN_POINT ( 'NONE',  ( 1.179539729358131600, -1.628393496493728100, 7.698919027229121200 ) ) ;
#3311 = CARTESIAN_POINT ( 'NONE',  ( 1.662041016787797500, -1.662041016787800400, -5.875000000000000000 ) ) ;
#3312 = CARTESIAN_POINT ( 'NONE',  ( 0.0000000000000000000, 2.350480947161670100, -7.500000000000000900 ) ) ;
#3313 = CARTESIAN_POINT ( 'NONE',  ( 1.265060653844732400, -3.054126587736534200, 0.6562499999999936700 ) ) ;
#3314 = CARTESIAN_POINT ( 'NONE',  ( 3.673940397442059900E-016, -2.999999999999999600, -8.000000000000000000 ) ) ;
#3315 = CARTESIAN_POINT ( 'NONE',  ( 2.350480947161672300, -3.874068929651997600E-015, -2.750000000000000900 ) ) ;
#3316 = ORIENTED_EDGE ( 'NONE', *, *, #3366, .F. ) ;
#3317 = CARTESIAN_POINT ( 'NONE',  ( 2.121320343559653500, -2.121320343559657900, -0.2500000000000128800 ) ) ;
#3318 = CARTESIAN_POINT ( 'NONE',  ( 0.9736010864139224000, -2.350480947161675000, -6.812500000000001800 ) ) ;
#3319 = VERTEX_POINT ( 'NONE', #423 ) ;
#3320 = CARTESIAN_POINT ( 'NONE',  ( 0.0000000000000000000, 2.350480947161667400, 2.624999999999998700 ) ) ;
#3321 = DIRECTION ( 'NONE',  ( 0.0000000000000000000, 1.000000000000000000, 0.0000000000000000000 ) ) ;
#3322 = CARTESIAN_POINT ( 'NONE',  ( -3.054126587736528900, -1.265060653844737300, 1.406249999999996000 ) ) ;
#3323 = CARTESIAN_POINT ( 'NONE',  ( -3.000000000000002700, -2.698146441512246100E-015, -4.749999999999999100 ) ) ;
#3324 = CARTESIAN_POINT ( 'NONE',  ( -0.9736010864139231800, -2.350480947161676800, 0.9374999999999992200 ) ) ;
#3325 = CARTESIAN_POINT ( 'NONE',  ( -0.9736010864139232900, -2.350480947161674500, -6.937500000000000900 ) ) ;
#3326 = EDGE_LOOP ( 'NONE', ( #1511, #2459, #1498 ) ) ;
#3327 = EDGE_LOOP ( 'NONE', ( #2736, #1327, #379, #2107, #1420 ) ) ;
#3328 = CARTESIAN_POINT ( 'NONE',  ( 0.9736010864139224000, -2.350480947161677200, 0.1875000000000001700 ) ) ;
#3329 = CARTESIAN_POINT ( 'NONE',  ( 2.121320343559643300, -2.121320343559645900, -6.250000000000004400 ) ) ;
#3330 = ORIENTED_EDGE ( 'NONE', *, *, #184, .T. ) ;
#3331 = CARTESIAN_POINT ( 'NONE',  ( 1.683947387850570900, -1.337173599081810300, 7.833072410079399400 ) ) ;
#3332 = CARTESIAN_POINT ( 'NONE',  ( 2.350480947161672300, -3.033395245140160100E-015, -5.750000000000000900 ) ) ;
#3333 = CARTESIAN_POINT ( 'NONE',  ( -1.662041016787797500, 1.662041016787795300, -6.375000000000000900 ) ) ;
#3334 = CARTESIAN_POINT ( 'NONE',  ( 2.159593620790630600, -2.159593620790635900, 1.718749999999994700 ) ) ;
#3335 = CARTESIAN_POINT ( 'NONE',  ( 2.350480947161671900, 0.9736010864139195100, -0.6875000000000005600 ) ) ;
#3336 = CARTESIAN_POINT ( 'NONE',  ( -1.662041016787797700, -1.662041016787800100, -6.000000000000000000 ) ) ;
#3337 = CARTESIAN_POINT ( 'NONE',  ( -0.9736010864139231800, -2.350480947161677200, 3.062499999999999100 ) ) ;
#3338 = CARTESIAN_POINT ( 'NONE',  ( 3.000000000000001800, -1.242640687119292100, -0.3124999999999996700 ) ) ;
#3339 = DIRECTION ( 'NONE',  ( 0.0000000000000000000, -0.7071067811865463500, 0.7071067811865487900 ) ) ;
#3340 = CARTESIAN_POINT ( 'NONE',  ( -2.350480947161672300, 0.9736010864139205100, -6.312500000000000900 ) ) ;
#3341 = LINE ( 'NONE', #1082, #2560 ) ;
#3342 = CARTESIAN_POINT ( 'NONE',  ( 3.054126587736528900, -5.290608116280344700E-015, 1.843749999999996400 ) ) ;
#3343 = DIRECTION ( 'NONE',  ( 1.000000000000000000, 0.0000000000000000000, 0.0000000000000000000 ) ) ;
#3344 = CYLINDRICAL_SURFACE ( 'NONE', #1381, 3.000000000000000000 ) ;
#3345 = EDGE_CURVE ( 'NONE', #2913, #272, #532, .T. ) ;
#3346 = APPROVAL ( #600, 'UNSPECIFIED' ) ;
#3347 = CARTESIAN_POINT ( 'NONE',  ( 1.242640687119252600, 3.000000000000032400, -0.9374999999999997800 ) ) ;
#3348 = CARTESIAN_POINT ( 'NONE',  ( -2.350480947161672300, -0.9736010864139261800, -3.062500000000000000 ) ) ;
#3349 = FACE_OUTER_BOUND ( 'NONE', #1612, .T. ) ;
#3350 = CARTESIAN_POINT ( 'NONE',  ( 0.9736010864139245100, 2.350480947161667900, 1.562499999999999600 ) ) ;
#3351 = CARTESIAN_POINT ( 'NONE',  ( 2.121320343559676100, 2.121320343559672100, -2.000000000000029300 ) ) ;
#3352 = EDGE_CURVE ( 'NONE', #1356, #3286, #176, .T. ) ;
#3353 = DIRECTION ( 'NONE',  ( 0.0000000000000000000, -1.224646799147353200E-016, 1.000000000000000000 ) ) ;
#3354 = DIRECTION ( 'NONE',  ( -0.0000000000000000000, -0.0000000000000000000, 1.000000000000000000 ) ) ;
#3355 =( BOUNDED_CURVE ( )  B_SPLINE_CURVE ( 2, ( #453, #2786, #762, #3072, #2493 ),
 .UNSPECIFIED., .F., .T. ) 
 B_SPLINE_CURVE_WITH_KNOTS ( ( 3, 2, 3 ),
 ( 0.2182478564201232300, 0.2206062926353397300, 0.2224753278414581800 ),
 .UNSPECIFIED. ) 
 CURVE ( )  GEOMETRIC_REPRESENTATION_ITEM ( )  RATIONAL_B_SPLINE_CURVE ( ( 1.000000000000012400, 0.9238795325112741900, 1.000000000000000000, 0.9396753523692221700, 0.9749639670273835300 ) ) 
 REPRESENTATION_ITEM ( '' )  );
#3356 = ORIENTED_EDGE ( 'NONE', *, *, #2696, .F. ) ;
#3357 = CARTESIAN_POINT ( 'NONE',  ( 2.159593620790631000, 2.159593620790625200, 3.968749999999998200 ) ) ;
#3358 = CARTESIAN_POINT ( 'NONE',  ( 3.673940397442059900E-016, -2.999999999999999600, -8.000000000000000000 ) ) ;
#3359 = DIRECTION ( 'NONE',  ( -0.0000000000000000000, 1.224646799147353200E-016, -1.000000000000000000 ) ) ;
#3360 = DIRECTION ( 'NONE',  ( 0.8660254037844387100, 0.4999999999999997800, 0.0000000000000000000 ) ) ;
#3361 = CARTESIAN_POINT ( 'NONE',  ( -1.662041016787797700, -1.662041016787801700, 0.0000000000000000000 ) ) ;
#3362 = CARTESIAN_POINT ( 'NONE',  ( -2.878508968398380700E-016, -2.350480947161674100, -8.000000000000000000 ) ) ;
#3363 = CARTESIAN_POINT ( 'NONE',  ( 0.0000000000000000000, -1.294706002123873500E-015, 7.699999999999991300 ) ) ;
#3364 = B_SPLINE_CURVE_WITH_KNOTS ( 'NONE', 3,
 ( #418, #1303, #3331, #3607, #124, #3310, #2449, #961, #2734, #1280, #406, #1849 ),
 .UNSPECIFIED., .F., .F.,
 ( 4, 2, 2, 2, 2, 4 ),
 ( 2.544349856384707400E-007, 0.0005966331004600630700, 0.0008948224331972761000, 0.001193011765934489300, 0.001789390431408914500, 0.002385769096883341000 ),
 .UNSPECIFIED. ) ;
#3365 = DIRECTION ( 'NONE',  ( 8.881784197001252300E-016, 1.000000000000000000, 0.0000000000000000000 ) ) ;
#3366 = EDGE_CURVE ( 'NONE', #504, #2147, #2511, .T. ) ;
#3367 = VERTEX_POINT ( 'NONE', #2186 ) ;
#3368 = ORIENTED_EDGE ( 'NONE', *, *, #480, .T. ) ;
#3369 = CARTESIAN_POINT ( 'NONE',  ( 1.242640687119276600, 3.000000000000008400, 1.937500000000001600 ) ) ;
#3370 = CARTESIAN_POINT ( 'NONE',  ( -1.662041016787797700, -1.662041016787801000, -2.000000000000000000 ) ) ;
#3371 = CARTESIAN_POINT ( 'NONE',  ( 0.9736010864139245100, 2.350480947161669700, -6.562500000000000900 ) ) ;
#3372 = CARTESIAN_POINT ( 'NONE',  ( 0.8344513790905240300, -2.738595800602045700, -7.244747867945873700 ) ) ;
#3373 = CARTESIAN_POINT ( 'NONE',  ( 0.0000000000000000000, -9.273119623796684600E-016, 4.700000000000001100 ) ) ;
#3374 = CARTESIAN_POINT ( 'NONE',  ( 1.999999999999999600, -1.154700538379253000, 5.690000000000000400 ) ) ;
#3375 = CARTESIAN_POINT ( 'NONE',  ( 2.486742989008967800E-011, -3.000000000000000900, 3.625000000001249200 ) ) ;
#3376 = CARTESIAN_POINT ( 'NONE',  ( 0.0000000000000000000, 2.999999999999999100, -3.999999999999999100 ) ) ;
#3377 = CARTESIAN_POINT ( 'NONE',  ( 0.9736010864139245100, 2.350480947161667900, -2.437500000000000400 ) ) ;
#3378 = CARTESIAN_POINT ( 'NONE',  ( -2.350480947161672300, -1.757132047700619600E-015, -8.250000000000000000 ) ) ;
#3379 = CARTESIAN_POINT ( 'NONE',  ( 2.350480947161671900, 0.9736010864139215100, -7.562500000000000900 ) ) ;
#3380 = LINE ( 'NONE', #3017, #1386 ) ;
#3381 = B_SPLINE_CURVE_WITH_KNOTS ( 'NONE', 3,
 ( #868, #2797, #1186, #54, #1454, #3232 ),
 .UNSPECIFIED., .F., .F.,
 ( 4, 2, 4 ),
 ( 0.002450028696938069200, 0.003048005780792948000, 0.003645982864647827200 ),
 .UNSPECIFIED. ) ;
#3382 = CARTESIAN_POINT ( 'NONE',  ( 2.350469022712048600, 0.007487071597012486000, -7.749519052838329500 ) ) ;
#3383 = CARTESIAN_POINT ( 'NONE',  ( 2.904640467222436000, -0.9437971021851112600, 4.794062842825355600 ) ) ;
#3384 = CARTESIAN_POINT ( 'NONE',  ( 0.0000000000000000000, -1.331445406098294800E-015, 8.000000000000000000 ) ) ;
#3385 = CARTESIAN_POINT ( 'NONE',  ( -2.350480947161672300, -0.9736010864139275100, 1.812500000000000000 ) ) ;
#3386 = CARTESIAN_POINT ( 'NONE',  ( -2.878508968398380700E-016, -2.350480947161675900, -1.875000000000000000 ) ) ;
#3387 = ORIENTED_EDGE ( 'NONE', *, *, #874, .T. ) ;
#3388 = CARTESIAN_POINT ( 'NONE',  ( 0.0000000000000000000, 2.350480947161670600, -8.500000000000000000 ) ) ;
#3389 = CARTESIAN_POINT ( 'NONE',  ( -0.9736010864139230700, 2.350480947161670100, -6.312500000000000900 ) ) ;
#3390 = EDGE_CURVE ( 'NONE', #3319, #1562, #848, .T. ) ;
#3391 = VERTEX_POINT ( 'NONE', #1401 ) ;
#3392 = CARTESIAN_POINT ( 'NONE',  ( 3.000000000000001800, -1.242640687119291900, -1.312499999999999800 ) ) ;
#3393 = CARTESIAN_POINT ( 'NONE',  ( -2.350480947161672300, -3.718703978228240000E-015, -1.250000000000000200 ) ) ;
#3394 = CARTESIAN_POINT ( 'NONE',  ( 3.726383899342167600, 1.585209631447658500, 4.935824030287355100 ) ) ;
#3395 = CARTESIAN_POINT ( 'NONE',  ( -2.121320343559642400, -2.121320343559647300, 3.499999999999995600 ) ) ;
#3396 = CARTESIAN_POINT ( 'NONE',  ( 0.9736010864139245100, 2.350480947161667900, -0.5625000000000004400 ) ) ;
#3397 = CARTESIAN_POINT ( 'NONE',  ( 0.9736010864139245100, 2.350480947161666600, 4.437500000000000900 ) ) ;
#3398 = CARTESIAN_POINT ( 'NONE',  ( -2.878508968398380700E-016, -2.350480947161678100, 5.124999999999999100 ) ) ;
#3399 = ORIENTED_EDGE ( 'NONE', *, *, #3225, .T. ) ;
#3400 = EDGE_LOOP ( 'NONE', ( #3057, #2671, #3709, #1952 ) ) ;
#3401 = EDGE_CURVE ( 'NONE', #2268, #2913, #1859, .T. ) ;
#3402 = CARTESIAN_POINT ( 'NONE',  ( 0.0000000000000000000, 2.350480947161668800, -2.500000000000000400 ) ) ;
#3403 = ORIENTED_EDGE ( 'NONE', *, *, #703, .F. ) ;
#3404 = CARTESIAN_POINT ( 'NONE',  ( -1.662041016787797500, 1.662041016787794800, -4.375000000000000000 ) ) ;
#3405 = DIRECTION ( 'NONE',  ( 0.0000000000000000000, 1.000000000000000000, 0.0000000000000000000 ) ) ;
#3406 = CARTESIAN_POINT ( 'NONE',  ( 0.9736010864139245100, 2.350480947161667900, 1.437499999999999800 ) ) ;
#3407 = CARTESIAN_POINT ( 'NONE',  ( -0.9736010864139231800, -2.350480947161678100, 4.937500000000000900 ) ) ;
#3408 = CARTESIAN_POINT ( 'NONE',  ( -1.821459649775647400E-014, -2.309401076758493600, 8.000000000000000000 ) ) ;
#3409 = CARTESIAN_POINT ( 'NONE',  ( -2.350480947161672300, -2.597805732212456900E-015, -5.250000000000000000 ) ) ;
#3410 = CARTESIAN_POINT ( 'NONE',  ( -2.878508968398380700E-016, -2.350480947161674100, -7.875000000000000000 ) ) ;
#3411 = CARTESIAN_POINT ( 'NONE',  ( -2.350480947161672300, -0.9736010864139278400, 2.812499999999999100 ) ) ;
#3412 = CARTESIAN_POINT ( 'NONE',  ( -2.878508968398380700E-016, -2.350480947161675400, -4.000000000000000000 ) ) ;
#3413 = CARTESIAN_POINT ( 'NONE',  ( 2.350480947161671900, -0.9736010864139277300, -2.812500000000001800 ) ) ;
#3414 = FACE_OUTER_BOUND ( 'NONE', #3400, .T. ) ;
#3415 = CARTESIAN_POINT ( 'NONE',  ( -1.090980571936513800, 1.679523149870305800, 7.690817791225387400 ) ) ;
#3416 = DIRECTION ( 'NONE',  ( -0.0000000000000000000, 1.224646799147353200E-016, -1.000000000000000000 ) ) ;
#3417 = CARTESIAN_POINT ( 'NONE',  ( -2.878508968398380700E-016, -2.350480947161678100, 4.999999999999999100 ) ) ;
#3418 = VECTOR ( 'NONE', #3234, 1000.000000000000000 ) ;
#3419 = CARTESIAN_POINT ( 'NONE',  ( 2.350480947161671900, -0.9736010864139287300, 1.312499999999999300 ) ) ;
#3420 = CARTESIAN_POINT ( 'NONE',  ( -1.662041016787797700, -1.662041016787799900, -7.000000000000000900 ) ) ;
#3421 = CARTESIAN_POINT ( 'NONE',  ( 2.350480947161672300, -3.348647876832099200E-015, -4.625000000000000900 ) ) ;
#3422 = CARTESIAN_POINT ( 'NONE',  ( -3.054126587736528900, 1.265060653844728400, 2.218750000000000400 ) ) ;
#3423 = CARTESIAN_POINT ( 'NONE',  ( 0.0000000000000000000, 8.127580809560354500E-015, 8.000000000000000000 ) ) ;
#3424 = CARTESIAN_POINT ( 'NONE',  ( 0.0000000000000000000, 2.350480947161668300, -1.500000000000000400 ) ) ;
#3425 = ORIENTED_EDGE ( 'NONE', *, *, #1650, .F. ) ;
#3426 = CARTESIAN_POINT ( 'NONE',  ( 0.0000000000000000000, 2.350480947161669200, -4.500000000000000900 ) ) ;
#3427 = ADVANCED_FACE ( 'NONE', ( #990 ), #2399, .T. ) ;
#3428 = CARTESIAN_POINT ( 'NONE',  ( 3.000000000000002200, 1.242640687119284800, -6.187499999999999100 ) ) ;
#3429 = CARTESIAN_POINT ( 'NONE',  ( 0.0000000000000000000, 0.0000000000000000000, 4.700000000000000200 ) ) ;
#3430 = CARTESIAN_POINT ( 'NONE',  ( -2.121320343559820500, -2.121320343559823100, -3.500000000000149700 ) ) ;
#3431 = ORIENTED_EDGE ( 'NONE', *, *, #1992, .T. ) ;
#3432 = AXIS2_PLACEMENT_3D ( 'NONE', #2110, #2438, #701 ) ;
#3433 = CARTESIAN_POINT ( 'NONE',  ( -0.9736010864139230700, 2.350480947161667400, 3.562500000000000000 ) ) ;
#3434 = CARTESIAN_POINT ( 'NONE',  ( 1.662041016787797500, -1.662041016787802400, 1.249999999999999300 ) ) ;
#3435 = CARTESIAN_POINT ( 'NONE',  ( -2.350480947161672300, -2.913058363904395600E-015, -4.125000000000000000 ) ) ;
#3436 = CARTESIAN_POINT ( 'NONE',  ( 0.0000000000000000000, 2.350480947161667000, 3.499999999999999600 ) ) ;
#3437 = CARTESIAN_POINT ( 'NONE',  ( -3.740226349862368200E-016, -3.054126587736533800, 1.531249999999999600 ) ) ;
#3438 = CARTESIAN_POINT ( 'NONE',  ( 3.673940397442059900E-016, -2.999999999999999600, -8.000000000000000000 ) ) ;
#3439 = CARTESIAN_POINT ( 'NONE',  ( 2.350480947161671900, -0.9736010864139272900, -4.812500000000000900 ) ) ;
#3440 = CARTESIAN_POINT ( 'NONE',  ( -1.662041016787797500, 1.662041016787793900, -1.375000000000000400 ) ) ;
#3441 = CARTESIAN_POINT ( 'NONE',  ( 2.042628981399507500, -1.172953128956986800, -7.749519052838325100 ) ) ;
#3442 = CARTESIAN_POINT ( 'NONE',  ( -2.000000000000003100, 1.154700538379250800, 8.000000000000000000 ) ) ;
#3443 = ORIENTED_EDGE ( 'NONE', *, *, #1554, .F. ) ;
#3444 = CARTESIAN_POINT ( 'NONE',  ( 0.9736010864139224000, -2.350480947161678500, 5.062500000000000900 ) ) ;
#3445 = CARTESIAN_POINT ( 'NONE',  ( -2.878508968398380700E-016, -2.350480947161677700, 4.125000000000000000 ) ) ;
#3446 = ORIENTED_EDGE ( 'NONE', *, *, #492, .T. ) ;
#3447 = ADVANCED_FACE ( 'NONE', ( #1629 ), #2135, .T. ) ;
#3448 = CARTESIAN_POINT ( 'NONE',  ( -2.878508968398380700E-016, -2.350480947161675400, -3.875000000000000000 ) ) ;
#3449 = CARTESIAN_POINT ( 'NONE',  ( 0.9736010864139224000, -2.350480947161677700, 3.062499999999999100 ) ) ;
#3450 = CARTESIAN_POINT ( 'NONE',  ( 0.0000000000000000000, 3.054126587736524500, 1.031250000000000900 ) ) ;
#3451 = CARTESIAN_POINT ( 'NONE',  ( -0.9736010864139230700, 2.350480947161667900, -0.4375000000000003300 ) ) ;
#3452 = CARTESIAN_POINT ( 'NONE',  ( 1.662041016787797900, 1.662041016787794100, -3.625000000000000400 ) ) ;
#3453 = CARTESIAN_POINT ( 'NONE',  ( 0.6331396523945767000, 2.421984744510875800, -7.616627729271426600 ) ) ;
#3454 =( BOUNDED_CURVE ( )  B_SPLINE_CURVE ( 2, ( #2309, #13, #3430, #2014, #2269, #1456, #241, #281, #2894 ),
 .UNSPECIFIED., .F., .F. ) 
 B_SPLINE_CURVE_WITH_KNOTS ( ( 3, 2, 2, 2, 3 ),
 ( 0.1522521072325364900, 0.1546094065528216300, 0.1569667058731067700, 0.1593240051933919000, 0.1616813045136770400 ),
 .UNSPECIFIED. ) 
 CURVE ( )  GEOMETRIC_REPRESENTATION_ITEM ( )  RATIONAL_B_SPLINE_CURVE ( ( 1.000000000000374800, 0.9238795325109119300, 1.000000000000000000, 0.9238795325112867400, 1.000000000000000000, 0.9238795325112867400, 1.000000000000000000, 0.9238795325114268500, 0.9999999999998598900 ) ) 
 REPRESENTATION_ITEM ( '' )  );
#3455 = CARTESIAN_POINT ( 'NONE',  ( -0.6574737410325607300, 1.929808435388244800, 7.720701438624383100 ) ) ;
#3456 = CARTESIAN_POINT ( 'NONE',  ( 1.265060653844732400, -3.054126587736532900, -7.343750000000006200 ) ) ;
#3457 = EDGE_CURVE ( 'NONE', #731, #1078, #38, .T. ) ;
#3458 = CARTESIAN_POINT ( 'NONE',  ( -2.350480947161672300, 0.9736010864139195100, -2.187500000000000400 ) ) ;
#3459 = CARTESIAN_POINT ( 'NONE',  ( -3.740226349862368200E-016, -3.054126587736531600, -6.468750000000000900 ) ) ;
#3460 = CARTESIAN_POINT ( 'NONE',  ( -2.159593620790631000, -2.159593620790635900, 2.406250000000000400 ) ) ;
#3461 = CARTESIAN_POINT ( 'NONE',  ( 3.000000000000002700, -4.974169609272360400E-015, 0.7500000000000012200 ) ) ;
#3462 = CARTESIAN_POINT ( 'NONE',  ( -1.637762250629535500, 1.998961831672870300, -7.521645812576682700 ) ) ;
#3463 = PERSON_AND_ORGANIZATION ( #162, #2568 ) ;
#3464 = CARTESIAN_POINT ( 'NONE',  ( -0.9736010864139230700, 2.350480947161667900, 2.562499999999998700 ) ) ;
#3465 = VECTOR ( 'NONE', #1958, 1000.000000000000000 ) ;
#3466 = CARTESIAN_POINT ( 'NONE',  ( 1.662041016787797500, -1.662041016787801900, 0.1250000000000001100 ) ) ;
#3467 = ADVANCED_FACE ( 'NONE', ( #1066 ), #88, .T. ) ;
#3468 = CARTESIAN_POINT ( 'NONE',  ( -3.673940397442062800E-016, -3.000000000000007100, -0.4999999999999998900 ) ) ;
#3469 = CARTESIAN_POINT ( 'NONE',  ( -3.054126587736528900, -1.265060653844735300, -6.593750000000004400 ) ) ;
#3470 = CARTESIAN_POINT ( 'NONE',  ( -1.680970813925585400, -1.338892124838662900, 7.831434952634134900 ) ) ;
#3471 = CARTESIAN_POINT ( 'NONE',  ( -2.350480947161672300, -3.753732048416232300E-015, -1.125000000000000200 ) ) ;
#3472 = CARTESIAN_POINT ( 'NONE',  ( -3.054126587736528900, -1.265060653844735300, -4.656250000000000000 ) ) ;
#3473 = EDGE_CURVE ( 'NONE', #1494, #2268, #1903, .T. ) ;
#3474 = CARTESIAN_POINT ( 'NONE',  ( 0.0000000000000000000, 3.054126587736524900, -0.9687500000000000000 ) ) ;
#3475 = ORIENTED_EDGE ( 'NONE', *, *, #1267, .F. ) ;
#3476 = CARTESIAN_POINT ( 'NONE',  ( -2.666825968282982900, -0.3008931028015748300, -7.421907246119239700 ) ) ;
#3477 = CARTESIAN_POINT ( 'NONE',  ( -1.662041016787797500, 1.662041016787793300, 0.6249999999999987800 ) ) ;
#3478 = CARTESIAN_POINT ( 'NONE',  ( -1.662041016787797500, 1.662041016787793700, -0.3750000000000003300 ) ) ;
#3479 = VERTEX_POINT ( 'NONE', #226 ) ;
#3480 = CARTESIAN_POINT ( 'NONE',  ( 1.242640687125906400, -2.999999999993825800, 1.687500000000277300 ) ) ;
#3481 = DIRECTION ( 'NONE',  ( -0.0000000000000000000, 1.224646799147353200E-016, -1.000000000000000000 ) ) ;
#3482 = CARTESIAN_POINT ( 'NONE',  ( -3.673940397442062800E-016, -3.000000000000008000, 2.500000000000001300 ) ) ;
#3483 = CARTESIAN_POINT ( 'NONE',  ( 2.159593620790630600, -2.159593620790633700, -6.281250000000005300 ) ) ;
#3484 = DIRECTION ( 'NONE',  ( -0.0000000000000000000, 1.224646799147353200E-016, -1.000000000000000000 ) ) ;
#3485 = CARTESIAN_POINT ( 'NONE',  ( 1.662041016787797900, 1.662041016787793500, -2.500000000000000400 ) ) ;
#3486 = CARTESIAN_POINT ( 'NONE',  ( 0.0000000000000000000, 3.054126587736525800, -4.968750000000000000 ) ) ;
#3487 = CARTESIAN_POINT ( 'NONE',  ( -3.054126587736528900, -5.505834776477684500E-015, 5.281249999999999100 ) ) ;
#3488 = DIRECTION ( 'NONE',  ( 0.0000000000000000000, -1.000000000000000000, 0.0000000000000000000 ) ) ;
#3489 = CARTESIAN_POINT ( 'NONE',  ( -2.648251385186607200, -0.4739178615910546500, -7.415396636407520800 ) ) ;
#3490 = CARTESIAN_POINT ( 'NONE',  ( 0.9736010864139245100, 2.350480947161667900, 0.4375000000000003300 ) ) ;
#3491 = VERTEX_POINT ( 'NONE', #588 ) ;
#3492 = CARTESIAN_POINT ( 'NONE',  ( 2.350480947161672300, -4.714742614163834400E-015, 0.2500000000000002200 ) ) ;
#3493 = VERTEX_POINT ( 'NONE', #2585 ) ;
#3494 = DIRECTION ( 'NONE',  ( -0.0000000000000000000, 1.224646799147353200E-016, -1.000000000000000000 ) ) ;
#3495 = CARTESIAN_POINT ( 'NONE',  ( 0.0000000000000000000, 2.999999999999998700, -0.9999999999999993300 ) ) ;
#3496 = CARTESIAN_POINT ( 'NONE',  ( 2.999999999999998700, -1.242640687119292100, 3.812499999999997800 ) ) ;
#3497 = ORIENTED_EDGE ( 'NONE', *, *, #3390, .T. ) ;
#3498 = CARTESIAN_POINT ( 'NONE',  ( 2.494823848859121900, -0.5978928456629900600, -7.541676524528691400 ) ) ;
#3499 = CARTESIAN_POINT ( 'NONE',  ( 3.054126587736528900, -3.048811624248779200E-015, -6.156250000000004400 ) ) ;
#3500 = CARTESIAN_POINT ( 'NONE',  ( -1.242640687119275000, -3.000000000000017800, -2.562499999999998700 ) ) ;
#3501 = CARTESIAN_POINT ( 'NONE',  ( -0.9736010864139230700, 2.350480947161667900, 1.687499999999999800 ) ) ;
#3502 = CARTESIAN_POINT ( 'NONE',  ( -3.054126587736528900, -1.862915476926391200E-015, -7.718750000000000000 ) ) ;
#3503 = CARTESIAN_POINT ( 'NONE',  ( 1.265060653844732400, -3.054126587736534700, 3.593749999999999600 ) ) ;
#3504 = CARTESIAN_POINT ( 'NONE',  ( 2.823606946922948300, 0.5064618808451124600, 4.700000000000002800 ) ) ;
#3505 = CARTESIAN_POINT ( 'NONE',  ( 1.662041016787797900, 1.662041016787792400, 2.375000000000000400 ) ) ;
#3506 = CARTESIAN_POINT ( 'NONE',  ( -1.662041016787797700, -1.662041016787801700, 0.8749999999999990000 ) ) ;
#3507 =( BOUNDED_CURVE ( )  B_SPLINE_CURVE ( 2, ( #1767, #1200, #1481, #1169, #3509, #3216, #334, #1796, #2057 ),
 .UNSPECIFIED., .F., .T. ) 
 B_SPLINE_CURVE_WITH_KNOTS ( ( 3, 2, 2, 2, 3 ),
 ( 0.03911880041000234000, 0.04147551252405614500, 0.04383222463810995000, 0.04618893675216378900, 0.04854564886621759400 ),
 .UNSPECIFIED. ) 
 CURVE ( )  GEOMETRIC_REPRESENTATION_ITEM ( )  RATIONAL_B_SPLINE_CURVE ( ( 1.000000000000002900, 0.9238795325112838500, 1.000000000000000000, 0.9238795325112867400, 1.000000000000000000, 0.9238795325112867400, 1.000000000000000000, 0.9238795325113103900, 0.9999999999999763500 ) ) 
 REPRESENTATION_ITEM ( '' )  );
#3508 = AXIS2_PLACEMENT_3D ( 'NONE', #2698, #1577, #659 ) ;
#3509 = CARTESIAN_POINT ( 'NONE',  ( -3.000000000000034600, -4.694746442227850300E-015, 2.374999999999976000 ) ) ;
#3510 = CARTESIAN_POINT ( 'NONE',  ( 2.159593620790631000, 2.159593620790627400, -4.031250000000002700 ) ) ;
#3511 = CARTESIAN_POINT ( 'NONE',  ( -3.673940397442062800E-016, -3.000000000000006700, -1.499999999999999100 ) ) ;
#3512 = LINE ( 'NONE', #1441, #445 ) ;
#3513 = CARTESIAN_POINT ( 'NONE',  ( -1.662041016787797700, -1.662041016787801700, 0.0000000000000000000 ) ) ;
#3514 = FACE_OUTER_BOUND ( 'NONE', #744, .T. ) ;
#3515 = CARTESIAN_POINT ( 'NONE',  ( -1.265060653844732700, 3.054126587736527100, -5.906249999999999100 ) ) ;
#3516 = CARTESIAN_POINT ( 'NONE',  ( 2.350480947161672300, -2.507974192320261600E-015, -7.625000000000000900 ) ) ;
#3517 = PLANE ( 'NONE',  #2300 ) ;
#3518 = CARTESIAN_POINT ( 'NONE',  ( 2.350480947161672300, -4.189321561343935500E-015, -1.625000000000000700 ) ) ;
#3519 = CARTESIAN_POINT ( 'NONE',  ( -1.242640687120468000, 2.999999999998813800, -1.812499999999917600 ) ) ;
#3520 = VERTEX_POINT ( 'NONE', #266 ) ;
#3521 = CARTESIAN_POINT ( 'NONE',  ( -1.265060653844733100, -3.054126587736532900, -1.468750000000005800 ) ) ;
#3522 = CARTESIAN_POINT ( 'NONE',  ( 0.0000000000000000000, 6.279894725374701700E-016, -8.000000000000000000 ) ) ;
#3523 = ORIENTED_EDGE ( 'NONE', *, *, #2766, .F. ) ;
#3524 = CARTESIAN_POINT ( 'NONE',  ( 1.662041016787797500, -1.662041016787802800, 2.250000000000000400 ) ) ;
#3525 = CARTESIAN_POINT ( 'NONE',  ( 1.265060653844732400, -3.054126587736533800, -2.406250000000000400 ) ) ;
#3526 = EDGE_CURVE ( 'NONE', #107, #1797, #1161, .T. ) ;
#3527 = CARTESIAN_POINT ( 'NONE',  ( -0.9736010864139230700, 2.350480947161670100, -7.312500000000000900 ) ) ;
#3528 = CARTESIAN_POINT ( 'NONE',  ( 0.0000000000000000000, 6.279894725374701700E-016, -8.000000000000000000 ) ) ;
#3529 = CARTESIAN_POINT ( 'NONE',  ( -1.662041016787797700, -1.662041016787802800, 4.874999999999999100 ) ) ;
#3530 = CARTESIAN_POINT ( 'NONE',  ( -2.350480947161672300, -3.753732048416232300E-015, -1.125000000000000200 ) ) ;
#3531 = DIRECTION ( 'NONE',  ( 0.0000000000000000000, 0.0000000000000000000, 1.000000000000000000 ) ) ;
#3532 = CARTESIAN_POINT ( 'NONE',  ( -3.000000000000002700, -1.242640687119289900, -1.687499999999999300 ) ) ;
#3533 = CARTESIAN_POINT ( 'NONE',  ( -2.121320343559643300, 2.121320343559639700, -1.750000000000002000 ) ) ;
#3534 = EDGE_CURVE ( 'NONE', #1494, #1320, #2993, .T. ) ;
#3535 = CARTESIAN_POINT ( 'NONE',  ( 0.0000000000000000000, 3.054126587736524900, 0.09374999999999834900 ) ) ;
#3536 = CARTESIAN_POINT ( 'NONE',  ( 2.121320343559644600, 2.121320343559639700, -2.124999999999999600 ) ) ;
#3537 = CARTESIAN_POINT ( 'NONE',  ( 0.9736010864139245100, 2.350480947161668800, -4.562500000000000900 ) ) ;
#3538 = ORIENTED_EDGE ( 'NONE', *, *, #119, .F. ) ;
#3539 = CARTESIAN_POINT ( 'NONE',  ( 2.350480947161672300, -4.469546122847881900E-015, -0.6250000000000005600 ) ) ;
#3540 = CARTESIAN_POINT ( 'NONE',  ( -2.159593620790631000, -2.159593620790634500, -1.593749999999999800 ) ) ;
#3541 = CARTESIAN_POINT ( 'NONE',  ( -1.265060653844733100, -3.054126587736534700, 5.468749999999999100 ) ) ;
#3542 = VERTEX_POINT ( 'NONE', #3171 ) ;
#3543 = CARTESIAN_POINT ( 'NONE',  ( 0.9736010864139245100, 2.350480947161667900, -2.437500000000000400 ) ) ;
#3544 = ADVANCED_FACE ( 'NONE', ( #2213 ), #1541, .T. ) ;
#3545 = CARTESIAN_POINT ( 'NONE',  ( -2.000000000000000000, -1.154700538379251700, 5.690000000000000400 ) ) ;
#3546 = CARTESIAN_POINT ( 'NONE',  ( -0.9736010864139230700, 2.350480947161670600, -8.437500000000000000 ) ) ;
#3547 = CARTESIAN_POINT ( 'NONE',  ( 3.054126587736528900, -3.889485308760616000E-015, -3.156250000000004400 ) ) ;
#3548 = CARTESIAN_POINT ( 'NONE',  ( 2.309401076758501100, 8.127580809560354500E-015, 8.000000000000000000 ) ) ;
#3549 = CARTESIAN_POINT ( 'NONE',  ( 0.9736010864139245100, 2.350480947161668800, -3.562500000000000900 ) ) ;
#3550 = EDGE_CURVE ( 'NONE', #1118, #277, #541, .T. ) ;
#3551 = CARTESIAN_POINT ( 'NONE',  ( 2.350480947161671900, -0.9736010864139286200, 0.3125000000000002800 ) ) ;
#3552 = CARTESIAN_POINT ( 'NONE',  ( 2.159593620790631000, 2.159593620790626600, -2.093750000000000000 ) ) ;
#3553 = CARTESIAN_POINT ( 'NONE',  ( -1.662041016787797500, 1.662041016787795000, -6.250000000000000000 ) ) ;
#3554 = CARTESIAN_POINT ( 'NONE',  ( 2.933669652629328400, -0.4078414499583091200, 4.699999999999999300 ) ) ;
#3555 = DIRECTION ( 'NONE',  ( 0.4999999999999998300, -0.8660254037844388200, 0.0000000000000000000 ) ) ;
#3556 = CARTESIAN_POINT ( 'NONE',  ( -2.350480947161672300, -3.473507486912287200E-015, -2.125000000000000000 ) ) ;
#3557 = FACE_OUTER_BOUND ( 'NONE', #487, .T. ) ;
#3558 = AXIS2_PLACEMENT_3D ( 'NONE', #1189, #884, #1813 ) ;
#3559 = DATE_TIME_ROLE ( 'classification_date' ) ;
#3560 = CARTESIAN_POINT ( 'NONE',  ( -1.242640687119286300, 2.999999999999998700, -1.937499999999999300 ) ) ;
#3561 = CARTESIAN_POINT ( 'NONE',  ( 0.0000000000000000000, -9.273119623796684600E-016, 4.700000000000001100 ) ) ;
#3562 = CIRCLE ( 'NONE', #2743, 6.000000000000000000 ) ;
#3563 = CARTESIAN_POINT ( 'NONE',  ( -2.121320343559644600, -2.121320343559646800, -6.625000000000000900 ) ) ;
#3564 = ORIENTED_EDGE ( 'NONE', *, *, #1347, .F. ) ;
#3565 = CARTESIAN_POINT ( 'NONE',  ( 2.159593620790631000, 2.159593620790627000, -3.031250000000002700 ) ) ;
#3566 = CARTESIAN_POINT ( 'NONE',  ( -2.000000000000000000, 0.4011931755287809200, 7.721993068227582100 ) ) ;
#3567 = CARTESIAN_POINT ( 'NONE',  ( -0.9736010864139231800, -2.350480947161675400, -4.062500000000000000 ) ) ;
#3568 = CARTESIAN_POINT ( 'NONE',  ( 3.000000000000014700, 1.242640687119288500, -0.06250000000001113000 ) ) ;
#3569 = CARTESIAN_POINT ( 'NONE',  ( 0.0000000000000000000, 3.054126587736525800, -2.968750000000000000 ) ) ;
#3570 = CARTESIAN_POINT ( 'NONE',  ( -1.662041016787797700, -1.662041016787800100, -6.000000000000000000 ) ) ;
#3571 = CARTESIAN_POINT ( 'NONE',  ( 2.350480947161671900, 0.9736010864139202900, -3.562500000000000400 ) ) ;
#3572 = CARTESIAN_POINT ( 'NONE',  ( -2.878508968398380700E-016, -2.350480947161675900, -2.875000000000000900 ) ) ;
#3573 = VERTEX_POINT ( 'NONE', #2847 ) ;
#3574 = CARTESIAN_POINT ( 'NONE',  ( 3.000000000000002200, 1.242640687119284300, -5.187500000000000000 ) ) ;
#3575 = CARTESIAN_POINT ( 'NONE',  ( -3.673940397442062800E-016, -3.000000000000008000, 3.500000000000000000 ) ) ;
#3576 = ORIENTED_EDGE ( 'NONE', *, *, #3457, .F. ) ;
#3577 = CARTESIAN_POINT ( 'NONE',  ( 2.159593620790630600, -2.159593620790635000, -1.281250000000006400 ) ) ;
#3578 = CARTESIAN_POINT ( 'NONE',  ( -2.350480947161672300, 0.9736010864139201800, -4.312500000000000900 ) ) ;
#3579 = CARTESIAN_POINT ( 'NONE',  ( 2.350480947161672300, -5.870668930367610600E-015, 4.375000000000000000 ) ) ;
#3580 = CARTESIAN_POINT ( 'NONE',  ( -2.878508968398380700E-016, -2.350480947161675000, -4.875000000000000900 ) ) ;
#3581 = CARTESIAN_POINT ( 'NONE',  ( 2.350480947161672300, -2.788198753824207200E-015, -6.625000000000000900 ) ) ;
#3582 = CARTESIAN_POINT ( 'NONE',  ( 0.0000000000000000000, 2.999999999999998200, 1.000000000000001600 ) ) ;
#3583 = CC_DESIGN_APPROVAL ( #749, ( #168 ) ) ;
#3584 = CARTESIAN_POINT ( 'NONE',  ( -1.662041016787797500, 1.662041016787793500, -0.2500000000000002200 ) ) ;
#3585 = CARTESIAN_POINT ( 'NONE',  ( 1.662041016787797500, -1.662041016787800100, -6.875000000000000900 ) ) ;
#3586 = ORIENTED_EDGE ( 'NONE', *, *, #3650, .T. ) ;
#3587 = CARTESIAN_POINT ( 'NONE',  ( 1.999999999999999600, 0.2033615549488396700, 7.690598923241498900 ) ) ;
#3588 = EDGE_CURVE ( 'NONE', #1069, #113, #722, .T. ) ;
#3589 = CARTESIAN_POINT ( 'NONE',  ( -3.054126587736528900, -4.122226004051953100E-015, 0.3437499999999951200 ) ) ;
#3590 = CARTESIAN_POINT ( 'NONE',  ( -2.000000000000000000, -1.154700538379239700, 8.000000000000000000 ) ) ;
#3591 = CARTESIAN_POINT ( 'NONE',  ( 1.662041016787797900, 1.662041016787793700, -2.625000000000000400 ) ) ;
#3592 = VERTEX_POINT ( 'NONE', #279 ) ;
#3593 = CARTESIAN_POINT ( 'NONE',  ( 2.350480947161672300, -3.068423315328153200E-015, -5.625000000000000900 ) ) ;
#3594 = CARTESIAN_POINT ( 'NONE',  ( 2.350480947161671900, 0.9736010864139182900, 3.437499999999999600 ) ) ;
#3595 = CARTESIAN_POINT ( 'NONE',  ( 1.242640687119267200, 3.000000000000372100, -2.937500000000138600 ) ) ;
#3596 = CARTESIAN_POINT ( 'NONE',  ( -1.662041016787797700, -1.662041016787800100, -5.125000000000000900 ) ) ;
#3597 = CARTESIAN_POINT ( 'NONE',  ( 3.054126587736528900, -5.570832677784291000E-015, 2.843749999999995600 ) ) ;
#3598 = CARTESIAN_POINT ( 'NONE',  ( -3.673940397442055400E-016, -3.000000000000000900, 0.6249999999999971100 ) ) ;
#3599 = VECTOR ( 'NONE', #2925, 1000.000000000000000 ) ;
#3600 = CARTESIAN_POINT ( 'NONE',  ( 0.0000000000000000000, 2.350480947161668300, -0.5000000000000004400 ) ) ;
#3601 = EDGE_CURVE ( 'NONE', #2091, #2142, #1370, .T. ) ;
#3602 = CARTESIAN_POINT ( 'NONE',  ( -1.662041016787797500, 1.662041016787791900, 4.749999999999999100 ) ) ;
#3603 = CARTESIAN_POINT ( 'NONE',  ( -1.662041016787797700, -1.662041016787799900, -7.000000000000000900 ) ) ;
#3604 = FACE_OUTER_BOUND ( 'NONE', #1223, .T. ) ;
#3605 = CARTESIAN_POINT ( 'NONE',  ( 2.350480947161671900, 0.9736010864139190700, 0.4375000000000003300 ) ) ;
#3606 = FACE_OUTER_BOUND ( 'NONE', #2967, .T. ) ;
#3607 = CARTESIAN_POINT ( 'NONE',  ( 1.435689888279318500, -1.480505133287616000, 7.750871006163262000 ) ) ;
#3608 = CARTESIAN_POINT ( 'NONE',  ( 0.9736010864139245100, 2.350480947161669200, -5.562500000000002700 ) ) ;
#3609 = CARTESIAN_POINT ( 'NONE',  ( 2.350480947161672300, -2.753170683636214500E-015, -6.750000000000000900 ) ) ;
#3610 = CARTESIAN_POINT ( 'NONE',  ( 1.265060653844732400, -3.054126587736534700, 3.656249999999994700 ) ) ;
#3611 = CARTESIAN_POINT ( 'NONE',  ( 0.0000000000000000000, 3.000000000000000400, 1.124999999999996400 ) ) ;
#3612 = CARTESIAN_POINT ( 'NONE',  ( 2.350480947161671900, 0.9736010864139190700, 0.3125000000000002800 ) ) ;
#3613 = ORIENTED_EDGE ( 'NONE', *, *, #1459, .F. ) ;
#3614 = CARTESIAN_POINT ( 'NONE',  ( 1.662041016787797500, -1.662041016787803700, 5.249999999999999100 ) ) ;
#3615 = CARTESIAN_POINT ( 'NONE',  ( 2.350480947161671900, -0.9736010864139272900, -4.687500000000000900 ) ) ;
#3616 = ORIENTED_EDGE ( 'NONE', *, *, #1267, .T. ) ;
#3617 = CARTESIAN_POINT ( 'NONE',  ( 1.662041016787797900, 1.662041016787792400, 1.499999999999999600 ) ) ;
#3618 = CARTESIAN_POINT ( 'NONE',  ( -3.673940397442055400E-016, -2.999999999999999100, -4.375000000000001800 ) ) ;
#3619 = B_SPLINE_CURVE_WITH_KNOTS ( 'NONE', 3,
 ( #49, #1527, #2080, #2115, #2101, #639, #1261, #329, #2364, #626, #2652, #2664, #1515, #915, #1207, #665, #2675, #357, #3242, #2962 ),
 .UNSPECIFIED., .F., .F.,
 ( 4, 2, 2, 2, 2, 2, 2, 2, 2, 4 ),
 ( 0.0000000000000000000, 0.0007882643915819961000, 0.001576528783163992200, 0.002364793174745988100, 0.003153057566327984400, 0.003941321957909980700, 0.004335454153700978900, 0.004729586349491976200, 0.005517850741073972500, 0.006306115132655968800 ),
 .UNSPECIFIED. ) ;
#3620 = CARTESIAN_POINT ( 'NONE',  ( 2.347381737265577900, 0.9767002963100157600, -7.687218638315472100 ) ) ;
#3621 =( BOUNDED_CURVE ( )  B_SPLINE_CURVE ( 2, ( #1930, #2510, #771, #3338, #1651, #734, #746, #2767, #1031 ),
 .UNSPECIFIED., .F., .T. ) 
 B_SPLINE_CURVE_WITH_KNOTS ( ( 3, 2, 2, 2, 3 ),
 ( 0.5357142857142858100, 0.5446428571428572100, 0.5535714285714286000, 0.5625000000000000000, 0.5714285714285714000 ),
 .UNSPECIFIED. ) 
 CURVE ( )  GEOMETRIC_REPRESENTATION_ITEM ( )  RATIONAL_B_SPLINE_CURVE ( ( 0.9999999999999990000, 0.9238795325112877400, 1.000000000000000000, 0.9238795325112867400, 1.000000000000000000, 0.9238795325112867400, 1.000000000000000000, 0.9238795325112867400, 1.000000000000000000 ) ) 
 REPRESENTATION_ITEM ( '' )  );
#3622 = CARTESIAN_POINT ( 'NONE',  ( 1.662041016787797500, -1.662041016787800400, -5.875000000000000000 ) ) ;
#3623 = CARTESIAN_POINT ( 'NONE',  ( -3.054126587736528900, -4.682675127059844300E-015, 2.343749999999995100 ) ) ;
#3624 = B_SPLINE_CURVE_WITH_KNOTS ( 'NONE', 3,
 ( #3630, #2499, #1895, #1325, #3049, #3649, #760, #1919, #2492, #743, #1598, #3061, #3372, #2785, #2778, #2765 ),
 .UNSPECIFIED., .F., .F.,
 ( 4, 2, 2, 2, 2, 2, 2, 4 ),
 ( 0.0000000000000000000, 0.0006302187500400035100, 0.001260437500080007000, 0.002520875000160013600, 0.003151093750200016500, 0.003781312500240018900, 0.004411531250280022200, 0.005041750000320024600 ),
 .UNSPECIFIED. ) ;
#3625 = CARTESIAN_POINT ( 'NONE',  ( 0.0000000000000000000, 6.279894725374701700E-016, -8.000000000000000000 ) ) ;
#3626 = CARTESIAN_POINT ( 'NONE',  ( 1.242640687128178500, -2.999999999991112400, -1.312499999999372900 ) ) ;
#3627 = CARTESIAN_POINT ( 'NONE',  ( -2.878508968398380700E-016, -2.350480947161676300, -0.8750000000000007800 ) ) ;
#3628 = ORIENTED_EDGE ( 'NONE', *, *, #686, .F. ) ;
#3629 = CARTESIAN_POINT ( 'NONE',  ( 2.350480947161671900, -0.9736010864139290600, 2.312500000000000900 ) ) ;
#3630 = CARTESIAN_POINT ( 'NONE',  ( 2.961191803811029200, 0.4809813936550799100, -7.099999999999998800 ) ) ;
#3631 = EDGE_LOOP ( 'NONE', ( #3564, #229, #1876, #2198, #1582, #764, #3703, #2645, #1190, #1642, #2420, #780, #2228, #1000, #3475, #330, #2010, #3219, #1087, #2, #2857, #3271, #974, #154, #1596, #464, #2690, #2685 ) ) ;
#3632 = CARTESIAN_POINT ( 'NONE',  ( -2.350480947161672300, 0.9736010864139205100, -6.312500000000000000 ) ) ;
#3633 = CARTESIAN_POINT ( 'NONE',  ( -2.159593620790630600, 2.159593620790627000, 0.2187499999999967200 ) ) ;
#3634 = CARTESIAN_POINT ( 'NONE',  ( 2.999999999999997800, -1.242640687119291200, 0.8124999999999974500 ) ) ;
#3635 = AXIS2_PLACEMENT_3D ( 'NONE', #3423, #222, #2278 ) ;
#3636 = CARTESIAN_POINT ( 'NONE',  ( 0.0000000000000000000, 3.000000000000000000, -5.875000000000002700 ) ) ;
#3637 = CARTESIAN_POINT ( 'NONE',  ( -2.350480947161672300, -3.473507486912287200E-015, -2.125000000000000000 ) ) ;
#3638 = CARTESIAN_POINT ( 'NONE',  ( 1.662041016787797900, 1.662041016787795000, -6.625000000000000900 ) ) ;
#3639 = CARTESIAN_POINT ( 'NONE',  ( 2.999999999999999100, -1.242640687119290100, -4.187500000000003600 ) ) ;
#3640 = CARTESIAN_POINT ( 'NONE',  ( 0.0000000000000000000, 8.127580809560354500E-015, 8.000000000000000000 ) ) ;
#3641 = LINE ( 'NONE', #666, #2285 ) ;
#3642 = CARTESIAN_POINT ( 'NONE',  ( 1.999999999999999600, -1.154700538379253000, 5.690000000000000400 ) ) ;
#3643 = FACE_OUTER_BOUND ( 'NONE', #1891, .T. ) ;
#3644 = LINE ( 'NONE', #454, #3071 ) ;
#3645 = CARTESIAN_POINT ( 'NONE',  ( 1.242640687119282300, 3.000000000000004400, -4.062499999999999100 ) ) ;
#3646 = CARTESIAN_POINT ( 'NONE',  ( -2.350480947161672300, 0.9736010864139187400, 0.8124999999999990000 ) ) ;
#3647 = CYLINDRICAL_SURFACE ( 'NONE', #1429, 3.000000000000000000 ) ;
#3648 = CARTESIAN_POINT ( 'NONE',  ( 1.662041016787797500, -1.662041016787803700, 5.249999999999999100 ) ) ;
#3649 = CARTESIAN_POINT ( 'NONE',  ( 2.733465679321814600, -1.169099849029992400, -7.156599114044872100 ) ) ;
#3650 = EDGE_CURVE ( 'NONE', #1797, #2918, #2457, .T. ) ;
#3651 = ORIENTED_EDGE ( 'NONE', *, *, #965, .T. ) ;
#3652 = CARTESIAN_POINT ( 'NONE',  ( 2.159593620790630600, -2.159593620790636800, 4.718749999999993800 ) ) ;
#3653 = CARTESIAN_POINT ( 'NONE',  ( -2.121320343559650400, -2.121320343559653000, -4.500000000000010700 ) ) ;
#3654 = CARTESIAN_POINT ( 'NONE',  ( 3.000000000000002200, 1.242640687119284100, -4.187500000000000000 ) ) ;
#3655 = ORIENTED_EDGE ( 'NONE', *, *, #3650, .F. ) ;
#3656 = CARTESIAN_POINT ( 'NONE',  ( 2.350480947161672300, -3.909096999839989900E-015, -2.625000000000000400 ) ) ;
#3657 = CARTESIAN_POINT ( 'NONE',  ( -2.878508968398380700E-016, -2.350480947161674500, -7.000000000000000900 ) ) ;
#3658 = CARTESIAN_POINT ( 'NONE',  ( 0.9736010864139245100, 2.350480947161669200, -5.437500000000001800 ) ) ;
#3659 = CARTESIAN_POINT ( 'NONE',  ( -1.884917364570670900, 1.412645430771397100, 4.700000000000002800 ) ) ;
#3660 = EDGE_CURVE ( 'NONE', #2966, #3079, #2883, .T. ) ;
#3661 = CARTESIAN_POINT ( 'NONE',  ( 2.285992549396310800E-016, 2.309401076758503800, 5.690000000000000400 ) ) ;
#3662 = ORIENTED_EDGE ( 'NONE', *, *, #2067, .F. ) ;
#3663 = CARTESIAN_POINT ( 'NONE',  ( -1.662041016787797700, -1.662041016787801900, 1.875000000000000000 ) ) ;
#3664 = CARTESIAN_POINT ( 'NONE',  ( -0.9736010864139232900, -2.350480947161676300, -0.9375000000000000000 ) ) ;
#3665 = ORIENTED_EDGE ( 'NONE', *, *, #1506, .F. ) ;
#3666 = CARTESIAN_POINT ( 'NONE',  ( 1.662041016787797500, -1.662041016787803200, 4.250000000000000000 ) ) ;
#3667 = CARTESIAN_POINT ( 'NONE',  ( -0.9736010864139230700, 2.350480947161669700, -5.312500000000001800 ) ) ;
#3668 = CARTESIAN_POINT ( 'NONE',  ( 0.0000000000000000000, 2.350480947161669200, -4.500000000000000900 ) ) ;
#3669 = CARTESIAN_POINT ( 'NONE',  ( -3.673940397442062800E-016, -3.000000000000005300, -6.500000000000000000 ) ) ;
#3670 = CARTESIAN_POINT ( 'NONE',  ( 2.121320343559650400, -2.121320343559653500, -5.250000000000011500 ) ) ;
#3671 = CARTESIAN_POINT ( 'NONE',  ( -0.9736010864139230700, 2.350480947161667900, 0.5624999999999987800 ) ) ;
#3672 = CARTESIAN_POINT ( 'NONE',  ( 2.350480947161671900, 0.9736010864139182900, 3.312499999999999600 ) ) ;
#3673 = VECTOR ( 'NONE', #3248, 1000.000000000000000 ) ;
#3674 = CARTESIAN_POINT ( 'NONE',  ( -2.350480947161672300, -2.037356609204565000E-015, -7.250000000000000000 ) ) ;
#3675 = CARTESIAN_POINT ( 'NONE',  ( -0.9736010864139230700, 2.350480947161670600, -8.312500000000000000 ) ) ;
#3676 = CIRCLE ( 'NONE', #3237, 6.000000000000000000 ) ;
#3677 = CARTESIAN_POINT ( 'NONE',  ( -1.662041016787797500, 1.662041016787792800, 2.624999999999998700 ) ) ;
#3678 = CARTESIAN_POINT ( 'NONE',  ( 2.121320343559644600, -2.121320343559649000, -1.374999999999999800 ) ) ;
#3679 = LINE ( 'NONE', #573, #2940 ) ;
#3680 = CARTESIAN_POINT ( 'NONE',  ( 0.9736010864139224000, -2.350480947161676300, -1.937500000000001300 ) ) ;
#3681 = CARTESIAN_POINT ( 'NONE',  ( 1.662041016787797900, 1.662041016787794400, -4.625000000000000900 ) ) ;
#3682 = ADVANCED_FACE ( 'NONE', ( #352 ), #2248, .F. ) ;
#3683 = APPROVAL_DATE_TIME ( #1482, #3346 ) ;
#3684 = CARTESIAN_POINT ( 'NONE',  ( -1.242640687119428200, 2.999999999999918700, -2.812500000000019100 ) ) ;
#3685 = CARTESIAN_POINT ( 'NONE',  ( 0.0000000000000000000, 2.350480947161667900, 1.499999999999999600 ) ) ;
#3686 = CARTESIAN_POINT ( 'NONE',  ( 3.054126587736528500, 1.265060653844731800, -8.093750000000003600 ) ) ;
#3687 = CARTESIAN_POINT ( 'NONE',  ( 0.9736010864139224000, -2.350480947161677200, 1.187499999999999300 ) ) ;
#3688 = EDGE_LOOP ( 'NONE', ( #635, #1240, #415, #2591 ) ) ;
#3689 = CARTESIAN_POINT ( 'NONE',  ( 2.350480947161672300, -3.033395245140160100E-015, -5.750000000000000900 ) ) ;
#3690 = CARTESIAN_POINT ( 'NONE',  ( -2.350480947161672300, -0.9736010864139258400, -5.062500000000001800 ) ) ;
#3691 = CARTESIAN_POINT ( 'NONE',  ( -2.350480947161672300, -4.559377662740077600E-015, 1.749999999999999800 ) ) ;
#3692 = EDGE_LOOP ( 'NONE', ( #1365, #3092, #2371, #2452 ) ) ;
#3693 = CARTESIAN_POINT ( 'NONE',  ( 0.0000000000000000000, 2.999999999999999100, -2.999999999999999600 ) ) ;
#3694 = AXIS2_PLACEMENT_3D ( 'NONE', #307, #3481, #2339 ) ;
#3695 = CARTESIAN_POINT ( 'NONE',  ( 0.9736010864139245100, 2.350480947161668800, -3.562500000000000900 ) ) ;
#3696 = CARTESIAN_POINT ( 'NONE',  ( 0.9736010864139224000, -2.350480947161675400, -4.937500000000000900 ) ) ;
#3697 = CARTESIAN_POINT ( 'NONE',  ( 2.276715561539804700, -0.6040384996103608200, -7.749519052838329500 ) ) ;
#3698 = CARTESIAN_POINT ( 'NONE',  ( 1.667326742036600700, -1.656738427833330400, -7.749519053019761300 ) ) ;
#3699 = CARTESIAN_POINT ( 'NONE',  ( -1.662041016787797500, 1.662041016787792400, 3.624999999999999600 ) ) ;
#3700 = CARTESIAN_POINT ( 'NONE',  ( 1.662041016787797500, -1.662041016787802800, 2.250000000000000400 ) ) ;
#3701 = ADVANCED_FACE ( 'NONE', ( #3074 ), #2616, .F. ) ;
#3702 = CARTESIAN_POINT ( 'NONE',  ( -1.662041016787797500, 1.662041016787795500, -7.250000000000000000 ) ) ;
#3703 = ORIENTED_EDGE ( 'NONE', *, *, #1589, .F. ) ;
#3704 = ORIENTED_EDGE ( 'NONE', *, *, #2805, .T. ) ;
#3705 = CARTESIAN_POINT ( 'NONE',  ( -3.740226349862368200E-016, -3.054126587736533300, -0.4687500000000004400 ) ) ;
#3706 = PRODUCT ( '91294A238_Black-Oxide Alloy Steel Hex Drive Flat Head Screw', '91294A238_Black-Oxide Alloy Steel Hex Drive Flat Head Screw', '', ( #1823 ) ) ;
#3707 = EDGE_CURVE ( 'NONE', #140, #53, #1440, .T. ) ;
#3708 = CARTESIAN_POINT ( 'NONE',  ( -0.9736010864139230700, 2.350480947161669200, -4.437500000000000900 ) ) ;
#3709 = ORIENTED_EDGE ( 'NONE', *, *, #1285, .T. ) ;
#3710 = CARTESIAN_POINT ( 'NONE',  ( -1.662041016787797700, -1.662041016787800600, -4.125000000000000000 ) ) ;
#3711 = CARTESIAN_POINT ( 'NONE',  ( 0.0000000000000000000, 6.279894725374701700E-016, -8.000000000000000000 ) ) ;
#3712 = CARTESIAN_POINT ( 'NONE',  ( -2.350480947161672300, -5.119826785747968700E-015, 3.750000000000000000 ) ) ;
#3713 = CARTESIAN_POINT ( 'NONE',  ( 2.350480947161672300, -5.870668930367610600E-015, 4.375000000000000000 ) ) ;
#3714 = EDGE_CURVE ( 'NONE', #996, #3573, #673, .T. ) ;
#3715 = CARTESIAN_POINT ( 'NONE',  ( -2.350480947161672300, -0.9736010864139264000, -2.062500000000000000 ) ) ;
#3716 = CARTESIAN_POINT ( 'NONE',  ( -2.350480947161672300, -0.9736010864139276200, 1.812500000000000000 ) ) ;
#3717 = CARTESIAN_POINT ( 'NONE',  ( -1.265060653844732700, 3.054126587736524900, 0.09375000000000008300 ) ) ;
#3718 = CARTESIAN_POINT ( 'NONE',  ( 0.0000000000000000000, 2.999999999999999100, -3.999999999999999100 ) ) ;
#3719 = CARTESIAN_POINT ( 'NONE',  ( 2.571758278209444400E-016, 2.100000000000002300, -8.000000000000000000 ) ) ;
#3720 = CARTESIAN_POINT ( 'NONE',  ( -0.9736010864139231800, -2.350480947161675400, -4.062500000000000000 ) ) ;
#3721 = CARTESIAN_POINT ( 'NONE',  ( 2.350480947161671900, 0.9736010864139200700, -2.687500000000000400 ) ) ;
#3722 = ADVANCED_FACE ( 'NONE', ( #3349 ), #3647, .T. ) ;
#3723 = DIRECTION ( 'NONE',  ( -0.0000000000000000000, 1.224646799147353200E-016, -1.000000000000000000 ) ) ;
#3724 =( BOUNDED_CURVE ( )  B_SPLINE_CURVE ( 2, ( #3495, #2892, #2939, #2908, #601, #1782, #1493, #2073, #3468 ),
 .UNSPECIFIED., .F., .T. ) 
 B_SPLINE_CURVE_WITH_KNOTS ( ( 3, 2, 2, 2, 3 ),
 ( 0.5000000000000000000, 0.5089285714285714000, 0.5178571428571430200, 0.5267857142857144100, 0.5357142857142858100 ),
 .UNSPECIFIED. ) 
 CURVE ( )  GEOMETRIC_REPRESENTATION_ITEM ( )  RATIONAL_B_SPLINE_CURVE ( ( 1.000000000000000000, 0.9238795325112867400, 1.000000000000000000, 0.9238795325112867400, 1.000000000000000000, 0.9238795325112867400, 1.000000000000000000, 0.9238795325112857400, 1.000000000000000900 ) ) 
 REPRESENTATION_ITEM ( '' )  );
#3725 = DIRECTION ( 'NONE',  ( -0.0000000000000000000, 1.224646799147353200E-016, -1.000000000000000000 ) ) ;
#3726 = CARTESIAN_POINT ( 'NONE',  ( 3.054126587736528900, -2.488362501240887700E-015, -8.156250000000003600 ) ) ;
#3727 = CARTESIAN_POINT ( 'NONE',  ( -0.9736010864139231800, 2.350480947161667900, 1.687499999999999800 ) ) ;
#3728 = LINE ( 'NONE', #432, #3465 ) ;
#3729 = LOCAL_TIME ( 13, 42, 39.00000000000000000, #2881 ) ;
#3730 = CARTESIAN_POINT ( 'NONE',  ( 2.350480947161672300, -3.628872438336044300E-015, -3.625000000000000400 ) ) ;
#3731 = CARTESIAN_POINT ( 'NONE',  ( 3.673940397442059900E-016, -2.999999999999999600, -8.000000000000000000 ) ) ;
#3732 = EDGE_CURVE ( 'NONE', #2466, #3542, #1217, .T. ) ;
#3733 = CARTESIAN_POINT ( 'NONE',  ( -3.054126587736528900, -4.384936530461903000E-015, 1.281249999999999300 ) ) ;
#3734 = CARTESIAN_POINT ( 'NONE',  ( -2.577068731140590000, -0.8175225908923698900, -7.402058541632868600 ) ) ;
#3735 = CARTESIAN_POINT ( 'NONE',  ( 1.662041016787797900, 1.662041016787792600, 1.374999999999999600 ) ) ;
#3736 = CARTESIAN_POINT ( 'NONE',  ( -0.9736010864139231800, 2.350480947161669200, -4.437500000000001800 ) ) ;
#3737 = CARTESIAN_POINT ( 'NONE',  ( -3.054126587736528900, -1.265060653844738200, 4.406249999999994700 ) ) ;
#3738 = CARTESIAN_POINT ( 'NONE',  ( 2.121320343559642400, -2.121320343559648200, 3.749999999999996000 ) ) ;
ENDSEC;
END-ISO-10303-21;
